始发城市,目的城市,寄件人id,收件人id,pred_class,pred_label,prob_合理诉求,prob_诉求偏高,prob_超额诉求
146,161,223753,82746,0,合理诉求,0.3470829037425007,0.6518860189494479,0.0010310773080514115
158,126,227346,341476,0,合理诉求,0.9160260284485199,0.08203343155333433,0.001940539998146023
178,179,205393,433022,0,合理诉求,0.9999309017298372,6.33523862354471e-05,5.745883927303348e-06
268,0,187738,42524,0,合理诉求,0.7969826108178343,0.1996093845822897,0.003408004599875952
41,7,208918,287855,2,超额诉求,0.0022231859002077676,0.0036161814688641545,0.9941606326309281
11,197,100136,25071,0,合理诉求,0.9605280859741365,0.03916869041371254,0.0003032236121508466
11,142,26669,352766,0,合理诉求,0.9996821293871204,0.00013506064557710875,0.00018280996730254183
132,146,179679,363810,0,合理诉求,0.9945244379227098,0.002913896561186304,0.002561665516103855
278,43,120500,175480,0,合理诉求,0.9985870352357525,0.0014033175836187877,9.647180628532745e-06
179,54,42738,178317,0,合理诉求,0.9957393547053188,0.004109883398172522,0.0001507618965085666
42,199,36111,361190,0,合理诉求,0.9946134302116407,0.005244493088008782,0.00014207670035032267
13,178,62056,119050,0,合理诉求,0.9944826018503659,0.0054094079794758995,0.00010799017015832827
117,102,198904,33441,0,合理诉求,0.9871282765568392,0.010122668125140705,0.0027490553180200186
183,178,93193,222926,0,合理诉求,0.9922294009561725,0.007756334280753913,1.4264763073433569e-05
132,157,202363,181642,0,合理诉求,0.9987705373282035,0.0012173903838670398,1.2072287929413804e-05
63,249,212301,89358,0,合理诉求,0.9919359470894615,0.005357331227786002,0.002706721682752613
0,29,227346,230886,0,合理诉求,0.8296916134709845,0.16947165362172928,0.0008367329072862419
0,203,72009,300000,1,诉求偏高,0.11915319943661229,0.8578909268231818,0.022955873740205784
220,88,176047,240989,1,诉求偏高,0.029494340844010335,0.9685008751221506,0.0020047840338392295
25,322,15199,53644,0,合理诉求,0.766066998688723,0.21711950724324627,0.016813494068030913
107,134,227346,176240,0,合理诉求,0.9344854150722507,0.05925901203669146,0.006255572891058014
25,2,185652,255918,0,合理诉求,0.9957836494362878,0.004195619921279669,2.0730642432455096e-05
0,178,203501,43640,0,合理诉求,0.8584831811941334,0.14135765832901312,0.0001591604768534115
87,156,110780,302274,0,合理诉求,0.8610239335872778,0.09805134107821656,0.04092472533450571
3,211,131727,314959,0,合理诉求,0.9771064533561652,0.022866441268394187,2.710537544058326e-05
92,1,136069,75881,0,合理诉求,0.8668824412967173,0.13221913819631026,0.0008984205069724672
117,96,54552,369305,0,合理诉求,0.3763750211155827,0.6224238653747242,0.0012011135096932672
199,4,71534,291062,0,合理诉求,0.959600457447748,0.03904765413998134,0.0013518884122705288
201,4,139664,136759,0,合理诉求,0.998529931433602,0.0010740112278741123,0.00039605733852403975
41,222,211831,111037,0,合理诉求,0.7400708281004214,0.18904749335808108,0.07088167854149763
99,211,73727,71560,0,合理诉求,0.9997619911966968,0.00021806951120319118,1.99392921000008e-05
42,194,1599,206008,0,合理诉求,0.9994943376234083,0.00032699145925114834,0.00017867091734061942
179,136,183889,10693,0,合理诉求,0.9980546163350177,0.0018538449786116692,9.15386863706126e-05
2,303,165723,59825,0,合理诉求,0.9943859927587142,0.005584746820213861,2.9260421071998467e-05
268,77,129379,333825,0,合理诉求,0.8988612573037034,0.02189376625523347,0.07924497644106321
100,152,173737,53949,0,合理诉求,0.9998899213809627,1.4404015318283818e-05,9.56746037189445e-05
146,140,227346,303076,0,合理诉求,0.9710918069581358,0.015641916286902178,0.013266276754962
0,0,129203,314497,0,合理诉求,0.9999093150073304,8.898230443692742e-05,1.7026882325428648e-06
83,0,186313,300000,0,合理诉求,0.9585953065279708,0.039401377463023385,0.0020033160090058514
96,3,43864,349829,0,合理诉求,0.9948802008005101,0.004770406149626757,0.00034939304986315634
1,211,23605,206178,0,合理诉求,0.9613607979237032,0.032376663295275686,0.006262538781020886
0,197,119189,205676,0,合理诉求,0.9951563240059151,0.004822441406577873,2.123458750709219e-05
150,100,21772,159649,1,诉求偏高,0.17196161171830804,0.8090930796212831,0.01894530866040886
8,197,212781,99005,0,合理诉求,0.9418136310731282,0.05785480865942094,0.00033156026745082907
9,187,67309,402212,0,合理诉求,0.9894197022280521,0.004091842869112878,0.006488454902834945
181,199,178621,300000,1,诉求偏高,0.0014515188670168769,0.9680033598252727,0.030545121307710282
202,147,15877,270610,0,合理诉求,0.863812736689508,0.07015756030896267,0.06602970300152934
178,33,198058,300000,1,诉求偏高,0.01293564356758006,0.9403377307922715,0.04672662564014866
27,271,183889,17506,0,合理诉求,0.9999571937462994,4.2107075418931905e-05,6.99178281539069e-07
131,1,39550,135354,0,合理诉求,0.9970678014520791,0.00283040623572378,0.00010179231219720406
90,177,150393,323781,0,合理诉求,0.8995722329433177,0.03670332356718223,0.06372444348950008
97,101,194943,136938,0,合理诉求,0.8211354455052836,0.17837683702368992,0.00048771747102641615
2,135,219855,401886,0,合理诉求,0.9992566879920352,0.0006794978552187904,6.381415274599708e-05
193,135,227346,300000,1,诉求偏高,0.006768645398125917,0.8996384087296837,0.09359294587219039
0,132,40885,405087,0,合理诉求,0.9055928315122758,0.07476455092715775,0.019642617560566282
2,13,190337,78256,0,合理诉求,0.9950145037480932,0.004964837608460972,2.065864344568597e-05
146,136,186313,300000,0,合理诉求,0.47039749270000814,0.5293784779259736,0.0002240293740182582
1,13,126297,400509,0,合理诉求,0.8868361431124613,0.1043947700464838,0.008769086841054997
217,155,119015,248717,0,合理诉求,0.9448870061947333,0.008265353951514572,0.04684763985375191
275,134,186317,314925,0,合理诉求,0.9994862023829344,0.000504465270657862,9.332346407852337e-06
268,0,3684,431637,0,合理诉求,0.9996142922130974,0.0003358168030510733,4.9890983851546116e-05
190,145,34728,210689,0,合理诉求,0.9996702897333553,0.00031838344906531064,1.1326817579634308e-05
63,178,16602,122518,0,合理诉求,0.9998864312551821,6.64360502308384e-05,4.713269458721045e-05
99,88,222030,349829,0,合理诉求,0.9986262668177263,0.001326378908539732,4.735427373400213e-05
134,93,20457,395894,0,合理诉求,0.968830587660249,0.026124853214666344,0.005044559125084652
151,135,165214,186803,0,合理诉求,0.9760521964439857,0.023924418468921863,2.3385087092348152e-05
187,268,216912,42513,0,合理诉求,0.9990983819951943,0.0007099945878475064,0.0001916234169582916
193,4,183889,300000,1,诉求偏高,0.06034408579771368,0.9287088372077383,0.010947076994548041
218,268,227346,35067,0,合理诉求,0.9705508714785078,0.01753265014090262,0.011916478380589561
102,222,183889,92154,0,合理诉求,0.4672058997317004,0.20671075638190015,0.3260833438863995
222,99,222275,62247,0,合理诉求,0.8654396656479595,0.014203331674301958,0.12035700267773859
115,232,193886,300000,1,诉求偏高,0.05133304971130728,0.9484907461755732,0.00017620411311942852
63,298,17862,137326,0,合理诉求,0.9949161412499921,0.004158178547567109,0.0009256802024406521
101,291,227346,300000,1,诉求偏高,0.0002495417031252348,0.9992099395954613,0.0005405187014134829
268,137,209602,300000,1,诉求偏高,0.014570680642928147,0.8919639928258823,0.09346532653118945
0,208,149022,319683,0,合理诉求,0.9100510563676475,0.08885167205826149,0.0010972715740909151
25,137,167624,56738,0,合理诉求,0.9953834981018805,0.0014988198560471038,0.003117682042072513
63,210,217103,294128,0,合理诉求,0.9731216192639156,0.024874755933086207,0.002003624802998301
182,72,74967,79589,0,合理诉求,0.9985738971995314,0.0012287944744460986,0.0001973083260224279
166,2,179622,116680,0,合理诉求,0.9920627365028646,0.007735225019250888,0.00020203847788452701
3,197,185429,409831,0,合理诉求,0.9999390602883114,4.627583726241307e-05,1.4663874426290717e-05
14,152,184209,195568,0,合理诉求,0.7923397256783727,0.2076353966053983,2.4877716228901067e-05
2,303,227346,453758,0,合理诉求,0.9174372541961857,0.006407464454144352,0.07615528134966994
89,294,227346,86952,0,合理诉求,0.8957046343995599,0.03402592102244251,0.07026944457799758
222,0,227346,116888,0,合理诉求,0.5179717727169714,0.23252332286927554,0.24950490441375317
2,190,161906,56635,0,合理诉求,0.9217656673722239,0.009771492068035917,0.06846284055974029
2,2,139664,310468,0,合理诉求,0.9982862738807756,0.0015749188728836482,0.000138807246340674
13,43,201787,322725,1,诉求偏高,0.011005866940460672,0.9872492567386815,0.0017448763208577865
1,152,30190,115138,0,合理诉求,0.9927087787627132,0.00725505175907682,3.61694782098689e-05
222,132,203630,187017,0,合理诉求,0.999969117718,2.9597468191816433e-05,1.2848138080640754e-06
211,179,174137,151211,0,合理诉求,0.9940189368462323,0.005831321295830245,0.00014974185793733871
167,178,9569,5238,0,合理诉求,0.9411979672189357,0.05855356316850899,0.000248469612555333
1,88,185816,110222,0,合理诉求,0.9795747577888567,0.014176195917418227,0.006249046293724983
137,14,211843,183830,0,合理诉求,0.9053479013684526,0.09127135401944664,0.003380744612100796
302,102,32511,112637,0,合理诉求,0.6262232879102193,0.24324198498684782,0.13053472710293287
146,268,196625,330292,0,合理诉求,0.9890748275423789,0.006069622592987113,0.004855549864634173
178,160,184183,307397,0,合理诉求,0.9936946411594496,0.006143180251103996,0.00016217858944631637
146,301,193650,352359,0,合理诉求,0.6661604435629132,0.31366198674957,0.020177569687516793
197,132,89297,240680,0,合理诉求,0.9999577456255465,1.3850172504554484e-05,2.8404201948997304e-05
132,106,24367,221211,0,合理诉求,0.7219930835586443,0.27150905915903967,0.006497857282315965
1,178,153282,88351,0,合理诉求,0.8808859557497078,0.11874240324363491,0.000371641006657355
42,303,176599,265217,0,合理诉求,0.943882776865701,0.05533100715401564,0.0007862159802833272
140,140,164863,91702,0,合理诉求,0.9992934987193837,0.0004423605456402475,0.00026414073497612055
207,99,39550,346390,0,合理诉求,0.9710529378867897,0.02165586729006465,0.00729119482314555
38,1,14580,320490,0,合理诉求,0.9972953772989809,0.002344017485255779,0.0003606052157634425
222,268,72839,2414,0,合理诉求,0.7092167642246456,0.16206048840011641,0.12872274737523812
126,274,13855,300000,1,诉求偏高,0.011038488810388991,0.9888773652193323,8.414597027875113e-05
189,105,183889,6522,0,合理诉求,0.9785335388875515,0.020717181604086022,0.0007492795083625621
188,266,127119,283364,0,合理诉求,0.803570819164804,0.19628592911902287,0.00014325171617309278
1,178,219415,244440,0,合理诉求,0.9976277805290595,0.0023582871938641115,1.3932277076223635e-05
172,55,21253,67236,0,合理诉求,0.7390103174345042,0.23321685852293614,0.02777282404255974
8,14,101269,135144,0,合理诉求,0.9873823445949275,0.011261040382015175,0.0013566150230573688
110,90,42787,413577,0,合理诉求,0.7834423511887519,0.0965742512499125,0.11998339756133551
127,187,155959,136236,0,合理诉求,0.9999373072687203,3.137123747861526e-05,3.132149380109299e-05
164,343,64307,300000,1,诉求偏高,0.001958077150605449,0.9957414012012665,0.002300521648128065
13,134,58491,258681,1,诉求偏高,0.17632089475976517,0.8027536253974651,0.020925479842769698
89,190,183889,237564,0,合理诉求,0.9973500678865478,0.002461765413834966,0.00018816669961734878
152,203,227346,300000,1,诉求偏高,0.21638277666788883,0.7829854350368342,0.0006317882952770223
151,185,215795,280537,0,合理诉求,0.8686188087350761,0.1071408466804672,0.024240344584456622
169,268,215974,300000,1,诉求偏高,0.10948106306790621,0.8904820137248282,3.6923207265504475e-05
134,41,227346,118005,0,合理诉求,0.7822857580831488,0.21237314657276,0.005341095344091061
88,7,104858,74427,0,合理诉求,0.8306110402775582,0.05816179296924188,0.11122716675319992
146,0,227346,105645,0,合理诉求,0.8714227832898083,0.048273476192130876,0.08030374051806097
9,132,227346,426409,0,合理诉求,0.5660490593706966,0.4290014442850043,0.004949496344298965
187,101,107660,378312,0,合理诉求,0.4271153131938964,0.33378023899636877,0.23910444780973475
227,239,201489,90173,0,合理诉求,0.419972715223699,0.56915603841135,0.010871246364951022
140,222,62074,426595,0,合理诉求,0.9795511836583961,0.018988822149692906,0.001459994191910967
14,15,143494,225190,0,合理诉求,0.5390074785741821,0.4495205476197361,0.011471973806081767
32,188,190978,115196,0,合理诉求,0.7873884770232213,0.20225400859830228,0.010357514378476304
278,139,178471,384484,0,合理诉求,0.9972508635372115,0.0027187987700394074,3.033769274913322e-05
2,198,153842,266369,0,合理诉求,0.9900602903221843,0.009878649892618985,6.105978519667306e-05
117,164,65103,296331,0,合理诉求,0.9122136085592996,0.062444926799848886,0.02534146464085173
2,89,205742,444804,0,合理诉求,0.9666553875718809,0.03281684966253224,0.0005277627655867511
1,221,27752,301643,0,合理诉求,0.9780293961982516,0.020386761114308236,0.001583842687440219
131,13,109464,417131,0,合理诉求,0.988386347755681,0.011579124553490108,3.452769082871053e-05
302,350,14084,51945,0,合理诉求,0.8342325341538066,0.033036599038602094,0.1327308668075912
253,228,213343,126095,0,合理诉求,0.9995277833430465,0.00045813270361049656,1.4083953343022886e-05
44,0,227346,207929,0,合理诉求,0.39132925991245315,0.3464454092457086,0.2622253308418383
203,190,180154,139550,0,合理诉求,0.999076813376068,0.0005184492495291832,0.0004047373744027321
281,94,227346,152121,0,合理诉求,0.9338900282577687,0.05290186705770365,0.013208104684527721
132,322,227346,366733,0,合理诉求,0.8150762006723514,0.14490066934933793,0.040023129978310534
27,135,17261,153787,0,合理诉求,0.9714553107981773,0.02802947274740058,0.0005152164544222402
2,303,150024,15885,0,合理诉求,0.9898026568843932,0.007983859645538672,0.0022134834700681945
218,340,139664,453554,0,合理诉求,0.9999787412997229,1.4874177079612404e-05,6.3845231975691e-06
27,5,165135,442415,0,合理诉求,0.9997346496567923,0.00013094500357232802,0.00013440533963557095
248,178,42471,300000,0,合理诉求,0.8235245375017483,0.17082979549410776,0.005645667004144019
102,179,184209,158735,0,合理诉求,0.998770754921006,0.0011254962542628832,0.00010374882473117061
134,214,96978,97067,0,合理诉求,0.9597098149880539,0.040105065050952064,0.0001851199609941593
164,55,185652,362390,0,合理诉求,0.9996424877446719,0.0003209735088112236,3.6538746516886144e-05
133,3,183889,220882,0,合理诉求,0.9494854164804125,0.021450704829781855,0.0290638786898057
217,97,187884,196575,0,合理诉求,0.9997551584717623,0.00015872434583248928,8.611718240504959e-05
246,2,227346,74408,0,合理诉求,0.9901536172734128,0.009794204586158005,5.21781404292425e-05
113,102,187888,41045,0,合理诉求,0.6442611233640162,0.03126017624880544,0.3244787003871784
169,157,79911,212438,0,合理诉求,0.996848125493526,0.0031273503509729444,2.452415550112714e-05
137,114,201643,371886,0,合理诉求,0.9827509213037348,0.016951616811417387,0.0002974618848478165
162,63,209602,300000,1,诉求偏高,0.004350550935660756,0.9951673885913187,0.00048206047302064205
136,109,136102,154824,0,合理诉求,0.9998892133521906,0.00010183844386339906,8.948203945984598e-06
88,54,172836,34206,0,合理诉求,0.9992806367742332,0.0006873228071095978,3.2040418657113905e-05
25,179,227346,434096,0,合理诉求,0.9731225775248934,0.026486222824942583,0.0003911996501639669
137,199,120528,423206,0,合理诉求,0.9422510784192191,0.0571065745929442,0.0006423469878368981
197,303,168397,187017,0,合理诉求,0.98226147528419,0.01653694568226546,0.001201579033544399
178,228,198779,300000,2,超额诉求,0.019201991745170312,0.4243388565341657,0.5564591517206641
38,102,59033,434085,0,合理诉求,0.9997663046406481,0.00021901312269208468,1.468223665988996e-05
187,179,191817,242425,0,合理诉求,0.9800266397903762,0.018861513687541822,0.0011118465220819806
63,12,123138,264711,0,合理诉求,0.5238360009896083,0.4555446127480059,0.020619386262385835
240,125,223753,60279,0,合理诉求,0.9512724382147968,0.02758207895362303,0.02114548283158007
242,151,218216,366983,0,合理诉求,0.44627734665912605,0.3003292728368716,0.25339338050400234
88,222,99555,356548,0,合理诉求,0.9842195276724383,0.012732308591548377,0.0030481637360134984
343,140,176461,394860,0,合理诉求,0.9691662574946859,0.01657553000387277,0.01425821250144145
142,253,183889,199939,0,合理诉求,0.7699839613349397,0.22531918642147297,0.004696852243587386
13,179,174633,105276,0,合理诉求,0.9684335219241327,0.006285679013194714,0.025280799062672672
111,90,162743,15969,0,合理诉求,0.9500947257163802,0.04976087293958938,0.00014440134403054177
2,132,184209,104694,0,合理诉求,0.9897881844858413,0.009947004153359992,0.0002648113607987475
9,13,175887,242425,0,合理诉求,0.9992314884784482,0.0004965314769370784,0.0002719800446147638
194,121,178390,67706,0,合理诉求,0.9993676425159908,0.0006256786413041207,6.67884270511278e-06
268,234,87215,382438,0,合理诉求,0.9999822823280838,1.0284308425524275e-05,7.4333634907491085e-06
83,199,205742,300000,1,诉求偏高,0.015597096812278156,0.6455050827010113,0.3388978204867106
73,164,69891,232902,0,合理诉求,0.9999195451112783,7.287727299738749e-05,7.5776157242900384e-06
146,243,193886,377324,0,合理诉求,0.9990277890456785,0.0009698260912961148,2.3848630254802574e-06
12,246,183889,300000,0,合理诉求,0.6705241625597753,0.32795109532546196,0.0015247421147627231
110,89,199261,396336,0,合理诉求,0.9901446626197565,0.009191929772633719,0.0006634076076098073
178,125,227346,15885,0,合理诉求,0.9998970965219802,8.056302334036806e-05,2.2340454679501904e-05
222,142,125764,55043,0,合理诉求,0.9842971037721531,0.01531890490752497,0.0003839913203220741
9,4,227346,300000,2,超额诉求,0.0007157259335383824,0.0562536552492027,0.9430306188172589
132,151,72682,11780,0,合理诉求,0.9276465287786674,0.07227007730517686,8.339391615562588e-05
4,179,218344,231305,0,合理诉求,0.8988674700974363,0.0977613819749376,0.003371147927626039
137,117,129264,226028,0,合理诉求,0.9996572401320876,0.0003087973907304466,3.396247718190796e-05
146,190,195354,405431,0,合理诉求,0.9830657154090328,0.01684350145815719,9.078313281017422e-05
25,277,110996,429934,0,合理诉求,0.9792688772610516,0.016485807575736432,0.004245315163211884
190,118,113175,181465,0,合理诉求,0.9141943336361351,0.08066880355336398,0.00513686281050092
179,292,222926,16532,0,合理诉求,0.9023001307018071,0.0975461040334582,0.0001537652647344677
155,190,213368,118898,0,合理诉求,0.9724992768557402,0.026738468600789593,0.0007622545434702285
192,23,199335,280103,0,合理诉求,0.9867068063479079,0.012733817166077854,0.0005593764860142727
4,43,117093,430285,0,合理诉求,0.9978575849163551,0.0019343560413161924,0.00020805904232862075
102,26,59776,42971,0,合理诉求,0.999868310649478,0.00012475951775392123,6.92983276826953e-06
131,178,208985,141082,0,合理诉求,0.9332878030552736,0.06635767305317342,0.0003545238915528806
100,125,154241,313289,0,合理诉求,0.9999754553993566,1.7312313020954503e-05,7.2322876222811e-06
187,319,104979,448070,0,合理诉求,0.9999382421802739,6.100064689934388e-05,7.571728267011208e-07
217,256,72691,392937,0,合理诉求,0.4931797382029376,0.07424630456586633,0.432573957231196
11,99,215962,270273,0,合理诉求,0.9920606028683229,0.007660003084388912,0.0002793940472882128
41,134,15345,215913,0,合理诉求,0.9992676540614106,0.0006447600349318531,8.758590365746359e-05
140,88,96974,333426,0,合理诉求,0.9999193297183716,6.0659948987670953e-05,2.0010332640872502e-05
99,9,227346,300000,1,诉求偏高,0.007565412776372826,0.9923948887900814,3.969843354579095e-05
109,137,175556,436769,0,合理诉求,0.9951637764222014,0.00482134299784769,1.4880579951016315e-05
91,164,90514,393619,0,合理诉求,0.9881768400721036,0.011513785691583723,0.0003093742363125535
98,151,14084,178270,0,合理诉求,0.9956657055001263,0.003088454100735616,0.0012458403991381184
356,25,203877,343560,0,合理诉求,0.9345510869310248,0.06542156640145406,2.7346667521216557e-05
127,187,202299,45886,0,合理诉求,0.84178810925516,0.15751561430168295,0.0006962764431571069
1,110,45766,187655,0,合理诉求,0.9812969147971886,0.00862653316324409,0.010076552039567307
74,179,83379,243170,0,合理诉求,0.9683028136178081,0.013895549517620908,0.01780163686457107
149,102,67427,263936,0,合理诉求,0.9813330575052064,0.014078059885530368,0.004588882609263422
178,222,227346,63944,0,合理诉求,0.9717731660004516,0.028098000842451693,0.00012883315709661742
145,164,139307,132342,0,合理诉求,0.9747218146976265,0.02349960000477744,0.0017785852975960217
0,43,160143,239050,1,诉求偏高,0.06394388027417662,0.9249285297769622,0.011127589948861205
188,142,199261,364106,2,超额诉求,0.293385006804342,0.017067370358016653,0.6895476228376415
105,55,135382,395079,0,合理诉求,0.9832805455750216,0.008489644589827965,0.008229809835150367
178,106,17862,109577,0,合理诉求,0.9936909342841946,0.005536874710373337,0.0007721910054321815
157,282,143044,177822,0,合理诉求,0.9968095932943178,0.0030278079832611066,0.00016259872242098763
189,101,193650,196575,1,诉求偏高,0.12281902633210925,0.8535627888319721,0.02361818483591852
13,39,1605,427181,0,合理诉求,0.9997950858364224,0.0001766225721294204,2.829159144816512e-05
5,164,183889,61748,0,合理诉求,0.9325977539850719,0.05871669085289529,0.008685555162032748
137,199,227346,453758,1,诉求偏高,0.03185215672503779,0.7015075128560487,0.26664033041891355
1,234,144075,345985,0,合理诉求,0.9972524969703368,0.002717353867191902,3.014916247133676e-05
244,5,209955,295932,0,合理诉求,0.9889839333850504,0.009321877582791498,0.0016941890321580818
1,246,209602,300000,0,合理诉求,0.9563658696628916,0.043579697710474846,5.4432626633557005e-05
309,143,193886,300000,1,诉求偏高,0.012795742584466155,0.9871067724928543,9.748492267963306e-05
179,195,12664,206008,0,合理诉求,0.992359653100187,0.006369101949849386,0.001271244949963529
2,134,191495,52409,2,超额诉求,0.13235469572444652,0.004215526408567156,0.8634297778669864
132,238,15877,274738,0,合理诉求,0.9985100208448132,0.0012807712456237277,0.0002092079095631955
13,100,114529,127708,0,合理诉求,0.9935796834066584,0.005928547003664084,0.0004917695896774713
6,91,183889,281654,0,合理诉求,0.7953148831614265,0.2041065932248996,0.0005785236136737724
211,110,131508,282169,0,合理诉求,0.9249931480439414,0.06603015248702733,0.008976699469031305
99,178,143380,394743,0,合理诉求,0.9904612453121368,0.007947620912223553,0.0015911337756396296
309,64,198058,300000,1,诉求偏高,0.05253632849743462,0.9463012745600569,0.0011623969425086527
33,246,1030,300000,1,诉求偏高,0.0656830546985879,0.9335419796997804,0.0007749656016317554
366,178,214778,377606,0,合理诉求,0.9994476596831238,0.0004973176287131725,5.502268816295483e-05
215,56,198779,187655,0,合理诉求,0.9454398769555408,0.04536214353510468,0.009197979509354769
134,34,116927,315465,0,合理诉求,0.9869550631232106,0.012816637921007611,0.00022829895578171182
110,96,42471,300000,1,诉求偏高,0.00433915209626128,0.6211017198329397,0.37455912807079905
93,109,95374,29315,0,合理诉求,0.9677043831648862,0.008399042875381164,0.0238965739597327
179,113,227346,365689,0,合理诉求,0.9996760334245594,0.00016018680549220642,0.0001637797699483715
230,100,68559,258079,0,合理诉求,0.9973583673408445,0.0026306440514744216,1.098860768113567e-05
64,99,217103,198483,0,合理诉求,0.7006612534214788,0.07050745564281476,0.22883129093570653
179,152,39857,187017,1,诉求偏高,0.24028787512803634,0.744433894035099,0.015278230836864677
0,14,106690,317998,0,合理诉求,0.998234504986692,0.001747036528094708,1.845848521342017e-05
190,182,193989,63896,0,合理诉求,0.9846614972563539,0.015270156789988791,6.834595365747945e-05
275,100,140887,228252,0,合理诉求,0.9998746154237174,9.766840075623775e-05,2.771617552640831e-05
133,137,222277,428286,0,合理诉求,0.805600559524747,0.1875113483021744,0.006888092173078527
63,88,227346,39646,0,合理诉求,0.8686303116592736,0.13129980777039066,6.988057033571046e-05
8,165,89153,195488,0,合理诉求,0.9229623788951591,0.07636614706451332,0.0006714740403274145
115,132,183889,168759,0,合理诉求,0.9831822973075446,0.01484723567257934,0.0019704670198761333
43,312,208679,320285,0,合理诉求,0.9861532276702918,0.011818804903892931,0.0020279674258151218
4,152,69936,320779,0,合理诉求,0.9700230676889944,0.02862529126785469,0.0013516410431510116
178,100,210238,165194,0,合理诉求,0.9997335967706086,0.00023870338725006635,2.769984214138122e-05
1,179,208134,421543,0,合理诉求,0.9999145825527264,6.663103051805619e-05,1.878641675547217e-05
100,25,227346,236968,0,合理诉求,0.9848459262237345,0.014419211312963021,0.0007348624633025902
211,268,227346,191219,0,合理诉求,0.8680344748122367,0.11992144455660285,0.012044080631160586
195,137,110996,174205,0,合理诉求,0.860202750712329,0.10732679581310894,0.03247045347456195
101,100,199261,12225,0,合理诉求,0.9144207223707762,0.08431183152514181,0.0012674461040821303
178,268,5973,228778,0,合理诉求,0.9997015709309502,0.00017806230449704993,0.00012036676455276419
222,179,214638,296558,0,合理诉求,0.9952145660673104,0.0033792883885266373,0.0014061455441629692
25,91,62066,183685,0,合理诉求,0.9761407690412299,0.02379682110581765,6.240985295248984e-05
99,198,196587,162450,0,合理诉求,0.9794294076484159,0.019215139049196306,0.0013554533023877548
287,150,133479,175480,0,合理诉求,0.9901996263680486,0.009408146028118234,0.00039222760383314585
272,158,135632,238202,0,合理诉求,0.9633155396336971,0.032338525483894286,0.004345934882408705
7,271,227346,52910,0,合理诉求,0.8235924825285778,0.16421348326528978,0.012194034206132609
178,29,28588,156149,0,合理诉求,0.9749233388966061,0.021622600928773026,0.0034540601746207164
5,12,22076,11572,0,合理诉求,0.9757332000336469,0.02400871233347359,0.00025808763287942557
25,234,193375,300000,1,诉求偏高,0.022030926478562186,0.971248156403046,0.006720917118391956
181,159,95691,202006,0,合理诉求,0.9999257722443711,6.986851957219111e-05,4.359236056795067e-06
100,200,197461,261188,0,合理诉求,0.9717119121247791,0.02785692401765492,0.0004311638575661145
7,25,14084,152852,0,合理诉求,0.966589080886439,0.03317684996760086,0.00023406914596010479
145,178,78181,67701,0,合理诉求,0.8631105920254848,0.10441584585136138,0.03247356212315374
3,102,227346,291639,0,合理诉求,0.7740449863709664,0.2026734648080606,0.02328154882097312
63,42,227346,360543,0,合理诉求,0.9993453161661722,0.0005647585968848646,8.9925236942746e-05
309,34,223744,300000,1,诉求偏高,0.012567972021701443,0.6152530025826408,0.37217902539565767
125,7,198990,329716,0,合理诉求,0.990649617613596,0.009093790168096952,0.00025659221830715554
117,1,171158,399871,0,合理诉求,0.8321292136855047,0.16571799620650354,0.002152790107991815
178,247,183889,261381,0,合理诉求,0.97773852320329,0.02037868344594417,0.001882793350765837
3,179,94394,65584,0,合理诉求,0.969692225070744,0.027848212878119918,0.0024595620511360925
140,158,227346,181959,0,合理诉求,0.9502411601074063,0.048965589178532484,0.0007932507140612227
110,148,64307,102098,1,诉求偏高,0.25711584304517715,0.7383048774747519,0.004579279480070823
102,0,101690,415161,0,合理诉求,0.9137837760141123,0.08471510157772826,0.001501122408159326
90,222,30767,73158,0,合理诉求,0.9998489646130497,9.248818197696385e-05,5.8547204973315055e-05
45,178,227346,384529,2,超额诉求,0.163255280945997,0.15309927670065762,0.6836454423533453
145,103,56171,118269,0,合理诉求,0.9961551702919186,0.0034392142733055066,0.00040561543477576775
0,144,218512,135173,0,合理诉求,0.9999490169180216,4.7365350040346465e-05,3.617731938028034e-06
103,179,212779,142469,0,合理诉求,0.9728504654081496,0.026148607350085788,0.0010009272417645131
127,203,151568,244428,1,诉求偏高,0.23808343126379147,0.7606224281832015,0.0012941405530070035
185,89,85626,70597,0,合理诉求,0.6880718448319139,0.2753412671216787,0.03658688804640727
151,234,165876,75881,0,合理诉求,0.7816768771654939,0.17502614064472025,0.04329698218978574
179,14,224964,62642,0,合理诉求,0.95552627451712,0.03646954789342396,0.008004177589455942
1,164,213815,76332,0,合理诉求,0.9771037017505295,0.005580491125163653,0.017315807124306744
178,178,122382,284913,0,合理诉求,0.6880010866055007,0.30532179941790505,0.006677113976594194
118,187,162370,124896,0,合理诉求,0.9668913810111318,0.010508832550606178,0.02259978643826209
146,341,227346,132924,0,合理诉求,0.9987398963865086,0.0012498849657932086,1.0218647698064828e-05
1,110,183889,78795,0,合理诉求,0.9538257648627518,0.04566518958072965,0.000509045556518566
194,268,130852,367413,0,合理诉求,0.99024240087839,0.009725742829853402,3.1856291756585127e-05
211,222,227346,170389,0,合理诉求,0.8928423905629888,0.06985876156023525,0.037298847876776106
268,222,222881,300000,0,合理诉求,0.8921335001691169,0.10227333848618252,0.005593161344700723
99,125,200744,217686,0,合理诉求,0.9944411748501629,0.005525922043263998,3.2903106573088814e-05
241,47,67327,362093,0,合理诉求,0.9999082738985962,9.098281714289473e-05,7.43284261067169e-07
190,83,183889,383361,0,合理诉求,0.8706632564749992,0.08312298864941901,0.04621375487558173
209,102,173185,393902,0,合理诉求,0.9996406611043851,0.00027065506154410154,8.868383407076405e-05
4,25,217393,400129,0,合理诉求,0.9945232146257017,0.004404023804658919,0.0010727615696391477
244,253,176599,10693,0,合理诉求,0.9999481536326245,1.4970470789947622e-05,3.6875896585637495e-05
179,130,41438,337130,0,合理诉求,0.9332623760948692,0.06210896462601811,0.004628659279112771
151,0,213471,326453,0,合理诉求,0.6500411814819949,0.1073439570311825,0.24261486148682274
179,41,210224,146014,0,合理诉求,0.9272935164659375,0.07025348392685488,0.0024529996072076873
185,112,57786,243427,0,合理诉求,0.6916630589739345,0.2896758859397471,0.018661055086318365
1,278,41690,252348,0,合理诉求,0.9994115280891746,0.0005507689152953778,3.7702995530111824e-05
146,1,183889,65062,0,合理诉求,0.9760435325966073,0.021912116935302848,0.002044350468089972
64,0,182715,214699,0,合理诉求,0.5985574102114304,0.39419483910765624,0.007247750680913375
2,1,143044,269455,0,合理诉求,0.9810721737355991,0.018861517082858194,6.630918154279815e-05
187,133,213225,130498,0,合理诉求,0.9998288515182939,0.00010878694890374765,6.236153280231492e-05
182,102,162674,432997,0,合理诉求,0.8663306664666502,0.12802430630373193,0.005645027229617872
146,280,165387,58147,1,诉求偏高,0.2802716495806644,0.47629196685387837,0.24343638356545713
13,164,116485,50054,0,合理诉求,0.9993224590546123,0.000593986447977819,8.355449740986886e-05
146,0,175901,407733,0,合理诉求,0.9960164694944058,0.003921443441820034,6.208706377416708e-05
3,222,183889,1552,2,超额诉求,0.09428249887234684,0.1799214703596432,0.7257960307680098
146,198,227346,256961,0,合理诉求,0.5374756761207423,0.06135845959173621,0.40116586428752143
181,178,212392,201314,0,合理诉求,0.9638530244675857,0.03566738896522299,0.0004795865671911684
151,215,227346,231373,0,合理诉求,0.9910848729841287,0.008503704088125077,0.0004114229277463654
4,211,176209,448380,0,合理诉求,0.9627899853991837,0.025474595702599204,0.011735418898217203
43,178,184070,424660,0,合理诉求,0.9815913342275396,0.01815519033517896,0.0002534754372815313
90,132,224001,270764,0,合理诉求,0.9596636862454073,0.040029813678160074,0.0003065000764325882
5,88,227346,300000,0,合理诉求,0.7382227298314075,0.26014309106049477,0.0016341791080976612
117,300,149702,79913,0,合理诉求,0.9965682542266219,0.002888617392549612,0.0005431283808284506
111,121,187219,35500,0,合理诉求,0.8486824654234887,0.15058668696841299,0.0007308476080982961
151,151,54678,348818,0,合理诉求,0.9819902936601818,0.017761881975807938,0.0002478243640102562
217,37,11505,326655,0,合理诉求,0.8590649877477623,0.11767145530587267,0.023263556946365067
202,79,194774,193312,0,合理诉求,0.9999186464885876,8.037692049127097e-05,9.76590921073053e-07
146,8,198058,217089,0,合理诉求,0.9865881368755354,0.004308939498343345,0.009102923626121284
268,0,15877,435959,0,合理诉求,0.915933201139279,0.0819801881563945,0.002086610704326596
179,20,218116,88417,0,合理诉求,0.9995010611248965,0.0004203502388577642,7.858863624596783e-05
134,222,157762,291441,0,合理诉求,0.9514349543875917,0.048109808397654295,0.0004552372147541167
40,190,213678,146495,0,合理诉求,0.9957873859976052,0.002067586879136583,0.0021450271232583205
89,97,214688,127111,0,合理诉求,0.991195825990643,0.008079018808497391,0.0007251552008593667
0,253,103956,196521,0,合理诉求,0.991764163596044,0.00822626084037432,9.575563581764018e-06
142,99,65103,240001,0,合理诉求,0.3872563942356846,0.5970069651039532,0.015736640660362223
0,179,141904,110750,0,合理诉求,0.9977944592646211,0.0015727360456520142,0.0006328046897268573
155,268,227346,173420,0,合理诉求,0.9094028107819744,0.021934248956581442,0.06866294026144425
25,110,198141,415692,0,合理诉求,0.9958278986801224,0.00416542917817809,6.6721416994453324e-06
2,135,227346,299478,0,合理诉求,0.5245319946142019,0.41735232743480366,0.05811567795099443
101,178,135632,449767,0,合理诉求,0.7515356579055055,0.2450201614484919,0.003444180646002549
146,244,227346,394025,0,合理诉求,0.9476511971916635,0.021418264889553507,0.030930537918783037
0,222,162674,80496,0,合理诉求,0.9978580901216598,0.002095349453116498,4.6560425223657224e-05
153,97,220087,158735,0,合理诉求,0.6276960253009727,0.19217211433819756,0.18013186036082982
188,178,124262,67706,0,合理诉求,0.700692591046746,0.2783370973338661,0.0209703116193879
93,83,18422,245424,0,合理诉求,0.9718805516669538,0.027228927275496792,0.0008905210575494157
183,129,207125,85105,0,合理诉求,0.9979671079603749,0.0019333852563332243,9.950678329188248e-05
243,178,41099,403990,0,合理诉求,0.9773152454145512,0.01418096775744417,0.00850378682800446
99,2,175922,189373,0,合理诉求,0.9996950765818149,0.0002880635767200494,1.685984146504057e-05
1,268,224826,36370,0,合理诉求,0.9694134024247436,0.029940013476818256,0.0006465840984382364
140,109,127164,17506,0,合理诉求,0.9999480237949466,4.649770496510235e-05,5.478500088334212e-06
63,222,46301,426693,0,合理诉求,0.9997740500914117,0.00021301152021549737,1.2938388372874671e-05
268,6,114566,171638,0,合理诉求,0.936238052240191,0.05691759111874335,0.006844356641065707
25,53,183889,234631,0,合理诉求,0.96689086608348,0.031150290359213333,0.001958843557306619
165,25,68300,358938,0,合理诉求,0.9708953274355663,0.028236309582773903,0.0008683629816599232
143,181,103615,9346,0,合理诉求,0.9877872617544029,0.01216665410782364,4.608413777331362e-05
190,42,3081,70719,0,合理诉求,0.9982156553145769,0.0016980431151654518,8.630157025780407e-05
25,185,48993,43207,0,合理诉求,0.985709577534488,0.008995420576674571,0.005295001888837592
179,76,38496,300000,1,诉求偏高,0.001109569176901478,0.9810392863757732,0.01785114444732532
13,2,227346,187848,0,合理诉求,0.9977803787739599,0.002138006421424528,8.161480461565416e-05
0,180,32380,189373,0,合理诉求,0.9005081201562065,0.09917825337580526,0.00031362646798818424
185,145,130131,49445,0,合理诉求,0.999825719869343,0.00014501632284388678,2.926380781310262e-05
88,13,205623,413582,0,合理诉求,0.9787356771067218,0.019364033536975283,0.0019002893563029332
190,0,139364,44781,0,合理诉求,0.8497890560305971,0.13446583093937445,0.015745113030028405
163,0,217837,107382,0,合理诉求,0.9999018268516368,9.714993672088524e-05,1.0232116424497102e-06
101,102,81282,325603,0,合理诉求,0.9993368453507308,0.0003507935239450721,0.00031236112532410476
320,187,93121,383954,0,合理诉求,0.9997731021656712,0.00016454414792687458,6.23536864017511e-05
218,99,212632,243427,0,合理诉求,0.9789352911483866,0.020344647388172547,0.000720061463440896
107,6,134361,147967,0,合理诉求,0.9901628797088502,0.009392938272716509,0.0004441820184334395
164,0,15877,399276,0,合理诉求,0.9462436562413061,0.050345663499708315,0.0034106802589857627
121,226,184209,211466,0,合理诉求,0.9971062619817925,0.0021931485762338556,0.0007005894419736146
27,178,227346,300000,1,诉求偏高,0.04651740407185292,0.8354875998383368,0.11799499608981028
187,158,107736,260576,0,合理诉求,0.9965523656377234,0.0031594431822098553,0.00028819118006687935
309,32,71914,177473,0,合理诉求,0.9681615484164146,0.031810559927392866,2.789165619257729e-05
0,39,205604,413191,0,合理诉求,0.6663297909744721,0.328650273164215,0.00501993586131288
88,38,183889,401945,0,合理诉求,0.9772192113740559,0.02037201728632312,0.002408771339621061
252,197,181526,426803,0,合理诉求,0.9751380377000262,0.024585992944939416,0.000275969355034337
185,0,126695,208406,0,合理诉求,0.7380015550363341,0.20184015994603569,0.06015828501763025
134,88,178240,208272,0,合理诉求,0.9814354844767538,0.01850761251672981,5.69030065163586e-05
38,33,227346,300000,1,诉求偏高,0.02990670343119252,0.6816801412513729,0.2884131553174346
1,4,206540,373853,0,合理诉求,0.9915137861874376,0.00832164350193002,0.00016457031063237722
92,2,193615,443934,0,合理诉求,0.8752459657190096,0.124239802944239,0.0005142313367515276
136,158,227346,324279,0,合理诉求,0.5413084363149527,0.45654362432827533,0.0021479393567718796
224,212,105827,326099,0,合理诉求,0.9858630426577968,0.013938603086714466,0.0001983542554886974
126,185,227346,188868,0,合理诉求,0.68010340224756,0.2595472351271263,0.060349362625313735
0,187,36111,46409,0,合理诉求,0.8844130849823445,0.11508190237619176,0.0005050126414638367
187,2,213490,452982,0,合理诉求,0.9999720754235999,2.593120503841291e-05,1.993371361721998e-06
132,197,76397,229278,0,合理诉求,0.8528990340051933,0.14615217164460192,0.0009487943502046326
100,59,97672,263807,0,合理诉求,0.9993278579136963,0.0006153098585387246,5.683222776493793e-05
99,4,94975,133217,0,合理诉求,0.864998733565569,0.12271268632713611,0.012288580107294873
14,1,227346,110622,0,合理诉求,0.9881776854296244,0.011791725460638006,3.058910973746705e-05
277,203,212637,300000,1,诉求偏高,0.0035317566176341236,0.9927028631777012,0.003765380204664878
40,15,188777,320959,0,合理诉求,0.874019369108806,0.12552054877216146,0.0004600821190325177
25,76,227346,300000,1,诉求偏高,0.009387197455803312,0.989862589842623,0.0007502127015738427
217,52,222142,70129,0,合理诉求,0.4855521317923873,0.43088714095990105,0.08356072724771169
42,199,183889,137096,0,合理诉求,0.5044597557084864,0.18439688418820244,0.3111433601033112
2,179,203895,32396,0,合理诉求,0.9977692925002217,0.0021482518496637702,8.245565011444925e-05
281,158,161906,265506,0,合理诉求,0.8929774800657242,0.01663999715256632,0.0903825227817094
268,12,205742,300000,1,诉求偏高,0.0101865790216256,0.5469332207495274,0.4428802002288471
125,93,192198,258079,0,合理诉求,0.9991189401943007,0.0008503122988929542,3.074750680649239e-05
25,0,128593,423206,1,诉求偏高,0.23700784177942658,0.7549665356109702,0.008025622609603184
129,268,183889,300000,1,诉求偏高,0.0022841338650074977,0.99742344144988,0.0002924246851123722
63,153,169356,198723,0,合理诉求,0.9933198185883091,0.006456227579414521,0.00022395383227648622
2,129,53910,429020,0,合理诉求,0.9890043426612534,0.008302236406892408,0.0026934209318541474
25,3,193778,29684,0,合理诉求,0.966943815269632,0.003900899714247615,0.029155285016120278
291,307,201787,300000,1,诉求偏高,0.0005849144004467943,0.9991405789965122,0.00027450660304096584
128,25,139632,212899,0,合理诉求,0.9864148967659965,0.013361712744498695,0.0002233904895048827
3,3,182022,406013,0,合理诉求,0.9439879801444989,0.05509755381344308,0.0009144660420579509
13,179,15877,367998,0,合理诉求,0.9134707552398734,0.08459136514670373,0.0019378796134228344
4,88,204056,209351,0,合理诉求,0.9981615052781966,0.0005665983374304851,0.0012718963843729905
218,11,69117,373033,0,合理诉求,0.9922194636411322,0.002505996856828026,0.005274539502039729
100,103,174691,173939,0,合理诉求,0.9684132310841052,0.020851556822539516,0.010735212093355461
222,0,176433,82841,0,合理诉求,0.965732559590071,0.03128805808069556,0.002979382329233498
297,291,191817,300000,0,合理诉求,0.8935843521610688,0.1060310803450412,0.00038456749388980416
2,344,215795,317862,0,合理诉求,0.9996178626606241,0.0001241689874389759,0.00025796835193687636
142,253,103956,385507,0,合理诉求,0.9849477268109844,0.01477465753447402,0.0002776156545415647
217,15,138144,142469,0,合理诉求,0.9896049859970161,0.01019564637848284,0.0001993676245010335
5,268,71214,406973,0,合理诉求,0.9348021369970908,0.05736712837307646,0.007830734629832721
55,146,191501,217089,0,合理诉求,0.6990739994824822,0.13299643343448028,0.16792956708303758
181,7,216040,246828,0,合理诉求,0.9817003214449664,0.01808200138211242,0.00021767717292112083
96,143,216178,371405,0,合理诉求,0.9420065175970103,0.048033489242361636,0.009959993160628145
100,137,81802,291307,0,合理诉求,0.99998248814456,1.0466646868115612e-05,7.0452085718487064e-06
55,0,102870,300526,0,合理诉求,0.7793014628093642,0.21726069448631927,0.003437842704316538
22,102,191336,15671,0,合理诉求,0.9416614808056072,0.012537709740204576,0.0458008094541884
99,143,182022,18101,0,合理诉求,0.6929929053062359,0.210917129840206,0.09608996485355802
32,154,52532,276092,0,合理诉求,0.9498297800556479,0.04689089648944411,0.003279323454907806
99,109,52939,57048,0,合理诉求,0.9960429924500295,0.0038406557938916995,0.00011635175607890406
64,164,27315,440818,0,合理诉求,0.995867676499861,0.0041033040752499516,2.9019424889138868e-05
230,146,175138,140224,0,合理诉求,0.9359352274547468,0.06231359117439959,0.0017511813708534268
95,64,223752,300000,1,诉求偏高,0.015176371336417051,0.9836716004541858,0.0011520282093972281
3,227,183889,402687,0,合理诉求,0.8632615943179796,0.052146387291290355,0.08459201839073009
117,133,94913,227809,0,合理诉求,0.9982992208010885,0.0016702201916898984,3.055900722148054e-05
12,3,204835,109237,0,合理诉求,0.9991379762317208,0.00019196509307399943,0.0006700586752050525
221,14,187888,450488,0,合理诉求,0.6977774354021503,0.2730912498794935,0.029131314718356095
31,66,170123,404818,0,合理诉求,0.9950901995907405,0.002540405320975717,0.0023693950882837786
0,228,14084,234631,0,合理诉求,0.9895075395498967,0.010474449711695056,1.801073840826101e-05
58,100,164488,363691,0,合理诉求,0.9994552172178732,0.0005439120673836959,8.707147429511732e-07
1,91,211449,300000,1,诉求偏高,0.003265860925316471,0.8814897706836329,0.11524436839105075
187,107,68967,271248,0,合理诉求,0.8294894850228602,0.0774042525188445,0.09310626245829526
127,3,173828,237969,0,合理诉求,0.9986453973931076,0.0011032577710060072,0.00025134483588610927
15,0,77067,428023,0,合理诉求,0.8792122092901151,0.11482368228527262,0.005964108424612196
186,1,183889,220194,0,合理诉求,0.9959420084973367,0.003964348888085009,9.364261457849505e-05
217,117,185443,150857,0,合理诉求,0.9855121539399933,0.011365535216565692,0.003122310843441173
222,39,15877,407880,0,合理诉求,0.9887175204777501,0.010732909535130074,0.000549569987119889
301,137,68454,99771,0,合理诉求,0.9993796742614715,0.00042934276364197933,0.00019098297488669998
32,131,197553,425951,0,合理诉求,0.9964698352157524,0.001239148977019046,0.002291015807228652
366,221,223744,300000,1,诉求偏高,0.03669999917266804,0.9631936962567671,0.0001063045705650067
43,201,174717,153162,0,合理诉求,0.9460573529497919,0.04087797052913569,0.013064676521072538
146,266,26843,1226,0,合理诉求,0.38088548723748117,0.15046995541697286,0.4686445573455461
232,15,227346,300000,1,诉求偏高,0.018781970858592914,0.7818044272708891,0.19941360187051813
365,98,131784,201314,0,合理诉求,0.9801603248788431,0.019754548750149203,8.512637100771194e-05
182,110,217151,59007,0,合理诉求,0.9902161416787016,0.00905894815253977,0.0007249101687585265
6,110,195552,254868,0,合理诉求,0.9955991916104955,0.004347852020468177,5.29563690363889e-05
143,49,48513,448362,0,合理诉求,0.999872654840984,0.0001198391380906147,7.506020925480017e-06
337,99,199261,172379,0,合理诉求,0.7712632902305359,0.12591072771004325,0.10282598205942087
44,299,181154,44591,0,合理诉求,0.9489558699940649,0.03864820531734386,0.012395924688591277
199,88,191495,133616,0,合理诉求,0.9981253430571715,0.0010105756101794383,0.0008640813326488813
222,3,30604,36370,0,合理诉求,0.9654123566916779,0.03454178599552873,4.585731279335824e-05
11,0,179687,4031,0,合理诉求,0.9691768738231018,0.03071126626985371,0.00011185990704441503
2,13,179332,294847,0,合理诉求,0.9999870271439943,1.0945232285892021e-05,2.0276237196141053e-06
264,62,115419,221099,0,合理诉求,0.9443860229500347,0.0412313637377018,0.014382613312263566
88,226,206325,17506,0,合理诉求,0.9893461962548178,0.003428643657684138,0.00722516008749813
1,50,222881,300000,1,诉求偏高,0.13413036534960052,0.8654534417587306,0.0004161928916688313
1,191,190863,412270,0,合理诉求,0.8903479761078406,0.10188300917060757,0.007769014721551815
2,268,176047,12749,1,诉求偏高,0.30497914464470244,0.6916882150217215,0.0033326403335759464
189,15,212074,361253,0,合理诉求,0.943827151856099,0.05593492786870983,0.00023792027519130984
3,11,199232,244906,1,诉求偏高,0.11688338308627494,0.8687093898619386,0.01440722705178635
253,0,155267,175063,0,合理诉求,0.9194421636426644,0.07564182398462137,0.004916012372714295
42,101,193650,331003,0,合理诉求,0.9538225260101356,0.0037793793091972067,0.04239809468066708
55,122,214078,46748,0,合理诉求,0.9979665242098432,0.0018131065795558919,0.00022036921060071573
152,179,191817,300000,1,诉求偏高,0.06919754501186133,0.7725454810663867,0.15825697392175217
217,180,197553,824,0,合理诉求,0.9893559097253456,0.010551414788509393,9.267548614496223e-05
278,98,35731,43793,0,合理诉求,0.9999834726310872,1.2971362732612032e-05,3.556006180074189e-06
1,151,227346,453758,1,诉求偏高,0.016523927297628842,0.9571926276979986,0.026283445004372543
117,34,64463,45911,1,诉求偏高,0.22953510073768488,0.6144108056631238,0.15605409359919123
146,185,211449,352359,1,诉求偏高,0.08097285558163093,0.9178257394823762,0.0012014049359928014
0,190,188771,361334,1,诉求偏高,0.27282399232592824,0.5874056576575384,0.13977035001653337
198,63,166592,381781,0,合理诉求,0.9990443057905953,0.00033912650293234993,0.0006165677064723092
100,100,18422,378371,0,合理诉求,0.9941165220357696,0.00577739379421442,0.00010608417001575875
200,14,2537,415057,0,合理诉求,0.9998327282930684,9.786028264461152e-05,6.94114242869038e-05
282,51,190708,375446,0,合理诉求,0.9688254732688714,0.03023054094459195,0.0009439857865365588
179,3,123364,42718,0,合理诉求,0.7681875420284534,0.2317644570931656,4.800087838094847e-05
151,79,185314,320779,0,合理诉求,0.9998078708393295,0.00018370339014009334,8.425770530267341e-06
48,151,197443,16991,0,合理诉求,0.9999817403752596,1.5539318624865927e-05,2.7203061155421497e-06
196,133,147891,381819,0,合理诉求,0.9405784569583727,0.0593117527143643,0.00010979032726312128
1,76,115369,162954,0,合理诉求,0.9976429684848265,0.0023335245722889927,2.350694288454912e-05
112,249,152710,207026,0,合理诉求,0.9247785460095699,0.0608201740844429,0.014401279905987125
253,146,209070,75764,0,合理诉求,0.9936899409200172,0.00607222639595059,0.0002378326840322331
253,135,89136,311386,0,合理诉求,0.9996022710743971,0.00034630490071151386,5.142402489129345e-05
147,15,141904,274457,0,合理诉求,0.8440971476285996,0.1554787787343025,0.00042407363709807516
13,211,15290,8756,0,合理诉求,0.991167515747009,0.008586934018246244,0.00024555023474462145
18,268,196665,380190,0,合理诉求,0.9947665220999447,0.005067705871071153,0.0001657720289842722
187,137,18279,61801,0,合理诉求,0.9992670952568122,0.0006793804830265075,5.3524260161284684e-05
251,100,144080,68200,0,合理诉求,0.9350112146004528,0.04109120619120473,0.023897579208342574
102,5,211479,127493,0,合理诉求,0.8502369673428217,0.14796043764612468,0.0018025950110535736
218,0,224848,28122,0,合理诉求,0.35613609494326576,0.6429114396548701,0.0009524654018641885
41,178,205604,300000,1,诉求偏高,0.010234996802018214,0.9548928028632919,0.034872200334689914
231,253,183889,211466,0,合理诉求,0.9952783107010265,0.003891423403926389,0.000830265895047276
178,6,227346,103664,0,合理诉求,0.9955935218324381,0.0043688677689147914,3.76103986472065e-05
194,118,63038,343921,0,合理诉求,0.9999816882229622,1.780887363911783e-05,5.029033987044946e-07
244,152,33270,114756,0,合理诉求,0.9997878660408278,0.0001836449160681304,2.8489043104084105e-05
115,100,205525,154824,1,诉求偏高,0.09032572530594044,0.8864071053031437,0.023267169390915676
109,132,176609,241996,0,合理诉求,0.9754580784479114,0.024514990426675938,2.6931125412675047e-05
146,3,13740,53737,0,合理诉求,0.905426077195154,0.08132256424187305,0.013251358562973046
244,43,181672,354660,0,合理诉求,0.8992770618241639,0.09997607168683977,0.0007468664889964103
190,101,114270,165870,0,合理诉求,0.9999257685552495,6.748170438402291e-05,6.749740366412946e-06
0,16,83412,287737,1,诉求偏高,0.3174740053737365,0.47125688368561874,0.2112691109406448
179,42,227346,102098,0,合理诉求,0.9905035746534158,0.009402249101665245,9.417624491902124e-05
146,265,205035,183090,0,合理诉求,0.9926075592024276,0.0071439171100079165,0.0002485236875644131
5,79,192621,165870,0,合理诉求,0.9998271988341763,0.0001655701953832958,7.230970440441908e-06
117,132,183889,211546,0,合理诉求,0.999778477586412,0.0002079155913451474,1.3606822242952178e-05
151,100,224840,300000,0,合理诉求,0.6500905957500792,0.34434532082580005,0.00556408342412072
22,271,26298,240789,0,合理诉求,0.9443993146363752,0.05468756588378756,0.0009131194798372696
132,193,3778,137905,1,诉求偏高,0.1604812773998618,0.7275161730755347,0.11200254952460366
198,222,63940,252374,0,合理诉求,0.9324706921069674,0.006117360974312509,0.06141194691872016
151,178,23605,332906,0,合理诉求,0.9999655065138074,3.0483376597819813e-05,4.010109594822565e-06
13,132,45995,305329,0,合理诉求,0.9359048450378462,0.05341649352369777,0.01067866143845586
207,0,227346,300000,0,合理诉求,0.9746317213738577,0.022853288094813903,0.002514990531328355
43,2,67785,436934,0,合理诉求,0.9527657177144211,0.04666608779465904,0.0005681944909199022
43,235,201311,450906,0,合理诉求,0.9885448378824366,0.009433600122571268,0.0020215619949921514
28,309,64534,241933,0,合理诉求,0.96300082168701,0.03665237850177305,0.00034679981121693164
106,222,181360,6240,0,合理诉求,0.7247618802542721,0.15944882059563162,0.1157892991500964
145,173,183889,393600,0,合理诉求,0.9999613802399082,3.769636068346063e-05,9.233994083020459e-07
2,125,185890,22458,0,合理诉求,0.976849573574302,0.02206116081496782,0.0010892656107301228
179,91,75124,164856,0,合理诉求,0.9710965261329769,0.025674399044838387,0.00322907482218475
3,88,184070,146691,0,合理诉求,0.990290502487323,0.009518587315355933,0.00019091019732098727
220,134,119485,266156,0,合理诉求,0.8021793986140529,0.18701938722207684,0.010801214163870313
127,169,199330,232780,0,合理诉求,0.9067242992197239,0.07529086337749188,0.0179848374027844
1,28,219553,91624,0,合理诉求,0.6938307767440006,0.30552907729722917,0.0006401459587702457
4,134,16304,82422,0,合理诉求,0.4533300049589401,0.5418669654912258,0.00480302954983416
3,222,223753,229373,0,合理诉求,0.924054579234251,0.07497844214269714,0.0009669786230517345
132,100,300000,300000,0,合理诉求,0.5126225525618288,0.4870529938442957,0.00032445359387559735
94,215,205945,439028,0,合理诉求,0.3557786954817747,0.6424320471360226,0.0017892573822026463
207,291,183889,300000,1,诉求偏高,0.0016000262996209917,0.9974680357154952,0.0009319379848838147
4,211,98222,27455,0,合理诉求,0.9974826611310205,0.0004894541949828744,0.0020278846739966235
55,97,180886,134733,0,合理诉求,0.9639921466770955,0.016629682354983855,0.01937817096792068
161,35,227346,278548,0,合理诉求,0.9944702278105383,0.004528159339237419,0.0010016128502244362
151,57,187060,326016,0,合理诉求,0.9794259020635836,0.015248406759597566,0.005325691176818898
232,274,191336,300000,1,诉求偏高,0.023930394977707263,0.9750573952377304,0.0010122097845622633
99,199,185333,334413,0,合理诉求,0.9451720009550478,0.054757349657137466,7.064938781473857e-05
1,97,97270,68688,0,合理诉求,0.9681664163483787,0.03133690629847013,0.0004966773531511803
127,179,21746,230032,0,合理诉求,0.40602236726958274,0.558206664341435,0.03577096838898228
168,177,41387,268424,0,合理诉求,0.958926735253792,0.03932010302520189,0.001753161721006167
222,41,183889,31858,0,合理诉求,0.9710893296892246,0.01734718718142505,0.011563483129350483
55,1,136373,147158,0,合理诉求,0.937311848112043,0.05422534311314531,0.008462808774811701
8,100,100424,325168,0,合理诉求,0.9923207255483784,0.007216754181606468,0.0004625202700151859
3,151,17584,394815,0,合理诉求,0.936882999381927,0.06115975357713979,0.0019572470409331866
189,3,210258,290644,0,合理诉求,0.994300855038201,0.005659728438579917,3.941652321894141e-05
201,154,61257,253312,0,合理诉求,0.9976502664932629,0.0023178856740834293,3.184783265341805e-05
100,222,227346,418289,0,合理诉求,0.9548434644141449,0.044008869785947896,0.0011476657999072379
14,110,201489,438042,0,合理诉求,0.9948203479103178,0.00514742776450004,3.222432518215718e-05
132,179,10093,207548,0,合理诉求,0.9637886030848778,0.035367084811004416,0.0008443121041177269
115,3,224848,27347,0,合理诉求,0.9654372614470335,0.0344719900413569,9.074851160959659e-05
147,215,112771,430285,0,合理诉求,0.9570958553634854,0.04248902736397572,0.0004151172725389061
168,1,156557,279068,0,合理诉求,0.9952251066290069,0.004375535001729267,0.0003993583692639762
19,271,69151,138466,0,合理诉求,0.9670875957634156,0.02993782195812334,0.0029745822784610263
101,110,114186,148488,0,合理诉求,0.9974719086898876,0.002220565827261706,0.00030752548285064744
180,190,160517,399343,0,合理诉求,0.5241408377286001,0.3367049920957326,0.13915417017566728
91,79,202248,73249,0,合理诉求,0.9607387544966971,0.039169614629830034,9.163087347280909e-05
30,158,83871,302344,0,合理诉求,0.9768148159431903,0.004214866708330468,0.01897031734847924
185,343,191336,300000,0,合理诉求,0.9451563281572374,0.05446387387198891,0.00037979797077360047
102,153,210274,140378,0,合理诉求,0.9985594973057835,0.001432464572336474,8.038121880122487e-06
146,43,106371,408019,0,合理诉求,0.9999071813386469,8.33336529827823e-05,9.485008370184294e-06
164,99,958,97774,0,合理诉求,0.9155069069434876,0.0826404614888486,0.0018526315676639519
187,1,176522,380533,0,合理诉求,0.8954620167326138,0.0635203959731217,0.0410175872942645
175,178,120054,133280,0,合理诉求,0.9668639627833041,0.03310595222219359,3.0084994502213418e-05
256,265,197553,71036,0,合理诉求,0.9785425518877066,0.021436321752829533,2.112635946399791e-05
117,151,222763,22896,0,合理诉求,0.7021219951510804,0.2960409085090238,0.001837096339895867
1,329,227346,362093,1,诉求偏高,0.24133182210456813,0.757373504571391,0.001294673324040904
207,106,72009,300000,0,合理诉求,0.9961828164724662,0.0038101244743635044,7.059053170290203e-06
142,238,210232,234667,0,合理诉求,0.7494603322670645,0.24974170993818856,0.0007979577947469973
242,99,66685,8331,0,合理诉求,0.9982839417704958,0.0014785118497553115,0.00023754637974892365
145,189,142831,11353,0,合理诉求,0.9862790102442283,0.01105208937406401,0.0026689003817078733
146,1,199261,300000,1,诉求偏高,0.07781899204816063,0.7004783253183832,0.22170268263345616
13,203,23677,284173,0,合理诉求,0.9266908111667159,0.05106199230238302,0.022247196530901066
186,57,175660,249642,0,合理诉求,0.996282735636376,0.000669549029222961,0.003047715334401108
211,137,206750,149966,0,合理诉求,0.8779826821539889,0.05662728299666086,0.06539003484935023
99,319,193886,300000,1,诉求偏高,0.06527468761256956,0.934457528341932,0.00026778404549838053
211,3,1030,208538,0,合理诉求,0.6315233968017347,0.16450273280123148,0.2039738703970337
193,319,183035,300000,0,合理诉求,0.9883349893402563,0.011637354153965445,2.7656505778212065e-05
134,190,32229,337722,0,合理诉求,0.996148983310278,0.0028337928270025605,0.0010172238627196024
253,93,214668,299367,0,合理诉求,0.9635209618787518,0.03633967602010673,0.00013936210114156282
218,34,183889,300000,1,诉求偏高,0.19127540494381526,0.8019332830123166,0.00679131204386831
102,136,209602,300000,1,诉求偏高,0.004837787783916009,0.7974396480906492,0.19772256412543476
151,110,204915,250443,0,合理诉求,0.9903657575296114,0.0093270775735112,0.00030716489687735544
0,63,49830,298971,0,合理诉求,0.9505469072874121,0.04937982614242698,7.326657016085837e-05
190,97,54552,192975,0,合理诉求,0.99943155474273,0.0005351048514044593,3.3340405865618216e-05
169,199,211449,300000,1,诉求偏高,0.3111620268388564,0.6885477813246152,0.00029019183652839216
142,0,176820,358198,0,合理诉求,0.7831487001499984,0.21472967215100858,0.0021216276989931035
318,1,122304,1844,0,合理诉求,0.9993169989043718,0.0005049015076652505,0.0001780995879629106
305,20,183889,138645,0,合理诉求,0.9687969240967688,0.028435072092871157,0.0027680038103600943
207,178,215974,300000,1,诉求偏高,0.040474770841450666,0.9229600159229822,0.03656521323556725
88,178,227346,120546,0,合理诉求,0.9988884246584676,0.0009907311187029003,0.00012084422282968114
143,25,208059,218897,0,合理诉求,0.9938855961208513,0.005802032939492958,0.0003123709396557653
110,222,13085,130810,0,合理诉求,0.9999120766293007,8.514436048669401e-05,2.7790102126347184e-06
146,134,173857,120976,0,合理诉求,0.47723256221614335,0.5205380768971072,0.0022293608867495775
179,136,181711,65584,0,合理诉求,0.9651362990017311,0.034493418728342246,0.00037028226992655603
146,178,223744,203595,0,合理诉求,0.9916953812181477,0.00807459176302233,0.00023002701882992636
14,23,197856,47928,0,合理诉求,0.995278947807431,0.0045627591520705345,0.00015829304049860913
151,14,199576,28587,0,合理诉求,0.9894959202279032,0.01033982527283229,0.0001642544992643457
1,25,216702,357011,0,合理诉求,0.9838363943799673,0.015045950805439143,0.001117654814593599
101,199,15877,30661,0,合理诉求,0.9997530110789651,0.00024298935521101784,3.999565823922431e-06
146,152,183889,300000,1,诉求偏高,0.10471909870058375,0.8947839760850675,0.0004969252143486493
155,3,15877,419445,0,合理诉求,0.9999388423624446,5.9133186241303e-05,2.0244513142089635e-06
125,0,15877,355607,0,合理诉求,0.6791785007217235,0.3202643593429878,0.0005571399352888156
187,133,220883,343424,0,合理诉求,0.9856180137596918,0.013863403301272713,0.0005185829390354902
15,215,135223,358703,0,合理诉求,0.9972452303922748,0.002721042771823832,3.3726835901393183e-05
218,99,162743,384484,0,合理诉求,0.9593898594010022,0.03430756964279299,0.006302570956204802
151,132,72009,421262,0,合理诉求,0.9144787700220135,0.06655943116245087,0.01896179881553564
78,88,166513,336568,0,合理诉求,0.9852134546840293,0.014698830131432047,8.771518453855108e-05
137,5,87215,323756,0,合理诉求,0.9309099238139729,0.06837992994103327,0.0007101462449938327
146,178,215140,86952,0,合理诉求,0.4981214059002256,0.496384218784943,0.005494375314831574
98,107,15877,331721,0,合理诉求,0.9549079487125879,0.039705118024953384,0.0053869332624587015
14,102,179508,318886,0,合理诉求,0.9979566477540175,0.0009265784828775237,0.001116773763105085
220,120,196994,156068,0,合理诉求,0.9847634434996656,0.014860468772372983,0.0003760877279615145
107,132,118759,27534,0,合理诉求,0.8933623002466253,0.011005040303325567,0.09563265945004924
88,282,62085,403864,0,合理诉求,0.9981635840628922,0.0012909753366401508,0.0005454406004676623
55,268,92749,4373,0,合理诉求,0.35699021554060056,0.6380447596234514,0.004965024835948005
222,137,129800,182765,0,合理诉求,0.8956464591168546,0.09686859928762447,0.007484941595521052
145,243,227346,415859,0,合理诉求,0.9948958911330834,0.004666294444258841,0.0004378144226576958
246,214,210232,129408,0,合理诉求,0.9373316281964728,0.06107302836612974,0.0015953434373975194
246,193,191866,79828,0,合理诉求,0.9985777151415219,0.0009133517261271614,0.0005089331323507453
12,34,227346,212933,0,合理诉求,0.9782296473129246,0.01746354016300846,0.004306812524066724
110,63,227346,90025,0,合理诉求,0.6811629043804915,0.1954208564783768,0.1234162391411317
151,1,165214,402212,0,合理诉求,0.5457623325557179,0.45324607780567355,0.0009915896386085501
25,3,74967,257563,0,合理诉求,0.9854467870146113,0.014377931609484338,0.00017528137590431045
261,37,221060,274426,0,合理诉求,0.9855087763138802,0.014409879012780255,8.134467333953272e-05
2,178,33197,41229,0,合理诉求,0.9731970137501962,0.025425592926038177,0.0013773933237655506
210,343,227346,102098,1,诉求偏高,0.2448314435667305,0.7550767653170637,9.179111620566357e-05
2,137,175660,38904,0,合理诉求,0.9883002058113877,0.010789598333640222,0.0009101958549721382
38,0,227346,300000,1,诉求偏高,0.025946996629971776,0.9556547014513677,0.01839830191866051
93,178,183889,191208,0,合理诉求,0.6562090577153841,0.30937497685666754,0.03441596542794832
64,152,212182,211546,0,合理诉求,0.9950470057762543,0.00485089433292469,0.00010209989082118688
42,127,219467,393473,0,合理诉求,0.971095843671878,0.028104465008646877,0.0007996913194753398
6,276,227346,141926,0,合理诉求,0.9037194207634627,0.09470107988839066,0.0015794993481465765
102,190,185696,301946,0,合理诉求,0.7473609847876305,0.24774525228834132,0.004893762924028192
48,151,73319,108526,0,合理诉求,0.9458742862608744,0.051906941821398135,0.0022187719177274067
42,136,104302,151924,0,合理诉求,0.9988339610669917,0.001156208981059745,9.829951948480078e-06
49,146,49139,406423,0,合理诉求,0.999487430771564,0.0004999759709321069,1.2593257503903855e-05
194,11,127520,306491,0,合理诉求,0.9999477002271288,5.014277790302203e-05,2.1569949682860924e-06
187,133,183889,202819,0,合理诉求,0.9990289056872598,0.0007415616870251112,0.00022953262571516556
132,181,184209,300000,1,诉求偏高,0.027247036537190503,0.9399841947571114,0.032768768705698045
43,98,203720,438250,0,合理诉求,0.9964398942342768,0.003145367280040597,0.0004147384856825509
241,94,88308,18342,0,合理诉求,0.9977793658400216,0.002191939388223971,2.8694771754548495e-05
1,298,95055,183010,0,合理诉求,0.9932690974435924,0.005799739515804431,0.0009311630406032398
270,137,179544,96962,0,合理诉求,0.9952223366082026,0.004761463995282225,1.6199396515229215e-05
137,125,20262,391645,0,合理诉求,0.9731574535386154,0.02665434835657265,0.00018819810481193164
100,140,2473,128007,0,合理诉求,0.9885330275217628,0.011026120351522685,0.0004408521267145931
4,187,12749,309354,0,合理诉求,0.9299744417299126,0.06827265935253464,0.0017528989175526063
244,62,183889,230032,2,超额诉求,0.05162407389929096,0.023068880935328363,0.9253070451653806
193,66,186033,213998,0,合理诉求,0.756879224096754,0.18684603144238474,0.05627474446086125
132,1,186970,217304,0,合理诉求,0.7716168021292805,0.22636287522235776,0.0020203226483616306
8,291,185443,404076,0,合理诉求,0.9981402771947995,0.001616571317888413,0.00024315148731193618
34,93,41311,63944,0,合理诉求,0.3975340460898987,0.05116645484441845,0.551299499065683
3,168,177345,188868,0,合理诉求,0.6844230021057025,0.31417796148823496,0.0013990364060624892
151,0,73524,267236,0,合理诉求,0.9998526696739124,0.00013887420427256705,8.456121815050546e-06
18,20,1030,444864,0,合理诉求,0.9903793306675515,0.006284106567511177,0.0033365627649375143
129,88,183889,277907,0,合理诉求,0.9999558911887144,4.187706419960441e-05,2.2317470858084385e-06
13,11,79758,275316,0,合理诉求,0.9925244666849035,0.00671044611272164,0.0007650872023750235
0,198,21570,79286,0,合理诉求,0.8241464380974086,0.1756903980483689,0.00016316385422249612
43,243,127081,429955,0,合理诉求,0.9917502389270278,0.008211146504306835,3.861456866516063e-05
102,179,18598,114629,0,合理诉求,0.9950038690624479,0.004546723046116137,0.0004494078914359032
106,29,155682,217285,0,合理诉求,0.9942511672305964,0.0030787331677008356,0.0026700996017027193
132,1,161969,420562,0,合理诉求,0.8634173357465939,0.1354678699999205,0.0011147942534855252
13,199,227346,324546,0,合理诉求,0.9310270304033321,0.03251147963387877,0.03646148996278922
268,25,159104,240788,0,合理诉求,0.9992783027390598,0.0006350444112790663,8.665284966108098e-05
229,222,183889,89886,0,合理诉求,0.9898125543020502,0.009921791121825568,0.0002656545761241491
132,272,30445,420839,0,合理诉求,0.9631310031914802,0.032939219379733944,0.003929777428785744
102,92,112771,275717,0,合理诉求,0.4075090200033889,0.5036274599848951,0.08886352001171596
39,222,175660,355892,0,合理诉求,0.9996264507184804,8.066710642496e-05,0.00029288217509464284
140,319,14084,213803,0,合理诉求,0.9990316511414895,0.0009594137337600206,8.935124750477648e-06
0,152,64307,417260,0,合理诉求,0.9640122513369835,0.01713497617398168,0.018852772489034712
128,40,217998,331750,0,合理诉求,0.961510065867443,0.03213767268197898,0.006352261450578073
0,108,156557,377099,0,合理诉求,0.8207996183946481,0.17743799798941115,0.0017623836159406342
18,1,227346,368618,0,合理诉求,0.6649306185151467,0.32155249981387557,0.013516881670977794
27,31,193259,22896,1,诉求偏高,0.1970693887424289,0.8020242339830579,0.0009063772745132412
145,128,27944,258255,0,合理诉求,0.41437078032201596,0.013756709328653076,0.571872510349331
240,190,13177,298355,0,合理诉求,0.9807231821974296,0.016650950283016323,0.002625867519554134
226,1,222108,439310,0,合理诉求,0.8974787512995638,0.007138231302606518,0.0953830173978297
127,222,28448,384939,0,合理诉求,0.9637819584768621,0.02819120774998762,0.008026833773150293
0,132,183000,229782,1,诉求偏高,0.2917904376424248,0.7038589582585039,0.0043506040990712504
198,1,212637,410087,0,合理诉求,0.8814752938058812,0.029544730497325426,0.0889799756967935
216,1,189755,51358,0,合理诉求,0.9935109013692184,0.006472321183958217,1.6777446823375336e-05
7,187,178273,55502,0,合理诉求,0.5857600092977984,0.4097048228389378,0.004535167863263922
187,178,206847,249642,0,合理诉求,0.9927671427483539,0.007002119492119208,0.0002307377595268813
27,178,173828,200781,0,合理诉求,0.9532732996654464,0.04519515521703485,0.0015315451175186676
190,215,189879,42914,0,合理诉求,0.9935108275878097,0.0061973721468841884,0.00029180026530616955
150,178,183889,81395,0,合理诉求,0.9132329424024416,0.08452976728200354,0.0022372903155549956
102,71,209602,300000,1,诉求偏高,0.004868475258773103,0.9951180279747808,1.3496766445957762e-05
1,178,15877,290168,0,合理诉求,0.9990048217327935,0.000796566864565133,0.00019861140264154328
176,88,15441,417330,0,合理诉求,0.9952564710971896,0.004428074172171406,0.0003154547306388996
178,199,52192,119457,0,合理诉求,0.9861443921102014,0.010966594102266997,0.0028890137875314135
56,13,195046,190415,0,合理诉求,0.9906201511765815,0.004910186566170865,0.004469662257247614
25,178,74603,96962,0,合理诉求,0.9944713190390966,0.005301338808470386,0.00022734215243298047
140,146,167810,19326,0,合理诉求,0.990473350389158,0.009260902473036077,0.00026574713780601295
0,66,202318,252229,0,合理诉求,0.9999915392035555,7.226347511662461e-06,1.2344489329567005e-06
99,4,91022,426721,0,合理诉求,0.9720735901335643,0.015571160197198876,0.012355249669236812
100,143,224841,300000,1,诉求偏高,0.3288433878344195,0.6707244655191894,0.000432146646391213
2,89,29531,151293,0,合理诉求,0.9862831601784403,0.013301923677298017,0.00041491614426171914
164,177,202248,15546,0,合理诉求,0.9793466675017555,0.020633003593214475,2.0328905029984612e-05
179,211,194432,165040,0,合理诉求,0.6585903279299365,0.30622570328956533,0.03518396878049807
25,187,180466,10596,0,合理诉求,0.9971596544503141,0.0027547677339514643,8.557781573468493e-05
110,14,199151,340781,0,合理诉求,0.9636982871993012,0.009999897163582277,0.026301815637116626
256,222,227346,174238,0,合理诉求,0.8327827188910124,0.15515387686919474,0.012063404239792835
118,157,122672,40006,0,合理诉求,0.9998722819134134,0.000127303572165822,4.14514420986629e-07
247,55,227346,446463,0,合理诉求,0.9401163742078681,0.05955401067553855,0.0003296151165932331
151,226,14084,26955,0,合理诉求,0.9946052784242421,0.005325814812724686,6.890676303338014e-05
289,188,1707,112078,0,合理诉求,0.9884202426537557,0.004966722887604885,0.006613034458639445
146,134,11460,354350,0,合理诉求,0.9179923170262592,0.0636915289750795,0.018316153998661367
98,106,227346,240597,0,合理诉求,0.3476524032010801,0.18149885351208048,0.47084874328683934
15,179,183288,95012,0,合理诉求,0.9454197462712107,0.05436183494094511,0.00021841878784410856
142,0,68559,9405,0,合理诉求,0.9992867804875651,0.0006823213822481919,3.089813018662004e-05
138,179,15877,103580,0,合理诉求,0.9924678983860625,0.00716679463683771,0.0003653069770997013
13,15,163818,29139,0,合理诉求,0.9874990007407166,0.012495266209790206,5.7330494931452745e-06
179,178,183889,93038,0,合理诉求,0.9413896870709205,0.04923137811251656,0.009378934816562946
153,156,201286,284288,0,合理诉求,0.994674616555949,0.005138134540604232,0.00018724890344667573
89,133,175922,309017,0,合理诉求,0.9876990682955199,0.011906527890045827,0.00039440381443423553
190,208,181862,69775,0,合理诉求,0.8304223299734356,0.1658913242750458,0.0036863457515187176
98,106,227346,233052,0,合理诉求,0.9977810601536301,0.002194203322462989,2.4736523906903346e-05
127,137,183889,335740,0,合理诉求,0.895554522804506,0.06482554677583234,0.03961993041966166
100,187,189265,144524,0,合理诉求,0.9968131507477789,0.0031498348468554085,3.701440536576402e-05
88,134,197847,237130,0,合理诉求,0.9984833069095359,0.0011418092582451066,0.00037488383221900867
99,6,227346,79712,0,合理诉求,0.9821582266502484,0.017398402258994347,0.0004433710907572799
243,192,167624,413839,0,合理诉求,0.38744186811150283,0.5024265520543144,0.1101315798341827
109,179,170404,54156,0,合理诉求,0.926067916095603,0.07377591511773099,0.00015616878666597242
178,117,198779,409989,0,合理诉求,0.9999711428756588,2.4713095034567376e-05,4.1440293068187554e-06
76,152,148310,277559,0,合理诉求,0.997923736563296,0.0019833729458308413,9.289049087308046e-05
40,179,60499,341476,0,合理诉求,0.997432932503195,0.0025602146570994867,6.852839705512466e-06
76,162,76055,138645,0,合理诉求,0.9626320204440201,0.0372980696507371,6.990990524298922e-05
190,178,224505,212438,1,诉求偏高,0.06649014286897398,0.8802119467633965,0.053297910367629535
179,217,168479,58796,0,合理诉求,0.8850120483723283,0.11474769978770619,0.000240251839965479
222,25,205454,184945,1,诉求偏高,0.05290920185560043,0.7832597376985586,0.1638310604458409
0,4,14084,354660,0,合理诉求,0.9956299457687764,0.0043129149917294895,5.7139239494055775e-05
222,68,180466,104402,0,合理诉求,0.9946634143809256,0.005205755485949288,0.00013083013312518052
147,63,226705,361334,0,合理诉求,0.9705381851372088,0.029358280272442444,0.00010353459034870631
63,3,181294,418318,0,合理诉求,0.9995878895080733,0.000399675638271416,1.2434853655348495e-05
89,98,227346,88491,0,合理诉求,0.9830745995742634,0.016412364703781768,0.0005130357219550005
142,139,179890,246394,0,合理诉求,0.9998243173313028,0.0001512421698548195,2.4440498842223784e-05
222,246,200236,52945,0,合理诉求,0.8746657941653503,0.12105714134952056,0.004277064485129128
133,367,226433,4373,0,合理诉求,0.9891373813948089,0.010513666543635312,0.0003489520615557852
88,304,227346,356904,0,合理诉求,0.9922687455965793,0.006108540325960211,0.0016227140774607374
1,99,227346,300000,0,合理诉求,0.8596257079264513,0.14021773812993188,0.00015655394361660787
2,115,204201,365049,0,合理诉求,0.9997446749306956,0.00024762463816530093,7.700431139036587e-06
132,63,143044,194311,0,合理诉求,0.8054218155677525,0.1917677747582248,0.002810409674022765
88,1,216665,146116,0,合理诉求,0.9749840970877417,0.024291149614732492,0.0007247532975258584
179,39,179333,383476,0,合理诉求,0.9936939697810231,0.006215568975050238,9.04612439266046e-05
197,42,86870,196076,0,合理诉求,0.9897714493419826,0.009518668256058526,0.0007098824019588357
180,103,9849,377606,0,合理诉求,0.9351170383750975,0.05491007663689503,0.009972884988007412
1,170,17584,183590,0,合理诉求,0.9970102852069467,0.00290829358310765,8.142120994576306e-05
42,100,189879,238518,0,合理诉求,0.604515017927958,0.11937255718787827,0.2761124248841636
38,211,180721,264424,0,合理诉求,0.9437302286721745,0.04334707637834971,0.012922694949475982
8,325,102572,304586,0,合理诉求,0.9991959435089387,0.00030647480944384154,0.0004975816816173639
318,134,42871,22813,0,合理诉求,0.9801295592013576,0.01919777013814494,0.000672670660497392
127,38,154703,432912,0,合理诉求,0.9994502494869005,0.0005329914050259302,1.6759108073555256e-05
157,77,75335,394220,0,合理诉求,0.9303284514594388,0.06930115323759463,0.00037039530296648933
99,227,227346,132970,0,合理诉求,0.9779506837119994,0.02046487208858082,0.0015844441994197459
179,199,177755,217423,0,合理诉求,0.9532227152684426,0.04674275605502339,3.452867653389489e-05
25,133,148142,107430,0,合理诉求,0.9852292562127866,0.009229336397772146,0.00554140738944146
211,190,99838,422190,0,合理诉求,0.9686871532065258,0.008217854899183263,0.023094991894290994
140,143,183288,355048,0,合理诉求,0.9869237596712006,0.012394584156208819,0.0006816561725905707
145,178,151470,186764,0,合理诉求,0.6065102483879966,0.39063344483880164,0.002856306773201763
127,253,220620,55022,0,合理诉求,0.8146569373452858,0.1829470718225422,0.00239599083217195
268,322,190076,358938,0,合理诉求,0.9779570198525283,0.0024418344953781057,0.019601145652093702
99,143,300000,300000,1,诉求偏高,0.14223762697908152,0.857389013129967,0.00037335989095154114
15,322,227346,427931,0,合理诉求,0.9918898175806288,0.0036561679732326287,0.004454014446138729
55,192,73757,47928,0,合理诉求,0.5798387936691769,0.41260438095570035,0.007556825375122924
55,6,205619,414920,0,合理诉求,0.977259261817718,0.022432466843067926,0.0003082713392138356
222,211,50655,378490,0,合理诉求,0.9974025171154333,0.0014356990552096154,0.0011617838293570184
132,206,190672,46409,0,合理诉求,0.9471426855744715,0.05100680210721926,0.0018505123183093408
40,179,224826,92326,0,合理诉求,0.7955375190506421,0.18192935050110184,0.022533130448256132
100,134,163659,236968,0,合理诉求,0.993238860382059,0.005674666737104341,0.0010864728808365747
11,181,13177,116680,0,合理诉求,0.5907632197298041,0.011703827840308476,0.3975329524298874
222,55,227346,10727,0,合理诉求,0.9904834403296967,0.009468470567144165,4.808910315918141e-05
143,178,205604,190899,0,合理诉求,0.44993485853529397,0.5397790816879675,0.010286059776738491
100,85,212542,173939,0,合理诉求,0.9995898954422007,0.00038348112807930315,2.6623429720069738e-05
199,179,158779,207286,0,合理诉求,0.9758541606216831,0.019714360123520788,0.004431479254796145
6,1,215322,330150,0,合理诉求,0.8228289771919779,0.17689495798138363,0.0002760648266384717
92,253,177755,327073,0,合理诉求,0.9977448686637841,0.0022431589668471274,1.1972369368756469e-05
198,104,163747,409392,0,合理诉求,0.4973465116009868,0.4997029497613364,0.002950538637676817
37,132,80010,353235,0,合理诉求,0.986991384812179,0.010405778831408922,0.002602836356412073
2,31,61257,95816,0,合理诉求,0.6704096147567096,0.07088648109076466,0.25870390415252575
48,102,217386,118308,0,合理诉求,0.9998651151666569,0.00013063052248274336,4.254310860463109e-06
180,115,211479,100836,0,合理诉求,0.8656292847360806,0.1312258023446546,0.0031449129192648744
197,7,185442,42360,0,合理诉求,0.9893478090571308,0.008560216426770214,0.0020919745160989456
146,197,123405,425548,0,合理诉求,0.9877591432517386,0.011472211185137676,0.0007686455631236212
34,0,156557,223696,0,合理诉求,0.9860754918063461,0.013838615067304412,8.589312634947111e-05
63,141,227346,353235,0,合理诉求,0.9919887489415325,0.007976412119629454,3.483893883803049e-05
76,4,227346,300000,1,诉求偏高,0.007507578910511031,0.9590983600338029,0.03339406105568632
215,194,84300,219474,0,合理诉求,0.6411715837748062,0.26667585205153943,0.09215256417365436
183,165,198779,148712,0,合理诉求,0.5634700019066148,0.4071439214919844,0.029386076601400864
268,1,90668,428688,0,合理诉求,0.8610287987358866,0.13855542095849413,0.0004157803056192642
222,106,156694,95039,0,合理诉求,0.8866068377372165,0.11181252826589959,0.0015806339968839117
136,205,39033,325217,0,合理诉求,0.9998407784163414,0.00015486398279484015,4.3576008636823815e-06
2,164,66188,190870,0,合理诉求,0.9911522582712903,0.003673591617663345,0.00517415011104645
9,148,224840,322725,1,诉求偏高,0.19400714027904872,0.7349768883742391,0.0710159713467121
38,13,14084,286623,0,合理诉求,0.6562985694810951,0.34274437634754085,0.0009570541713640774
157,6,217393,281829,0,合理诉求,0.9971419844551861,0.0028349539296648025,2.3061615148920468e-05
264,222,52414,400320,0,合理诉求,0.9592993113670097,0.03205934496539889,0.00864134366759139
27,112,150175,151546,0,合理诉求,0.9140188413753304,0.059968692989301686,0.02601246563536794
11,268,183288,253312,0,合理诉求,0.8649740430886862,0.13478354233405596,0.00024241457725785045
187,102,94913,147262,0,合理诉求,0.9994844274131354,0.000273372699426753,0.00024219988743779853
222,268,87140,450636,0,合理诉求,0.9975747349134185,0.0018080104867103737,0.0006172545998712482
0,92,171488,14158,0,合理诉求,0.9329182141454635,0.02728404010093709,0.0397977457535994
278,102,197553,418334,0,合理诉求,0.9867528565648432,0.013216253246831235,3.089018832537289e-05
76,185,143054,317372,0,合理诉求,0.9999187662884367,7.36939591953147e-05,7.5397523680839395e-06
0,24,97572,293547,0,合理诉求,0.9976856329811878,0.0018555119423293777,0.0004588550764825998
42,292,227346,300000,1,诉求偏高,0.1068813406401786,0.8930830826746361,3.5576685185315305e-05
220,4,183889,300000,1,诉求偏高,0.040049477330782166,0.9222113287629352,0.03773919390628258
100,127,180105,74408,0,合理诉求,0.9998713317609282,0.00011912050264706645,9.547736424648339e-06
132,206,223446,434964,0,合理诉求,0.9635670662466732,0.03594879886817353,0.00048413488515321667
12,63,216627,242950,0,合理诉求,0.9981093239746869,0.0011670628586860326,0.0007236131666269543
113,102,111620,218322,0,合理诉求,0.9994080114752028,0.0001281660810490227,0.00046382244374828656
99,100,13059,165040,0,合理诉求,0.9970767599706771,0.0029058389054646703,1.740112385814399e-05
4,96,225809,340123,0,合理诉求,0.6516792663987805,0.34472586010223216,0.00359487349898716
25,132,188829,352359,0,合理诉求,0.9874075758491686,0.012234470985016717,0.00035795316581468424
199,222,102466,12038,0,合理诉求,0.9297628482910519,0.051390120858740604,0.018847030850207464
89,268,224840,158802,0,合理诉求,0.9156370788257449,0.0776094980966458,0.006753423077609508
25,100,140303,12784,0,合理诉求,0.4202687674440136,0.19515449773305402,0.38457673482293253
268,140,32185,82481,0,合理诉求,0.9983251272221894,0.0015260069078684834,0.00014886586994220194
63,178,134584,211303,0,合理诉求,0.9875689625886905,0.012351669728640897,7.936768266856872e-05
55,132,44614,417020,0,合理诉求,0.996144530680063,0.003795593978071263,5.987534186564215e-05
137,115,148310,9644,0,合理诉求,0.9899837939064178,0.009163361782054395,0.0008528443115279155
179,15,136697,68422,0,合理诉求,0.9998661190670264,0.00012482059626360434,9.060336710165315e-06
179,3,17147,378799,0,合理诉求,0.9255255210260821,0.06877893972341384,0.0056955392505040996
3,357,182396,419214,0,合理诉求,0.9666708862599808,0.03200066426470117,0.001328449475318299
187,88,148695,34068,0,合理诉求,0.9673792355159803,0.03232482346261029,0.0002959410214093082
209,118,194816,97159,0,合理诉求,0.9998479816374634,0.0001224512344647928,2.95671280719732e-05
63,190,176599,280850,0,合理诉求,0.6118995446590964,0.3746517763237356,0.013448679017168038
302,92,151055,296259,0,合理诉求,0.8531784482975832,0.14105796569869267,0.005763586003724235
107,1,8645,429934,0,合理诉求,0.9086774908015952,0.08837471499062319,0.0029477942077815703
136,220,184605,446847,0,合理诉求,0.9973491929238681,0.002556720572576305,9.408650355559503e-05
178,178,81212,84116,0,合理诉求,0.9939875695559133,0.0033070920067283715,0.00270533843735838
107,106,177073,271248,0,合理诉求,0.7657793498749497,0.21598599545030317,0.018234654674747188
157,100,145335,20064,0,合理诉求,0.9716539441566783,0.028334277067616088,1.1778775705646912e-05
25,146,219277,240641,0,合理诉求,0.9701104742420572,0.007610083344462294,0.02227944241348053
125,110,129203,14719,0,合理诉求,0.9997730800485864,0.00022212216814868698,4.79778326475099e-06
173,179,224848,254873,1,诉求偏高,0.15795285805467396,0.8359539361641987,0.006093205781127348
133,4,183889,78256,0,合理诉求,0.9163290111702909,0.08315780495191748,0.000513183877791717
137,31,113893,361253,1,诉求偏高,0.2598323010264532,0.733338967067216,0.006828731906330838
2,133,183889,226013,0,合理诉求,0.9812098006742906,0.016104441273533686,0.0026857580521756023
42,107,210549,443934,0,合理诉求,0.9990658799344686,0.0005322664504304263,0.0004018536151010071
169,181,119015,149424,0,合理诉求,0.9875490786041645,0.012449599366622077,1.3220292133425403e-06
25,142,154493,330292,0,合理诉求,0.9952215773324519,0.0005305216481429119,0.00424790101940514
302,199,15877,188382,0,合理诉求,0.9815466920007848,0.017487588835137256,0.0009657191640778771
246,222,209039,373790,0,合理诉求,0.9802603673003951,0.015058763951692008,0.004680868747912825
2,192,139296,147419,0,合理诉求,0.9985331222644386,0.0012238629666656386,0.00024301476889590027
55,146,219832,433811,1,诉求偏高,0.08892417818406374,0.8687639515278115,0.04231187028812477
131,112,14084,42513,2,超额诉求,0.255126226178975,0.018860397065536907,0.726013376755488
178,1,123035,136231,0,合理诉求,0.6184506081460687,0.1270673553920452,0.2544820364618861
96,187,89453,271211,0,合理诉求,0.9997697265455412,0.00020201567876318194,2.8257775695690393e-05
146,178,183035,300000,2,超额诉求,0.007986873192672318,0.3085610427828565,0.6834520840244712
11,183,152359,102098,0,合理诉求,0.979520645805261,0.020337371032259747,0.00014198316247926088
13,184,7424,109953,0,合理诉求,0.9855364266794244,0.014164363278654644,0.0002992100419210081
190,0,183889,261436,0,合理诉求,0.9766772211137618,0.007664068554981073,0.015658710331257222
146,71,197940,343707,0,合理诉求,0.9875717614005335,0.00526738806766748,0.007160850531799219
225,190,12468,105645,0,合理诉求,0.987069747857137,0.012851477049019606,7.877509384353772e-05
127,1,55347,439168,0,合理诉求,0.6873098790581461,0.06165639141120395,0.2510337295306499
0,43,227346,14504,0,合理诉求,0.9999732571752585,2.3962136111465027e-05,2.7806886300221134e-06
1,262,108605,6419,0,合理诉求,0.9992840532939988,0.000630668041810055,8.527866419103548e-05
151,143,128015,373177,0,合理诉求,0.9597766129659221,0.030162322064279372,0.01006106496979841
132,25,170637,415057,0,合理诉求,0.9543623074600965,0.03923220045486604,0.006405492085037614
117,3,2537,173993,0,合理诉求,0.9880267354859418,0.011428949075974698,0.0005443154380833733
2,178,29901,401393,0,合理诉求,0.9999809212737291,1.8594037927045763e-05,4.8468834383367e-07
26,151,224840,116037,0,合理诉求,0.9998752150674386,9.806175992051792e-05,2.672317264075127e-05
207,13,142831,433959,0,合理诉求,0.9955326171235315,0.004408243768944562,5.9139107523985786e-05
2,39,176195,108739,0,合理诉求,0.9999363898468133,4.0553523950354555e-05,2.3056629236429686e-05
3,61,156557,132342,0,合理诉求,0.9801387361547138,0.019562661727580536,0.0002986021177056706
35,151,227346,300000,2,超额诉求,0.0005806305363158558,0.046303396483739545,0.9531159729799447
107,0,148438,24847,0,合理诉求,0.9537337356684239,0.04542706530071738,0.0008391990308587631
6,115,65103,67913,0,合理诉求,0.9923103804440546,0.007634187550402732,5.5432005542661443e-05
1,25,89136,269805,0,合理诉求,0.9791958289799889,0.01673948180339621,0.00406468921661493
2,190,217998,17049,0,合理诉求,0.9901476152663999,0.005441852088549816,0.004410532645050231
100,263,214517,411064,0,合理诉求,0.987505611421333,0.012373273558837768,0.00012111501982930292
178,234,161906,85894,0,合理诉求,0.4878837255914711,0.4668091354324829,0.04530713897604594
151,172,185333,114269,0,合理诉求,0.7406054161885752,0.25700814768889374,0.0023864361225310825
25,179,202318,115243,0,合理诉求,0.9997481115725121,0.00024227398941086757,9.614438076952367e-06
101,199,100789,218181,0,合理诉求,0.8499898696715686,0.11428278968481945,0.03572734064361181
136,271,227346,300000,1,诉求偏高,0.00918241549374416,0.9870017730784906,0.0038158114277652825
108,114,156761,111354,0,合理诉求,0.9479297916520631,0.02820153315329529,0.023868675194641625
25,222,186170,311581,0,合理诉求,0.993528418384462,0.006179758203165035,0.00029182341237295894
97,176,218119,146078,0,合理诉求,0.9593523249791143,0.039394855333539626,0.0012528196873460822
99,211,193886,426417,1,诉求偏高,0.03795609465507012,0.9178609221307512,0.044182983214178656
188,1,193886,203847,0,合理诉求,0.9086771574823073,0.08978335198355401,0.0015394905341386675
143,15,198484,246055,0,合理诉求,0.5354109813454581,0.46386423614362166,0.0007247825109202821
132,3,102466,399343,0,合理诉求,0.9380613477742166,0.03138055171412245,0.030558100511660892
132,133,183288,4092,0,合理诉求,0.9859690703131154,0.0138976844355329,0.0001332452513515447
147,1,12189,51928,0,合理诉求,0.9170689788742014,0.08291876963676385,1.2251489034730729e-05
152,147,220816,278628,0,合理诉求,0.7483968542251429,0.2342138527845111,0.017389292990346004
198,340,87259,248842,0,合理诉求,0.9830432081953712,0.014677280378097728,0.0022795114265311504
108,154,90668,15885,0,合理诉求,0.6203439145736195,0.3656389419064791,0.014017143519901416
2,246,193699,31330,0,合理诉求,0.9998129670673556,0.00014381302632671513,4.321990631769181e-05
231,221,227346,105982,0,合理诉求,0.9599677477852647,0.01631725750100898,0.023714994713726227
92,84,15756,24744,0,合理诉求,0.9906374606854683,0.008172714457410645,0.0011898248571210425
268,137,219262,293482,0,合理诉求,0.9992613684368065,0.0006130292977392138,0.0001256022654544636
100,89,187057,413582,0,合理诉求,0.8056474083814726,0.19203660148465088,0.0023159901338766077
297,0,227346,300000,1,诉求偏高,0.03823980576506343,0.5762390262090186,0.38552116802591807
55,0,15877,388621,0,合理诉求,0.9983164603140784,0.0013779587279479858,0.00030558095797353244
197,165,199261,256411,0,合理诉求,0.9938479093954667,0.0035930469673590474,0.0025590436371741307
164,164,163659,409136,0,合理诉求,0.6727362470436735,0.31728269257101704,0.009981060385309482
16,179,7900,100106,0,合理诉求,0.997437856843656,0.0024707762945389085,9.136686180515142e-05
246,0,14084,12749,1,诉求偏高,0.09567314974528891,0.8969707119156614,0.00735613833904976
218,185,42455,417346,0,合理诉求,0.999594751129881,0.00026111791164722787,0.0001441309584716746
150,1,217196,363210,0,合理诉求,0.9674632921868388,0.030833591611110614,0.001703116202050579
70,98,198141,347360,0,合理诉求,0.9994609924131369,0.0004797626384750949,5.9244948388071306e-05
4,59,227346,102098,0,合理诉求,0.9997883098598429,0.0002058210213978843,5.869118759302406e-06
185,221,227346,300000,1,诉求偏高,0.010518867844797978,0.9844510927338215,0.005030039421380585
97,88,227346,90708,0,合理诉求,0.9187322131092142,0.06015373708438983,0.021114049806396057
178,117,190165,308575,0,合理诉求,0.8832616000760448,0.09242741691631678,0.024310983007638377
43,76,224840,80496,0,合理诉求,0.7825563425406775,0.20719626918199374,0.010247388277328767
25,25,69714,33780,0,合理诉求,0.9982182744279229,0.001761440633850339,2.028493822674454e-05
235,164,78671,48603,0,合理诉求,0.9233140382583315,0.07633789657751082,0.00034806516415783326
0,2,227346,146014,0,合理诉求,0.9987739571018851,0.0009026774587082147,0.00032336543940660576
252,198,222751,277559,0,合理诉求,0.9786135900409968,0.021360231925675766,2.617803332756661e-05
302,151,159786,230180,0,合理诉求,0.9930608697428586,0.004469536190043861,0.002469594067097649
181,222,12189,99957,0,合理诉求,0.9013777718569704,0.09818022237827735,0.0004420057647522721
178,24,227346,155581,0,合理诉求,0.9747453555024149,0.024776972880276353,0.0004776716173087821
178,63,201489,185963,0,合理诉求,0.9687063086942802,0.02983917268424843,0.0014545186214713467
35,274,183889,300000,1,诉求偏高,0.004344754271767531,0.8533231590771722,0.1423320866510604
314,151,62216,65584,0,合理诉求,0.9996206881042066,0.0002754628942776012,0.00010384900151601126
143,134,193650,237130,0,合理诉求,0.9432337251324036,0.0526186472224119,0.0041476276451846645
178,343,201787,300000,1,诉求偏高,0.025407723084384454,0.6831925160641025,0.291399760851513
63,276,112495,185343,0,合理诉求,0.9598157401903007,0.0067696918596887356,0.033414567950010424
151,1,127975,267675,0,合理诉求,0.9921783443105897,0.006982940859748449,0.000838714829661798
176,147,15032,2414,0,合理诉求,0.9526895161372546,0.036331293576052914,0.01097919028669249
117,55,93193,315165,0,合理诉求,0.9900554185334534,0.00985532159715548,8.925986939113364e-05
169,172,126113,298355,0,合理诉求,0.9970539357751053,0.0027594292370147658,0.0001866349878797928
13,1,132650,30661,0,合理诉求,0.9965510024808059,0.003332205966706817,0.00011679155248720856
178,325,22189,393473,0,合理诉求,0.9996372644852269,0.000280457764245554,8.227775052738159e-05
101,1,220837,359679,0,合理诉求,0.9999684590238181,3.1085546706188314e-05,4.554294756916819e-07
181,127,99016,167914,0,合理诉求,0.9960569628639627,0.0038654827393107827,7.755439672655517e-05
117,91,38399,186992,0,合理诉求,0.9989196095331974,0.0007960877884850392,0.00028430267831763205
0,188,227346,285755,0,合理诉求,0.9994712793592957,0.000520666506263351,8.054134440951345e-06
132,104,106295,418334,0,合理诉求,0.9947260896125788,0.005050702210330839,0.00022320817709031628
179,99,4459,390919,0,合理诉求,0.9536713388846597,0.04524498986487903,0.0010836712504612308
14,27,218814,56685,0,合理诉求,0.9905501256845441,0.00935988082065476,8.999349480094576e-05
30,220,49248,7751,0,合理诉求,0.9866253394697125,0.013255964721613462,0.00011869580867410602
188,178,54287,424265,2,超额诉求,0.03479852823348661,0.012890899952706187,0.9523105718138072
187,178,74386,411965,0,合理诉求,0.9177436627572833,0.08128547204594284,0.0009708651967739115
13,25,170221,430812,0,合理诉求,0.8663815772417678,0.13296092422812475,0.000657498530107331
3,178,203831,145424,1,诉求偏高,0.18507341253847726,0.8037379516677328,0.01118863579378997
167,49,193650,137165,0,合理诉求,0.9845894514043789,0.015206200225027926,0.0002043483705930692
10,24,216178,104694,0,合理诉求,0.9654513776567527,0.03429275958328818,0.00025586275995893507
19,223,121736,12527,0,合理诉求,0.9910841080891333,0.006680101990210421,0.0022357899206563924
278,340,122936,92600,0,合理诉求,0.7452226871566154,0.2545799971135371,0.0001973157298474678
25,178,201643,213282,0,合理诉求,0.9960838593078458,0.003204781797258114,0.0007113588948961539
79,0,212182,300000,1,诉求偏高,0.015012799406367365,0.9682527228996678,0.016734477693964953
175,11,153761,265606,0,合理诉求,0.9988702401328451,0.0009257618447453162,0.0002039980224094867
89,15,157762,361837,0,合理诉求,0.9985993842013451,0.0013714725538743245,2.914324478052613e-05
268,101,15566,41229,0,合理诉求,0.9087716472678329,0.09001609651360859,0.0012122562185585101
4,102,191761,452982,0,合理诉求,0.9848919527450966,0.015011130986885548,9.691626801779628e-05
3,13,210258,301367,2,超额诉求,0.017374215041714845,0.11660914487098194,0.8660166400873032
38,96,166653,212899,0,合理诉求,0.9986125470952787,0.0013208124311739093,6.664047354730422e-05
151,96,105757,182062,0,合理诉求,0.9619574420905769,0.03770495124493133,0.0003376066644916437
125,253,85347,15692,0,合理诉求,0.8387272251778589,0.15391053869667043,0.0073622361254707565
121,222,208391,331750,0,合理诉求,0.9966885429421175,0.0031727863476675145,0.00013867071021502646
146,102,227346,300000,0,合理诉求,0.9089379298907271,0.09096875970063774,9.331040863507436e-05
100,239,183889,111657,0,合理诉求,0.9986579373073993,0.0012878480099862157,5.4214682614553186e-05
193,33,161906,300000,1,诉求偏高,0.055092802812361445,0.943670876621176,0.0012363205664625287
13,292,225250,4816,0,合理诉求,0.9987466267270071,0.0006551553822008327,0.0005982178907918656
209,190,103833,222157,0,合理诉求,0.9986322480337991,0.0011339738924834159,0.0002337780737175004
211,1,212779,96384,0,合理诉求,0.998942735024256,0.0010080092938983113,4.925568184581359e-05
100,133,181728,100836,0,合理诉求,0.9888050878496745,0.01104186143444372,0.00015305071588181255
88,3,174898,35356,0,合理诉求,0.9794012215225628,0.017566051657918785,0.003032726819518354
143,222,72876,240844,0,合理诉求,0.9999822435133592,1.302871575353688e-05,4.727770887243807e-06
192,186,120054,431305,0,合理诉求,0.9181135229232952,0.08155898615112166,0.0003274909255830594
80,12,197849,388688,0,合理诉求,0.9997987561288827,9.932995979855603e-05,0.00010191391131881864
190,1,53458,360091,0,合理诉求,0.9866883821179673,0.013308429780281966,3.188101750623246e-06
158,1,211909,68271,0,合理诉求,0.639493116266541,0.35434043316127894,0.00616645057218007
25,268,224840,300000,1,诉求偏高,0.0016607647970614864,0.9982334263000546,0.00010580890288396903
107,79,217487,89413,0,合理诉求,0.926114392905461,0.07348409320625794,0.0004015138882808889
99,25,14084,264002,0,合理诉求,0.9927489212666981,0.005806699811173477,0.0014443789221283549
27,83,213341,257015,0,合理诉求,0.9770772483409466,0.022554561590578174,0.00036819006847531587
103,15,227346,162566,0,合理诉求,0.6437662904585172,0.35462348399011173,0.0016102255513711391
129,3,116131,153473,0,合理诉求,0.9965070651260587,0.003243700412759939,0.00024923446118157576
219,187,183889,211546,0,合理诉求,0.755388771918328,0.24419010460394772,0.000421123477724331
178,270,199261,33532,0,合理诉求,0.9339440974001919,0.059977864037544,0.006078038562263943
44,99,190978,86040,0,合理诉求,0.9998308963057155,0.00011513027099004802,5.397342329447105e-05
179,100,106131,442097,0,合理诉求,0.9005157443859525,0.09854274330009462,0.0009415123139529391
189,98,203630,269223,0,合理诉求,0.9905410847276713,0.008628354565953447,0.0008305607063753468
110,270,62573,326821,0,合理诉求,0.9933969781463643,0.005571356428044294,0.0010316654255913657
222,7,149852,4373,0,合理诉求,0.3825883003167916,0.6111085917577573,0.00630310792545109
13,179,164358,170201,0,合理诉求,0.9941512793539728,0.0036095633687999785,0.002239157277227147
125,197,181672,406821,0,合理诉求,0.9998910957285232,6.581912648659743e-05,4.308514499023826e-05
93,136,107736,202323,0,合理诉求,0.9955808216880818,0.003916216291083157,0.0005029620208349653
288,178,143335,315575,0,合理诉求,0.979847431217297,0.014520226684620512,0.005632342098082328
268,164,183889,256961,0,合理诉求,0.5529644971690298,0.40865437526800097,0.03838112756296932
1,121,160252,282457,0,合理诉求,0.949781763442748,0.04936487634387356,0.0008533602133785359
2,189,15877,280124,0,合理诉求,0.6288146138883739,0.01220809601224882,0.35897729009937734
25,179,227346,386220,0,合理诉求,0.9837042650293047,0.015665508838846567,0.0006302261318486051
232,181,227346,453758,1,诉求偏高,0.006282604751180144,0.8740998379562112,0.11961755729260883
215,4,207328,241910,0,合理诉求,0.9941323606876205,0.005695919536399733,0.00017171977597992506
35,0,15441,300000,1,诉求偏高,0.18805395950011075,0.8118531342122253,9.29062876640459e-05
25,151,201312,212201,0,合理诉求,0.9442530082333113,0.03286475640479418,0.022882235361894567
1,156,46058,49845,0,合理诉求,0.9896421356132665,0.010067408705291277,0.0002904556814421907
2,3,148818,450608,0,合理诉求,0.999976582338527,1.4526902535810339e-05,8.890758936989267e-06
120,131,190005,228962,0,合理诉求,0.9291027505612759,0.06969197577786092,0.0012052736608633456
146,268,23605,12749,2,超额诉求,0.004245060190112268,0.27733094400182,0.7184239958080677
273,137,183889,301894,0,合理诉求,0.9456425647840598,0.0533986956281475,0.0009587395877925356
178,21,212392,354278,0,合理诉求,0.999873509638265,0.0001097072770363999,1.678308469868925e-05
187,215,150121,357726,0,合理诉求,0.9113233115629809,0.08844474481521974,0.00023194362179938563
55,110,32975,14133,0,合理诉求,0.7851203080116352,0.21391103627827368,0.0009686557100911354
147,1,24848,243170,0,合理诉求,0.8492808086708642,0.11625993842595558,0.03445925290318022
142,2,174808,419168,0,合理诉求,0.9999271379333049,5.525735265331674e-05,1.7604714041656856e-05
1,190,19352,266393,0,合理诉求,0.9976573385350036,0.0023135507612641625,2.9110703732149723e-05
197,222,106030,346712,0,合理诉求,0.9925642382738515,0.006806030207203951,0.0006297315189445784
164,178,227346,300000,1,诉求偏高,0.009722240919282357,0.9868113149353218,0.0034664441453958104
178,257,42471,300000,1,诉求偏高,0.002069331548488013,0.9767458047496184,0.021184863701893587
193,0,183889,394025,0,合理诉求,0.9997232336291437,0.00026863884086958644,8.127529986871328e-06
13,1,227346,204354,0,合理诉求,0.9957459790293647,0.004242500240397741,1.1520730237566087e-05
3,88,133833,82522,0,合理诉求,0.992041900349871,0.007946952179219022,1.114747091004719e-05
28,221,203814,114334,0,合理诉求,0.9995537652187756,0.0004181378243642586,2.809695685993292e-05
2,0,63763,265067,0,合理诉求,0.6947258269090708,0.29626817237621234,0.009006000714717003
187,90,71144,203283,0,合理诉求,0.9497745511158033,0.04848862850772476,0.0017368203764719357
95,55,227346,202742,2,超额诉求,0.046729572479646556,0.0070133417333753416,0.9462570857869781
100,3,224826,60279,0,合理诉求,0.9999070446367357,7.636696812141221e-05,1.658839514303959e-05
187,158,113200,50054,0,合理诉求,0.7868392223571559,0.20401522984571424,0.009145547797129863
263,253,191011,403064,0,合理诉求,0.9814890871668539,0.01836180843678274,0.00014910439636343733
194,266,3353,106154,0,合理诉求,0.9998644482114089,0.00013123677423102886,4.3150143602245795e-06
55,178,183889,230759,0,合理诉求,0.9886567055469194,0.003172185293533501,0.00817110915954712
25,137,227346,300000,2,超额诉求,0.08844020830667425,0.3175305699273506,0.5940292217659752
38,187,183889,14133,0,合理诉求,0.9631904205021846,0.03672327810594275,8.630139187250595e-05
110,101,227346,234507,0,合理诉求,0.9994092320906219,0.0005133167682388772,7.745114113918737e-05
222,179,191268,74723,0,合理诉求,0.9987750051611899,0.001209695934175721,1.5298904634289992e-05
185,106,227346,312714,0,合理诉求,0.9581353232316128,0.03271204056616933,0.00915263620221788
98,190,183889,325603,0,合理诉求,0.9697773043523504,0.004368464532037054,0.025854231115612494
4,198,163880,14558,0,合理诉求,0.9774889232477278,0.02201827448344747,0.000492802268824587
110,67,41317,329083,0,合理诉求,0.9998711253761066,0.00010843611902648884,2.0438504866983052e-05
1,322,144842,150320,0,合理诉求,0.9805555673778291,0.019407310096620577,3.712252555032407e-05
0,0,43186,350787,0,合理诉求,0.4432208258739646,0.33098183314486795,0.22579734098116758
76,164,45995,19895,0,合理诉求,0.9572146014928309,0.03776929981910894,0.005016098688060223
1,113,184209,100245,0,合理诉求,0.9940546737168232,0.0058979865415497695,4.733974162690253e-05
76,93,69690,218181,0,合理诉求,0.9799331491268748,0.01964953630058519,0.00041731457254013966
24,9,191336,300000,1,诉求偏高,0.12107004227454651,0.8789139104876622,1.604723779120379e-05
42,0,190708,263780,0,合理诉求,0.9955495078360793,0.0014327291182124268,0.0030177630457081635
41,112,183889,300000,0,合理诉求,0.9812034951494121,0.01824259252471953,0.0005539123258683936
88,40,15441,318805,0,合理诉求,0.9974750999691357,0.002026204063499055,0.0004986959673650334
222,102,187549,217285,0,合理诉求,0.6398157539503048,0.3586437927266532,0.0015404533230420573
218,93,193886,130970,0,合理诉求,0.9761289729783883,0.01708104307027575,0.006789983951336059
15,164,192621,143787,0,合理诉求,0.9955893911816893,0.004228186160009761,0.00018242265830082234
178,136,224840,241239,0,合理诉求,0.9996387490779464,0.0003332807029984762,2.7970219055225007e-05
5,197,220201,194527,0,合理诉求,0.9651005408783608,0.03203039172043865,0.0028690674012003684
110,253,227346,300000,1,诉求偏高,0.08450663752865646,0.9125338089077972,0.0029595535635462134
107,199,22352,207929,0,合理诉求,0.9813417185863904,0.013164900234984728,0.005493381178624814
232,4,224840,300000,1,诉求偏高,0.033733163210631724,0.9295560226937984,0.03671081409556978
168,50,51285,456141,0,合理诉求,0.9878864036772027,0.011736560936420046,0.0003770353863772547
132,190,169669,163822,0,合理诉求,0.9946286116336256,0.004706597059253652,0.0006647913071206831
53,33,67427,325932,0,合理诉求,0.9950432616404619,0.0016893344854266507,0.0032674038741115647
218,178,29576,246099,0,合理诉求,0.9677172725192694,0.030237863172217418,0.002044864308513198
146,1,64750,203883,0,合理诉求,0.999210622552662,0.0006257479128217199,0.00016362953451617559
147,187,173420,137850,0,合理诉求,0.862776391455489,0.13696731277943971,0.00025629576507109293
193,3,227189,99957,0,合理诉求,0.9906961080030756,0.009231996181348314,7.18958155760847e-05
268,243,76397,138968,0,合理诉求,0.9804974396195845,0.019016031861676785,0.0004865285187389757
97,88,220614,343222,1,诉求偏高,0.10306655456242647,0.8005744753014608,0.09635897013611289
2,55,61991,39670,0,合理诉求,0.9811942876158926,0.015651688947347857,0.0031540234367595983
169,169,193886,420149,1,诉求偏高,0.0069001969803817575,0.9910841367319184,0.0020156662876997505
157,106,221961,183685,0,合理诉求,0.9355102141839462,0.06430821528113269,0.0001815705349211169
64,107,191336,294847,0,合理诉求,0.9041907049034661,0.08900065513529815,0.006808639961235787
201,137,170123,130316,0,合理诉求,0.980130500680656,0.008552759744020642,0.011316739575323372
30,309,141180,427314,0,合理诉求,0.9946800519953674,0.004928332795927568,0.0003916152087051504
136,0,97472,250457,0,合理诉求,0.9996208350817257,0.00032483283915409115,5.433207912012263e-05
125,232,183889,423206,0,合理诉求,0.9955663431720502,0.0034200388767703063,0.0010136179511795224
101,2,205749,162507,0,合理诉求,0.9920670099470945,0.00776329974849626,0.0001696903044092135
13,71,191817,300000,1,诉求偏高,0.04566582226801385,0.9542910187484818,4.3158983504331316e-05
4,211,34739,303195,0,合理诉求,0.7948172091573023,0.2040714380393548,0.0011113528033428709
168,62,181760,105645,0,合理诉求,0.9940063531874855,0.005774487127663261,0.0002191596848511347
247,24,193375,427931,0,合理诉求,0.9996829628505134,0.00028711252942556677,2.9924620061137438e-05
43,44,217689,440818,0,合理诉求,0.9319630047543102,0.06790743819212051,0.00012955705356921895
106,110,161906,443414,2,超额诉求,0.049043531032209396,0.001248946879210546,0.9497075220885801
25,13,227346,324625,0,合理诉求,0.5088406820990933,0.4458896609944951,0.04526965690641155
179,103,152710,158653,0,合理诉求,0.7921627772946812,0.20677061287579304,0.001066609829525797
268,88,227346,246650,0,合理诉求,0.9644069353244286,0.03529264607961716,0.00030041859595436224
25,238,180486,269042,0,合理诉求,0.9978455370079811,0.0021241873831145865,3.027560890446369e-05
99,126,227346,454298,0,合理诉求,0.9712406868275835,0.01740234299270989,0.011356970179706664
188,109,99838,145186,0,合理诉求,0.8064621107451873,0.06770958845537178,0.1258283007994409
151,55,27766,177049,0,合理诉求,0.9987130865235853,0.0011696851922489572,0.00011722828416574338
101,219,202503,334004,0,合理诉求,0.9353882574109443,0.05834234932122858,0.006269393267827071
11,42,57317,78378,0,合理诉求,0.999715897580081,0.00025642062647800477,2.768179344110277e-05
3,214,138793,409706,0,合理诉求,0.7934547966433851,0.031074116740029946,0.17547108661658492
315,187,223753,435778,0,合理诉求,0.9874201516995642,0.012477450567620226,0.00010239773281575438
179,101,216517,15058,0,合理诉求,0.9737546023162008,0.02601342212157209,0.00023197556222712167
223,88,19875,428908,0,合理诉求,0.9829315143625097,0.008301986035962034,0.00876649960152833
178,100,224848,35361,0,合理诉求,0.5407972192892535,0.3906528582318834,0.06854992247886321
151,0,69151,246394,0,合理诉求,0.418188443534641,0.5686645371930438,0.013147019272315067
98,44,213225,218000,0,合理诉求,0.7887982631058669,0.20700721141009404,0.004194525484039174
193,157,223446,404381,0,合理诉求,0.9456875613552074,0.05296843315426834,0.001344005490524152
25,102,118972,243809,0,合理诉求,0.9209023134110549,0.07900663006691097,9.105652203420296e-05
129,125,75411,58046,0,合理诉求,0.9673079948338962,0.02789080147709076,0.004801203689012965
89,5,181711,207548,1,诉求偏高,0.162808639605339,0.8176190434120875,0.0195723169825736
218,106,51951,68299,0,合理诉求,0.9944672777976794,0.0009384207485765605,0.004594301453743899
151,1,225809,313068,0,合理诉求,0.9971663697911644,0.0023289486161521657,0.0005046815926832541
63,179,61839,361834,0,合理诉求,0.9991790171078206,0.0008160503812673419,4.932510912151029e-06
42,93,91256,412086,0,合理诉求,0.9064457136114166,0.09054331820021556,0.0030109681883677747
191,265,216741,106551,0,合理诉求,0.9761072121796901,0.020802049151631023,0.00309073866867883
116,268,42881,411558,0,合理诉求,0.9891592527189856,0.008495480207511716,0.002345267073502695
186,275,47660,119050,0,合理诉求,0.9555403344724518,0.03679968428480134,0.007659981242746895
55,146,188829,145423,0,合理诉求,0.9995656101904441,0.0002868807214135712,0.00014750908814227897
143,98,125959,83649,0,合理诉求,0.9999741116376616,5.680099371562321e-06,2.0208262966828343e-05
187,0,203599,59472,0,合理诉求,0.6629321415848946,0.3341325202823233,0.0029353381327822496
101,179,113563,48062,0,合理诉求,0.9247362313360988,0.07511917685416919,0.000144591809732059
100,13,116485,30361,0,合理诉求,0.9344168829821125,0.05639693663978856,0.009186180378098931
2,74,203107,206864,0,合理诉求,0.9766156848156681,0.023049041407187703,0.00033527377714417955
1,125,220335,307,0,合理诉求,0.8172959107267431,0.18250231044279422,0.00020177883046251332
221,6,187981,354278,2,超额诉求,0.1593730628037309,0.15486043088581422,0.6857665063104549
88,178,110996,296558,0,合理诉求,0.38931765370488686,0.023984489224517964,0.5866978570705952
98,179,184182,418914,0,合理诉求,0.7930819209407383,0.20096632823224478,0.005951750827017001
101,151,133833,14133,0,合理诉求,0.9993001628005485,0.0006366618567555096,6.317534269609724e-05
187,114,161146,45608,0,合理诉求,0.7786905603363776,0.18437366289063165,0.03693577677299078
13,1,198058,416736,0,合理诉求,0.9990667492703076,0.0008341692408069947,9.90814888854657e-05
42,199,199335,206786,0,合理诉求,0.9868856489800589,0.013052998656707747,6.135236323338841e-05
268,142,183889,192975,0,合理诉求,0.9993695258301233,0.00043827734582315965,0.00019219682405366214
100,189,106231,381025,0,合理诉求,0.9859540436267895,0.009012723230538615,0.005033233142671778
109,102,182022,300000,1,诉求偏高,0.013966444655160677,0.9739606609806888,0.012072894364150558
151,20,178273,340781,0,合理诉求,0.9711444867046904,0.00282313043673615,0.02603238285857343
1,143,182022,300000,1,诉求偏高,0.013269408451270719,0.9503161759491349,0.03641441559959455
7,207,141670,343436,0,合理诉求,0.99993325371565,4.848678963781677e-05,1.825949471226819e-05
1,102,178621,300000,0,合理诉求,0.39297961889811167,0.6063520040453866,0.000668377056501714
231,147,68369,250717,0,合理诉求,0.9943308028152349,0.005540750802221978,0.00012844638254312155
224,168,227346,212899,2,超额诉求,0.09778893362193404,0.021238352087781,0.880972714290285
146,151,227346,300000,1,诉求偏高,0.006776472727466664,0.9406880482307337,0.052535479041799664
48,222,126812,381045,0,合理诉求,0.9999492748737271,4.650278700729493e-05,4.222339265588483e-06
1,38,192515,285066,0,合理诉求,0.949166041840628,0.050646589964333785,0.00018736819503815895
219,23,147127,320959,0,合理诉求,0.9013053642033916,0.037873879938210196,0.060820755858398086
13,42,204607,341060,0,合理诉求,0.9990855421283636,0.0008670173840755009,4.744048756098949e-05
8,0,197503,100245,0,合理诉求,0.9628294511725438,0.035620432498418564,0.0015501163290376142
157,162,163818,161304,0,合理诉求,0.9984330912458245,0.0015183707057076954,4.853804846772817e-05
253,1,54849,281524,0,合理诉求,0.9321890999514482,0.06282120825845236,0.004989691790099343
2,113,183889,1495,0,合理诉求,0.9333639692611159,0.06590651080077006,0.0007295199381141467
27,173,25310,402212,0,合理诉求,0.9999027968759827,9.174416504987392e-05,5.458958967401983e-06
187,1,227346,356936,0,合理诉求,0.6821449647610411,0.3005483464561604,0.017306688782798372
13,211,181103,352359,0,合理诉求,0.49499434550355415,0.06240760770605461,0.4425980467903913
200,244,147211,345248,0,合理诉求,0.8410842871787659,0.08525333473730481,0.07366237808392928
63,197,201312,271401,0,合理诉求,0.647311490386893,0.3427515206768749,0.009936988936232074
3,39,147363,196521,0,合理诉求,0.9836003357428051,0.016219020524268286,0.0001806437329267668
194,291,42471,300000,1,诉求偏高,0.0006728797194269138,0.649525994732392,0.349801125548181
218,145,15877,102098,0,合理诉求,0.43854085442706225,0.5613214268507333,0.0001377187222044493
3,20,126953,164157,0,合理诉求,0.9925723276508732,0.007055908357397624,0.0003717639917289374
35,181,227346,300000,2,超额诉求,0.00614574828574439,0.2861629544941898,0.7076912972200657
278,0,227346,397378,0,合理诉求,0.583831483360368,0.40504538944500773,0.011123127194624218
100,136,64307,322725,1,诉求偏高,0.15183685674793648,0.8479974293130728,0.00016571393899062438
76,88,13070,69775,0,合理诉求,0.9454940278998348,0.05232421940279337,0.0021817526973717657
314,180,122113,384693,0,合理诉求,0.9916534810394619,0.00820684321025557,0.00013967575028239632
197,105,69106,370311,0,合理诉求,0.999759430975608,0.0002038731372391445,3.669588715279534e-05
298,164,42738,396182,0,合理诉求,0.7896734742752355,0.1892350883504398,0.021091437374324676
297,51,52197,351805,0,合理诉求,0.9976352912324634,0.001734170929289882,0.0006305378382466825
13,0,227346,77638,0,合理诉求,0.996199430844297,0.0036371914797586574,0.00016337767594439763
321,1,44415,373033,0,合理诉求,0.9999279710139083,5.802771257535355e-05,1.4001273516211023e-05
13,1,114441,212435,0,合理诉求,0.8627949064823711,0.12794581528540566,0.009259278232223233
268,102,183889,342713,0,合理诉求,0.9918928561421788,0.004380507389140088,0.003726636468681202
179,1,21772,11572,0,合理诉求,0.9997835671686885,0.00019050286871115046,2.59299626003873e-05
1,100,63116,265536,0,合理诉求,0.9987322715378611,0.0012637454838877824,3.982978251158685e-06
100,272,210232,69583,0,合理诉求,0.9989119239844536,0.0010570748654557954,3.100115009054889e-05
117,199,107297,242096,0,合理诉求,0.8849170506363297,0.10426741900377916,0.01081553035989112
42,4,15877,295559,0,合理诉求,0.754389223835202,0.23462125718782773,0.010989518976970113
318,50,74967,152542,0,合理诉求,0.9998118555109259,0.00010385708865682716,8.428740041718328e-05
151,221,209602,300000,1,诉求偏高,0.010667837176288565,0.9892522793316324,7.988349207911226e-05
3,13,134812,90825,0,合理诉求,0.9583874196147469,0.04025801602069194,0.0013545643645613435
107,99,116830,4092,0,合理诉求,0.8202692155178444,0.17580949713815178,0.003921287344003748
39,163,227346,208199,0,合理诉求,0.9998086124217468,0.00017535911611598956,1.6028462137268425e-05
197,3,183889,377228,0,合理诉求,0.4858568719135113,0.13137894893531887,0.38276417915116984
99,6,156708,71560,0,合理诉求,0.7078288819484639,0.2745528229225691,0.017618295128967065
42,93,170832,393032,0,合理诉求,0.9952526803932727,0.0041961599797201545,0.0005511596270071065
100,179,190165,139397,0,合理诉求,0.9419472174541265,0.02904002784198216,0.02901275470389138
89,132,227346,83645,0,合理诉求,0.7867458423795372,0.21308176460445344,0.00017239301600943077
76,246,191817,300000,1,诉求偏高,0.0013425524415430622,0.997724959698447,0.0009324878600098071
107,164,164226,115393,0,合理诉求,0.6186853032832658,0.38115071097465925,0.0001639857420748736
90,127,114947,23266,0,合理诉求,0.9116654709257613,0.08473601145546727,0.003598517618771379
268,190,147417,339623,0,合理诉求,0.9960518188795501,0.003916740452314356,3.1440668135743716e-05
0,17,104970,124916,0,合理诉求,0.9366515903385606,0.018332267820910058,0.04501614184052929
144,132,227346,419144,0,合理诉求,0.997161905056956,0.001176356967560089,0.001661737975483943
218,186,220883,228086,0,合理诉求,0.33956297860973184,0.6553528148956587,0.005084206494609561
132,1,187888,300000,0,合理诉求,0.9861392766216126,0.013754103801436462,0.00010661957695086128
92,14,143044,325932,1,诉求偏高,0.09271843619784018,0.5691885217671071,0.33809304203505264
1,211,220839,394751,0,合理诉求,0.999926645002402,7.099438967029538e-05,2.360607927732298e-06
142,162,11974,168461,0,合理诉求,0.8494403982231263,0.15048895334189555,7.064843497821723e-05
168,0,97672,177945,0,合理诉求,0.9997219887537667,4.934070753686176e-05,0.00022867053869639954
187,34,192128,131628,0,合理诉求,0.9717636531301487,0.014808747281760728,0.01342759958809056
10,227,51951,352968,0,合理诉求,0.9949604992719396,0.0050103953203799526,2.9105407680637824e-05
8,25,198288,161067,0,合理诉求,0.9920705619781418,0.007744263160978123,0.00018517486088017216
2,206,79787,449576,0,合理诉求,0.999258426195972,0.00018944984775431912,0.0005521239562735731
132,98,212779,76246,0,合理诉求,0.9769748978671725,0.022923583826921924,0.00010151830590546471
1,307,126804,316683,0,合理诉求,0.9967958546991138,0.0031769884334984,2.715686738784716e-05
102,264,13855,74637,0,合理诉求,0.9959268568313523,0.003373392047613889,0.0006997511210336312
291,197,217837,273768,0,合理诉求,0.8152317031096457,0.14674860642694224,0.03801969046341212
199,186,183889,6594,0,合理诉求,0.9351698190985641,0.06418311276624442,0.0006470681351915694
42,7,212313,162147,0,合理诉求,0.9788069482335998,0.021176173511815943,1.6878254584206638e-05
4,108,201787,300000,1,诉求偏高,0.0035835433271780796,0.9931941017220053,0.0032223549508165884
131,187,181635,228759,2,超额诉求,0.06162938768073633,0.12065460436461906,0.8177160079546446
42,211,134799,240333,0,合理诉求,0.9423882819839694,0.0497079334180192,0.007903784598011514
127,178,209602,300000,1,诉求偏高,0.0008923227888845675,0.6054588886413652,0.39364878856975016
165,0,142536,81909,0,合理诉求,0.9999438052196493,5.1537601576244844e-05,4.657178774559852e-06
97,55,207571,227732,0,合理诉求,0.9895527714797723,0.00454362013295893,0.005903608387268664
146,68,104858,93542,0,合理诉求,0.9998728633230146,9.303670332892287e-05,3.409997365647902e-05
188,89,78873,450960,0,合理诉求,0.987188569919987,0.01188989874581395,0.0009215313341989896
103,97,186509,93037,0,合理诉求,0.9835175971956714,0.0162126605041935,0.00026974230013498393
188,236,213724,95997,0,合理诉求,0.9065296450079016,0.06130494703147802,0.03216540796062044
146,234,227346,300000,0,合理诉求,0.5129302077688013,0.4868282515416566,0.00024154068954208006
100,137,177391,404916,0,合理诉求,0.9945241475307055,0.0036816243229530997,0.001794228146341376
10,3,216664,24772,0,合理诉求,0.6270084011176539,0.37215559741439835,0.0008360014679477156
187,187,77067,429020,0,合理诉求,0.9810278237217446,0.01514522266467365,0.003826953613581822
60,110,58535,454134,0,合理诉求,0.983565940648395,0.016066619132651238,0.0003674402189538005
248,144,227346,300000,0,合理诉求,0.8222119663582399,0.1776724770746809,0.00011555656707909922
2,93,214156,276439,0,合理诉求,0.9768080319866342,0.018467687537962508,0.004724280475403284
303,329,187135,307,0,合理诉求,0.9989827792816358,0.0007926204843230997,0.00022460023404113279
13,133,122233,137165,0,合理诉求,0.9999123067726626,3.2143392324528984e-05,5.554983501293492e-05
25,3,188740,259197,0,合理诉求,0.9993106825653447,0.0005931743751978403,9.614305945748755e-05
197,272,215014,21631,0,合理诉求,0.9997745421290574,0.0001766124555183573,4.884541542427533e-05
42,164,41311,253691,0,合理诉求,0.9883788607717093,0.010246253066194855,0.001374886162095928
100,178,227346,61821,0,合理诉求,0.9009926982291363,0.08956087522068677,0.009446426550177058
145,13,189807,119674,0,合理诉求,0.9956156327470551,0.004278368514177613,0.00010599873876711664
42,42,211749,108421,0,合理诉求,0.9877436669068111,0.0068230700411071885,0.005433263052081781
132,221,98687,43727,0,合理诉求,0.49074132061655185,0.5023054796336479,0.006953199749800286
89,178,210524,142661,0,合理诉求,0.999374127225504,0.00018307487129196967,0.00044279790320393323
190,178,183770,447743,0,合理诉求,0.6360590479565201,0.036255636616412554,0.32768531542706725
7,13,23605,373366,0,合理诉求,0.9916819708405183,0.008234715039544765,8.331411993683268e-05
187,140,202248,203883,0,合理诉求,0.9825430522777825,0.017406155578373775,5.0792143843777415e-05
151,151,51495,12636,0,合理诉求,0.8735327525895806,0.12607097633000672,0.00039627108041271795
146,263,54480,300000,0,合理诉求,0.9955736391438823,0.004417145481184933,9.215374932613643e-06
151,168,224819,144700,0,合理诉求,0.9997826072022071,0.00014250769947263552,7.488509832028788e-05
42,1,31675,137577,0,合理诉求,0.9954790838630478,0.001177064592971946,0.0033438515439801436
56,319,4459,56026,0,合理诉求,0.9982132094515568,0.0015956617192419457,0.00019112882920138102
98,90,97849,405918,0,合理诉求,0.9988163411871952,0.0011135310792379969,7.012773356673894e-05
25,221,227346,76359,0,合理诉求,0.8563208930045426,0.14195927376875792,0.0017198332266993685
151,164,183889,152062,0,合理诉求,0.989789034323321,0.009616607062142494,0.0005943586145365376
278,205,21593,341476,0,合理诉求,0.9921278452161294,0.006590148938338117,0.001282005845532502
146,190,65880,51341,0,合理诉求,0.7297378601273218,0.1931567176478815,0.07710542222479672
8,189,90038,195459,0,合理诉求,0.9999898161133203,2.754126772971748e-06,7.429759906863694e-06
2,33,198839,86981,0,合理诉求,0.9762865437814741,0.022705777094545708,0.001007679123980347
3,128,183889,18077,0,合理诉求,0.8722539877909854,0.10757072948504001,0.020175282723974588
101,99,226558,164838,0,合理诉求,0.8954989740897228,0.08366756280765554,0.02083346310262159
143,9,215974,290447,0,合理诉求,0.9679555237631094,0.03140784130742774,0.0006366349294626376
25,43,78045,425907,0,合理诉求,0.9255497803080915,0.07206701405544434,0.002383205636464157
100,295,210398,325776,0,合理诉求,0.9449286329304334,0.04413824486649967,0.010933122203067148
3,222,15877,345248,1,诉求偏高,0.21709194243249055,0.44258133518213233,0.340326722385377
167,179,193650,112584,0,合理诉求,0.9304266877931805,0.06875303315521299,0.0008202790516065045
140,74,214288,223860,0,合理诉求,0.8759044331475244,0.09666903767453297,0.027426529177942593
162,21,223752,300000,1,诉求偏高,0.13121041565083197,0.8682848973044599,0.0005046870447081459
8,29,186055,219243,0,合理诉求,0.9997707019949275,4.476970495879748e-05,0.00018452830011368566
55,197,36755,151924,0,合理诉求,0.8809789710523465,0.052426103809940915,0.06659492513771252
32,107,210536,183981,0,合理诉求,0.3866183599060704,0.6103678978362274,0.0030137422577021715
13,142,140303,165548,0,合理诉求,0.9967034162437471,0.0030856539253912205,0.0002109298308616837
0,319,206325,170389,0,合理诉求,0.9998886940400611,9.152530905473973e-05,1.9780650884274785e-05
132,277,143030,427395,0,合理诉求,0.9995530146413504,0.00043883229321380643,8.153065435830318e-06
222,3,212637,53949,0,合理诉求,0.9942019954917112,0.005580814060410652,0.00021719044787814554
151,268,189807,250717,0,合理诉求,0.9494898892718769,0.04976289583368041,0.0007472148944426008
102,178,10167,112637,0,合理诉求,0.7286699973698716,0.27066977016791466,0.0006602324622136432
0,4,93355,334004,0,合理诉求,0.9877316452328657,0.012238314601951529,3.004016518264036e-05
100,124,174723,280152,0,合理诉求,0.9581352797549434,0.0376549873329949,0.004209732912061548
92,106,102309,385250,0,合理诉求,0.9997867742100709,0.00020532130898670803,7.904480942316224e-06
268,3,212182,334004,0,合理诉求,0.9812309105435109,0.014817257320941411,0.003951832135547704
13,192,193375,305734,0,合理诉求,0.8745225961615697,0.04921789353614806,0.07625951030228235
190,198,146589,105238,0,合理诉求,0.9998998398609957,8.585569896143721e-05,1.430444004284283e-05
302,133,138473,22402,0,合理诉求,0.5767246626550474,0.41509075422957403,0.008184583115378606
100,88,193886,26942,0,合理诉求,0.9997439324872538,0.0002142365195621614,4.183099318420628e-05
3,128,13070,81033,1,诉求偏高,0.3171727354229559,0.6732311222355614,0.009596142341482749
291,307,183889,300000,1,诉求偏高,0.0011186522636081001,0.9982728245197462,0.000608523216645763
4,268,72968,54214,0,合理诉求,0.9970697400724153,0.002734570690369994,0.00019568923721485006
246,117,93355,61081,0,合理诉求,0.9979866449568658,0.0020005594019519408,1.2795641182348298e-05
32,94,210611,150268,0,合理诉求,0.9919868834620884,0.007927572533175385,8.554400473608108e-05
13,179,220816,339894,0,合理诉求,0.8809228121535816,0.11889896166954711,0.00017822617687140708
7,83,183889,82651,0,合理诉求,0.9995046638315493,0.0002989878547310228,0.00019634831371954817
127,13,142016,17506,0,合理诉求,0.9456701724526589,0.028298505890794783,0.026031321656546414
253,102,183889,183090,0,合理诉求,0.9881431794282427,0.011203304494036375,0.0006535160777210497
115,246,198779,300000,0,合理诉求,0.9958506519599342,0.003901133196369083,0.00024821484369682824
42,2,38088,412805,0,合理诉求,0.7379578422400771,0.2144808687572833,0.04756128900263963
63,164,154241,130894,0,合理诉求,0.9999632820036647,3.5834484086727365e-05,8.835122484664924e-07
1,98,21470,273280,0,合理诉求,0.9999484606667355,4.2363524543625164e-05,9.17580872080438e-06
55,0,220883,409831,0,合理诉求,0.814979810592605,0.180003080373497,0.0050171090338980056
222,39,211520,326060,0,合理诉求,0.9805681594362502,0.019324409861469303,0.00010743070228065028
96,320,221084,169471,0,合理诉求,0.9997646319821423,0.0002295898212508272,5.778196606924861e-06
164,135,63116,217285,0,合理诉求,0.9993953140270422,0.0005610360788724447,4.364989408525241e-05
132,179,227346,154070,0,合理诉求,0.9980621679280551,0.0019327400910495323,5.091980895542736e-06
41,319,211449,300000,1,诉求偏高,0.027742181954964192,0.9498847612569352,0.022373056788100695
190,4,68454,436137,0,合理诉求,0.9444251584331262,0.05510931979998912,0.00046552176688465977
13,250,153699,194841,0,合理诉求,0.41137241779469214,0.5840492344745254,0.0045783477307824675
140,187,61139,349905,2,超额诉求,0.23731308935762652,0.25822034311798275,0.5044665675243907
146,7,227346,427035,0,合理诉求,0.9999389989686769,5.937049915935073e-05,1.6305321637515027e-06
146,1,210232,360270,0,合理诉求,0.9215033664361671,0.015176413172406136,0.06332022039142661
99,158,62216,299367,0,合理诉求,0.9306140942930826,0.06837554050841284,0.0010103651985046934
13,234,183889,300000,1,诉求偏高,0.16903999598362912,0.8064937839134851,0.024466220102885697
254,3,115003,120766,0,合理诉求,0.9846193595961575,0.013914930782222008,0.0014657096216205393
107,41,206405,368516,0,合理诉求,0.9955388151597425,0.003867271500528907,0.0005939133397284719
178,153,188562,191208,0,合理诉求,0.6167697634151468,0.380592516185343,0.0026377203995103
146,152,193886,358938,0,合理诉求,0.9999701789804691,2.657581136313742e-05,3.245208167843915e-06
1,100,227346,287737,0,合理诉求,0.3502894873048864,0.568474612940496,0.08123589975461758
321,299,227346,104383,0,合理诉求,0.980663368151243,0.017504083546824957,0.0018325483019321171
108,190,54287,260081,0,合理诉求,0.9777090337838054,0.02214841990355793,0.0001425463126368954
3,100,82437,140224,0,合理诉求,0.9995106787321487,0.0003758599503123123,0.00011346131753900266
5,182,227346,417035,0,合理诉求,0.9787469628994485,0.018298541566317186,0.002954495534234341
97,179,14084,337810,0,合理诉求,0.9997391327277058,0.0002491445256595384,1.1722746634756455e-05
112,262,198484,332631,0,合理诉求,0.9431643200009249,0.02879570487135698,0.028039975127718227
89,179,219262,449767,0,合理诉求,0.9894247984749385,0.006132531243307328,0.004442670281754135
132,67,79414,12749,0,合理诉求,0.9999137936371022,8.13219449700859e-05,4.884417927643917e-06
121,344,227346,153765,0,合理诉求,0.9979376411041605,0.0013146824052288058,0.000747676490610594
108,129,21132,297826,0,合理诉求,0.967555385360179,0.025523475693972984,0.0069211389458479705
277,96,160393,46067,0,合理诉求,0.9403003578838698,0.059424963764152704,0.0002746783519774599
201,269,194353,254375,0,合理诉求,0.9981945152270281,0.0017934016549882887,1.2083117983684118e-05
0,190,227346,365778,0,合理诉求,0.9278798690150867,0.07209462446366934,2.5506521243872195e-05
142,7,205604,367630,0,合理诉求,0.9738213513311156,0.025266881402843576,0.0009117672660408839
0,143,138207,156179,0,合理诉求,0.9270917936944644,0.07278565457822149,0.00012255172731411146
96,179,227346,446539,0,合理诉求,0.9676900342354962,0.031824884693327136,0.0004850810711766014
117,13,219127,151991,0,合理诉求,0.980749848119402,0.01890455874502281,0.0003455931355749948
31,0,184878,148488,0,合理诉求,0.8992922600897616,0.10038826598480746,0.0003194739254308501
104,0,196718,267108,0,合理诉求,0.9995989834234383,0.00031285343863298706,8.816313792880626e-05
1,290,171505,55041,0,合理诉求,0.9488410644723493,0.04918332683418252,0.00197560869346824
9,0,15258,103378,0,合理诉求,0.9990681611492495,0.0006344121268084631,0.00029742672394204774
158,117,227346,300000,0,合理诉求,0.9419604368090522,0.057075705079860956,0.000963858111087053
140,232,23677,236203,0,合理诉求,0.9093316073475742,0.03296156518404909,0.05770682746837663
190,222,227346,133616,0,合理诉求,0.995090073332569,0.0037021497374888582,0.0012077769299421363
25,79,224841,300000,1,诉求偏高,0.00031165235653494777,0.9995948747746587,9.347286880644072e-05
3,187,159164,209762,0,合理诉求,0.9090714852207364,0.08358033623927717,0.007348178539986438
270,164,741,79209,0,合理诉求,0.9823895540747644,0.0145128338303335,0.0030976120949021053
7,125,190698,90173,0,合理诉求,0.9898710284658871,0.010045673796742201,8.329773737064466e-05
25,11,178273,117895,0,合理诉求,0.9993356885412042,0.0004801469175610466,0.00018416454123471
25,143,113952,448070,0,合理诉求,0.9992915650674962,0.0006165883549438451,9.184657755994112e-05
189,105,45766,257991,0,合理诉求,0.9999717945895059,2.6495191790617123e-05,1.710218703511147e-06
178,12,126953,397557,0,合理诉求,0.9891752928155034,0.0019299878153604159,0.008894719369136175
110,343,183889,300000,1,诉求偏高,0.04458850510380741,0.9548966250214854,0.0005148698747072259
107,178,183889,50377,0,合理诉求,0.8868506326173049,0.05437807161136911,0.05877129577132609
222,63,191011,168642,0,合理诉求,0.8691627211558235,0.1019437277386303,0.028893551105546228
96,187,14084,90345,0,合理诉求,0.9661918310095909,0.0334910361761215,0.00031713281428755256
157,221,121546,319683,0,合理诉求,0.9990225993603784,0.0009237445727336548,5.3656066887893894e-05
89,98,69747,123793,0,合理诉求,0.9897690300305956,0.009729544947706548,0.0005014250216977664
311,150,205204,66968,0,合理诉求,0.998743790346795,0.0012472474482152565,8.962204989791123e-06
200,134,12749,306642,0,合理诉求,0.987543600343699,0.01243010135821564,2.62982980852824e-05
13,83,219947,208992,0,合理诉求,0.9892675148896733,0.009382117990963017,0.0013503671193636432
189,83,166592,145551,0,合理诉求,0.9998460893863365,0.00012533084983810364,2.8579763825279595e-05
1,256,199915,113514,0,合理诉求,0.9674980431176907,0.026830746710992722,0.005671210171316402
1,37,15199,154070,0,合理诉求,0.9993594771023752,0.00061068745195837,2.9835445666453406e-05
218,107,187888,300000,0,合理诉求,0.9815865294625475,0.01768440308408948,0.000729067453363059
97,99,180148,128627,0,合理诉求,0.9902745910676866,0.009548237403867071,0.0001771715284465797
257,13,104057,150563,0,合理诉求,0.970370980249785,0.029516623864334107,0.00011239588588098356
47,102,227346,300000,1,诉求偏高,0.26233711097999945,0.7366526043439264,0.0010102846760740804
321,142,176820,56685,0,合理诉求,0.9997363903417504,0.00025984766042701305,3.7619978226535855e-06
234,211,101529,203595,0,合理诉求,0.9972859432718952,0.00260464261749477,0.00010941411060998629
5,48,15877,216288,2,超额诉求,0.06649767549371213,0.19592404056553905,0.7375782839407488
160,137,152054,356385,0,合理诉求,0.9455404513117999,0.05408452805930148,0.0003750206288987124
106,178,300000,300000,0,合理诉求,0.5165270198687993,0.4704887270232804,0.012984253107920347
190,187,108226,44156,0,合理诉求,0.9987718202952323,0.0007383492205389402,0.0004898304842288561
0,187,171044,86952,0,合理诉求,0.9366878854078221,0.06202872038619774,0.001283394205980283
203,125,199261,82841,0,合理诉求,0.8993420344618822,0.07748994812091685,0.02316801741720105
309,192,210274,214869,1,诉求偏高,0.27738826576981596,0.7192960119559196,0.003315722274264341
210,42,122113,142059,0,合理诉求,0.9999947120924382,4.629242442822336e-06,6.586651188349817e-07
116,134,191996,144946,0,合理诉求,0.9937123581065767,0.006272691388105302,1.495050531808012e-05
35,112,161906,300000,1,诉求偏高,0.01235125499987707,0.9875543113997803,9.443360034246248e-05
25,215,86132,312000,0,合理诉求,0.9845481672318923,0.014980449842335365,0.0004713829257721324
13,104,92621,282580,0,合理诉求,0.9795925839072191,0.007888402553082569,0.012519013539698448
190,0,185442,428006,0,合理诉求,0.9186310440613273,0.07686218686533386,0.00450676907333879
0,268,205604,300000,1,诉求偏高,0.0016754988290200417,0.9778541480394972,0.020470353131482592
247,37,183889,149424,0,合理诉求,0.9893449807460999,0.007834790607843383,0.0028202286460569203
56,221,184209,69490,0,合理诉求,0.9955774293007958,0.0037126567356127985,0.0007099139635912294
111,27,213517,448581,2,超额诉求,0.3178508693994176,0.023053163185358938,0.6590959674152235
147,211,138144,78256,0,合理诉求,0.7389793710805274,0.24058849855415815,0.020432130365314435
125,243,40587,439310,0,合理诉求,0.9950339901796212,0.004095767233576003,0.0008702425868029772
173,118,226651,177796,0,合理诉求,0.9441368044881546,0.05555577917827428,0.0003074163335711524
3,244,97672,144524,0,合理诉求,0.9062492694276473,0.09053243609063451,0.0032182944817182313
169,33,227346,300000,2,超额诉求,0.0011080689869226957,0.21635951411543786,0.7825324168976394
42,257,153761,448165,0,合理诉求,0.648668779257713,0.34671423961520986,0.004616981127076927
197,219,223242,232780,0,合理诉求,0.8366067492374126,0.14821110905451465,0.015182141708072703
2,120,199334,4853,0,合理诉求,0.6999755271816316,0.2999509142111662,7.355860720214276e-05
187,142,176871,241670,0,合理诉求,0.9150500281353566,0.05149394964553252,0.03345602221911086
62,3,128617,159649,0,合理诉求,0.9919123786026682,0.007667597997237383,0.00042002340009431125
58,90,227346,418289,0,合理诉求,0.661528928409616,0.32883211674664586,0.00963895484373822
178,117,224826,273280,0,合理诉求,0.9999254829137064,6.287509677832081e-05,1.1641989515228784e-05
99,151,227346,300000,0,合理诉求,0.9456209032460235,0.042429629289707504,0.011949467464268846
1,312,223697,139529,0,合理诉求,0.9927481791001874,0.002909934453116609,0.004341886446695954
131,178,190863,307712,0,合理诉求,0.9999415957719682,3.505285288336812e-05,2.335137514838208e-05
100,117,82387,49478,0,合理诉求,0.9311244887218018,0.05336816452105865,0.015507346757139634
96,25,147127,173793,1,诉求偏高,0.23465498928843037,0.6987392586818104,0.06660575202975931
162,116,222881,151227,0,合理诉求,0.8617486305211615,0.13814229806752312,0.00010907141131538372
298,26,106131,186892,0,合理诉求,0.9862093370887703,0.013717172294336825,7.34906168929306e-05
137,154,206692,25071,0,合理诉求,0.5975705047809222,0.3841965770229113,0.018232918196166365
251,190,21719,362093,0,合理诉求,0.9837335910088175,0.00693858066478669,0.009327828326395806
1,230,93642,343921,0,合理诉求,0.839492459322014,0.15816180948887593,0.0023457311891099605
89,197,42871,204230,1,诉求偏高,0.045776609709788356,0.9263450941556292,0.027878296134582536
190,88,15877,195459,0,合理诉求,0.8659940676975995,0.1313343629902548,0.002671569312145845
278,2,210232,272024,1,诉求偏高,0.10400217347264687,0.7954405703612001,0.10055725616615302
13,0,184051,121447,0,合理诉求,0.9911361447893313,0.00812444581546871,0.000739409395199982
189,11,23282,137864,0,合理诉求,0.9995691153948703,0.00017826243272042177,0.00025262217240951406
181,1,118859,289325,0,合理诉求,0.9997339735644772,0.0002290434470085316,3.698298851411922e-05
226,11,69291,10787,1,诉求偏高,0.2401375476536694,0.7080319245144016,0.051830527831929034
91,100,205296,340986,0,合理诉求,0.3538475040948573,0.6451678845688101,0.000984611336332483
147,199,172274,256304,0,合理诉求,0.8807558215776791,0.11315248624643257,0.006091692175888437
3,264,137044,411079,0,合理诉求,0.9997651815807131,0.00022815469822276622,6.6637210641533464e-06
63,29,194437,312000,0,合理诉求,0.917304734923048,0.0716054323948767,0.011089832682075331
2,178,227346,156680,0,合理诉求,0.9838061911966418,0.013948546269897581,0.00224526253346059
32,200,124838,436137,0,合理诉求,0.9804436038704355,0.004469814818383684,0.015086581311180871
63,105,137790,380406,0,合理诉求,0.8072334048487744,0.1921612647993941,0.0006053303518313991
42,1,174255,127398,0,合理诉求,0.952727558408574,0.04604883832341983,0.0012236032680061064
100,42,183889,297826,0,合理诉求,0.9962420059857785,0.0027647792363018667,0.0009932147779198263
40,71,17929,316253,0,合理诉求,0.9848225820384823,0.01493682909090568,0.0002405888706120026
24,329,183889,440284,0,合理诉求,0.8742523750288185,0.12500472222298745,0.0007429027481940732
103,1,227346,400951,0,合理诉求,0.9967473378038664,0.002976196587822943,0.0002764656083107278
39,158,27315,149060,0,合理诉求,0.9892574256889379,0.008333365596130118,0.002409208714931987
106,0,216313,450263,1,诉求偏高,0.15962730958053828,0.4564922339331174,0.3838804564863443
103,13,114186,185452,0,合理诉求,0.9941369294773761,0.00572571354152136,0.00013735698110240441
90,179,220693,455258,0,合理诉求,0.7771088844937751,0.22155561185964773,0.0013355036465772664
1,43,99443,400951,0,合理诉求,0.991763047105236,0.007981461194421072,0.00025549170034302787
13,137,118559,429934,0,合理诉求,0.9851826560244192,0.01395181050664994,0.0008655334689308781
309,64,183889,300000,0,合理诉求,0.3995896405067477,0.6002302335175763,0.00018012597567604611
181,3,213266,21472,0,合理诉求,0.995360153613775,0.004614982740016919,2.486364620811947e-05
8,0,224785,365689,0,合理诉求,0.6790075646442383,0.0895895446455406,0.2314028907102212
27,104,123138,304541,0,合理诉求,0.9818328898081046,0.017006820130188293,0.0011602900617069698
236,291,223744,102098,2,超额诉求,0.01272906356340525,0.30677196823734515,0.6804989681992496
186,129,5949,203595,0,合理诉求,0.9668774835269265,0.01607323380901103,0.017049282664062436
42,13,146703,118182,0,合理诉求,0.9946928909457938,0.005061985166745832,0.0002451238874606012
102,71,201787,300000,1,诉求偏高,0.006165843126957302,0.992136600745061,0.0016975561279816687
235,148,134812,352766,0,合理诉求,0.9987377760638788,0.001256949783840417,5.274152280763862e-06
256,222,175827,348000,0,合理诉求,0.5327212597836827,0.39107270104152436,0.07620603917479295
1,70,13688,310068,0,合理诉求,0.9949990044999457,0.004768860318204451,0.0002321351818496559
15,151,160393,437583,0,合理诉求,0.9862306131263932,0.013498254861784775,0.00027113201182206464
152,222,172836,341894,0,合理诉求,0.930098847928216,0.01477750667788387,0.055123645393900154
165,203,15877,345655,0,合理诉求,0.9901218071582657,0.009771607302100272,0.00010658553963399803
164,21,193778,371405,0,合理诉求,0.9774648375468359,0.016625786763340897,0.005909375689823164
100,268,193650,188329,0,合理诉求,0.750747627805792,0.24866853404914507,0.0005838381450630097
28,135,82024,285456,0,合理诉求,0.9991117453105107,0.0007664734753501146,0.00012178121413918118
0,31,62582,427226,0,合理诉求,0.9856149892386351,0.011413381059035875,0.002971629702329063
25,1,51501,187020,0,合理诉求,0.9838327004397954,0.01612871000652681,3.8589553677904075e-05
27,198,151243,284294,0,合理诉求,0.6832833907086685,0.11065480838582761,0.20606180090550383
145,38,13070,326821,0,合理诉求,0.8487559858352444,0.14958576255040165,0.0016582516143540716
47,151,217103,300000,0,合理诉求,0.7859981031168239,0.21230156887575302,0.0017003280074230345
4,0,204154,417450,0,合理诉求,0.5086612588458913,0.48999768037774294,0.0013410607763657974
0,34,214956,162279,0,合理诉求,0.9852058596145756,0.014497405055768586,0.00029673532965569154
82,278,4771,292110,0,合理诉求,0.9999582339566535,1.081967017596994e-05,3.0946373170458894e-05
100,68,85238,358569,0,合理诉求,0.9816009971251833,0.015875573920299785,0.002523428954516857
91,182,108150,137096,0,合理诉求,0.9975411686177169,0.0015169408931828157,0.0009418904891003054
25,1,15877,246650,0,合理诉求,0.5151429136513019,0.4042536877287847,0.08060339861991328
88,320,211045,19210,0,合理诉求,0.9993057451259144,0.000457582970365157,0.0002366719037204316
100,319,173748,104383,0,合理诉求,0.9985294399696388,0.0010071667867821558,0.00046339324357900656
264,0,124901,162524,0,合理诉求,0.9614239218916744,0.038433901104512,0.00014217700381361265
190,151,211520,391011,0,合理诉求,0.999798228521513,0.0001700725210028845,3.1698957483976606e-05
157,67,183889,453554,0,合理诉求,0.9928048247819568,0.006758343679032267,0.00043683153901080197
102,98,114529,34068,0,合理诉求,0.998530618666874,0.0014324584230590645,3.692291006684134e-05
14,1,188777,10867,0,合理诉求,0.9997969514996383,0.0001965269964992359,6.52150386246872e-06
232,135,64307,300000,0,合理诉求,0.9923806295847529,0.0074032131478873634,0.0002161572673597829
151,264,218234,236252,0,合理诉求,0.9155084808460728,0.08102916792649376,0.0034623512274334755
55,178,227346,263807,0,合理诉求,0.7231986464392486,0.2731452185099375,0.0036561350508139143
105,1,192286,379031,0,合理诉求,0.6555391772994255,0.3200582595382598,0.024402563162314816
181,110,176509,75094,0,合理诉求,0.8463146249312044,0.13067277977840916,0.023012595290386472
246,190,215052,184129,0,合理诉求,0.9960700768636336,0.0018280304976359902,0.0021018926387304576
151,134,193650,165309,0,合理诉求,0.9996262289949008,0.000321047177359497,5.272382773982344e-05
220,3,188562,432205,0,合理诉求,0.9971880460018075,0.002267328443839911,0.0005446255543524074
4,103,54888,158971,0,合理诉求,0.9064730088721148,0.09335786714608683,0.00016912398179824397
43,1,89593,80395,0,合理诉求,0.9626828983350452,0.037279651639109394,3.745002584533547e-05
99,143,169968,137827,0,合理诉求,0.9896104734170903,0.009960463039230968,0.00042906354367859285
145,151,227346,373657,0,合理诉求,0.716930964105545,0.2686828938596575,0.01438614203479744
223,244,187623,30592,0,合理诉求,0.9655692455779997,0.03108047113898197,0.003350283283018503
0,143,27766,165548,0,合理诉求,0.9593449283327605,0.039112527948013766,0.0015425437192257405
41,354,118026,74381,0,合理诉求,0.999262027623814,0.0006518081984229987,8.616417776306217e-05
142,56,177391,108739,0,合理诉求,0.9991895758736599,0.0008051329830828577,5.291143257343435e-06
77,344,129386,274398,0,合理诉求,0.9882760406064359,0.011152760182001585,0.0005711992115624234
58,20,78045,10728,0,合理诉求,0.9860390712368626,0.011451486279777559,0.00250944248335987
91,1,193650,296558,2,超额诉求,0.18317606234309494,0.1655590817359515,0.6512648559209535
190,178,190513,363691,0,合理诉求,0.7838257424767273,0.02535333448235722,0.1908209230409154
144,14,227346,254873,0,合理诉求,0.9829761208595463,0.015215051158980924,0.001808827981472771
190,128,190904,222938,0,合理诉求,0.9999739085365386,2.0622054642784004e-05,5.469408818675019e-06
99,350,149702,403170,0,合理诉求,0.9975124979643192,0.0024581571929846472,2.934484269618329e-05
76,257,148748,381045,0,合理诉求,0.9308145929889362,0.06836386699643722,0.000821540014626461
102,178,199668,405431,0,合理诉求,0.9426584253015464,0.05703422171813814,0.00030735298031550504
0,146,224332,317546,0,合理诉求,0.9999321589767061,5.748599899696584e-05,1.035502429704808e-05
42,76,72009,360091,0,合理诉求,0.9527679774731098,0.044370070921253696,0.0028619516056363706
2,114,10288,318435,0,合理诉求,0.981025388407005,0.018901027145448862,7.35844475458943e-05
151,39,227346,367035,0,合理诉求,0.5244990487471449,0.33724961580017954,0.13825133545267548
24,151,108697,200953,0,合理诉求,0.5811479233961507,0.40826851304577316,0.010583563558076112
226,268,18414,404314,0,合理诉求,0.9847915695096984,0.014908867104190907,0.00029956338611071385
179,268,13855,254364,0,合理诉求,0.9996563777965993,0.00019244205720828325,0.00015118014619245278
1,108,79489,97667,0,合理诉求,0.9993102363064711,0.0006805537113636267,9.209982165288382e-06
44,165,122990,350564,0,合理诉求,0.9776900043306511,0.018639428846422893,0.0036705668229259744
0,4,183889,212899,0,合理诉求,0.9198306408310759,0.06939090733768463,0.010778451831239468
220,38,227346,436934,0,合理诉求,0.9979561624406346,0.0015979432572641576,0.0004458943021014971
95,125,183889,300000,1,诉求偏高,0.151596247509077,0.8475478568099971,0.0008558956809259383
151,187,222142,137864,1,诉求偏高,0.028709368876130167,0.9537017055112286,0.017588925612641196
253,2,149756,364266,0,合理诉求,0.8133799717576854,0.17880824099372533,0.007811787248589344
179,178,4704,42624,0,合理诉求,0.9453845982385025,0.05383006705259021,0.0007853347089073501
365,320,15877,245678,0,合理诉求,0.7859032884721494,0.19924766962528584,0.014849041902564641
0,96,183889,300000,1,诉求偏高,0.29974632550462865,0.6684712420261725,0.03178243246919898
9,179,220839,379768,0,合理诉求,0.999169495956541,0.0008245261411143658,5.97790234482392e-06
48,2,78191,81909,0,合理诉求,0.9649396813890294,0.032823492387815865,0.002236826223154845
13,190,183889,257744,0,合理诉求,0.9916097811848906,0.007656897785315086,0.0007333210297942921
183,2,183889,159723,0,合理诉求,0.9893683617557802,0.009936820534700871,0.0006948177095189527
189,119,129203,23233,0,合理诉求,0.9349569792271729,0.023831176699927414,0.04121184407289975
178,63,144842,358938,0,合理诉求,0.5104636003832609,0.48885299409526584,0.0006834055214732859
58,178,74535,362839,0,合理诉求,0.9977767593556098,0.002163169805491845,6.007083889836801e-05
101,156,227346,232920,0,合理诉求,0.995434087557725,0.004381022611986446,0.0001848898302885295
4,155,172964,161962,0,合理诉求,0.9542464580826411,0.04472615984975093,0.0010273820676078686
55,15,227346,112065,0,合理诉求,0.6337724138645561,0.04220959700718182,0.32401798912826213
37,1,154210,220337,0,合理诉求,0.9887139143556039,0.01078680538149002,0.0004992802629060307
55,189,189493,396543,0,合理诉求,0.9930694498667278,0.004520963847895684,0.002409586285376574
179,178,188510,194076,0,合理诉求,0.9999445967336408,3.630995942606167e-05,1.9093306933024188e-05
145,0,227346,60479,0,合理诉求,0.9595244803856522,0.03904850871771527,0.001427010896632578
106,109,170196,266156,0,合理诉求,0.9986854474151324,0.0012287813992473472,8.577118562023266e-05
117,0,156694,292221,0,合理诉求,0.863082168366752,0.135768534954628,0.0011492966786200783
2,0,153121,89575,0,合理诉求,0.9782924268026204,0.021573206111276257,0.00013436708610330088
110,7,87215,368729,0,合理诉求,0.9944473127407439,0.003939606378298642,0.0016130808809573095
178,102,139637,290644,0,合理诉求,0.9610810173707346,0.013524404461935173,0.025394578167330255
5,151,174462,428908,0,合理诉求,0.9368680954540699,0.062309057000893404,0.0008228475450368166
79,220,227346,381130,0,合理诉求,0.47276753415508305,0.5166324844196577,0.01059998142525926
0,0,183288,31523,0,合理诉求,0.9408530630382588,0.05898400800923177,0.0001629289525095307
337,307,181103,20847,0,合理诉求,0.9565633690310064,0.021189276658745954,0.022247354310247824
276,127,134127,380279,0,合理诉求,0.9895532469789822,0.008425775624940679,0.0020209773960771973
88,197,15877,77230,0,合理诉求,0.9993003642590387,0.0003311907604449275,0.000368444980516435
41,132,20488,317783,0,合理诉求,0.9856495279972817,0.0014235005724709455,0.012926971430247179
32,110,198058,14158,0,合理诉求,0.9253509313003807,0.07049225582614152,0.004156812873477941
26,179,183889,278628,0,合理诉求,0.8948663424068634,0.09915284134640778,0.005980816246728792
211,126,103615,159649,0,合理诉求,0.977081221662004,0.005436643292709659,0.017482135045286243
42,238,15439,278632,0,合理诉求,0.7463348396876754,0.25239218378627376,0.0012729765260508085
76,246,183889,300000,1,诉求偏高,0.02559047051934784,0.9614723191771309,0.012937210303521171
92,268,225538,448280,0,合理诉求,0.9771760810081322,0.020888966988794725,0.001934952003073001
151,179,46532,26942,0,合理诉求,0.9873895865554112,0.012576162862076669,3.425058251211229e-05
93,6,125764,187229,0,合理诉求,0.9842751722357667,0.008083681553495405,0.007641146210738005
15,179,169374,254135,0,合理诉求,0.9999717063526938,2.7055189573434534e-05,1.238457732834438e-06
151,261,194353,111586,0,合理诉求,0.994896342848814,0.00499602993491487,0.00010762721627110665
99,292,71914,91651,0,合理诉求,0.9872854043068694,0.011484256452203719,0.0012303392409268863
109,63,205604,300000,0,合理诉求,0.44071909581596963,0.5585413799934508,0.0007395241905795182
110,319,183889,300000,1,诉求偏高,0.2356161653589353,0.7643437309973271,4.010364373750536e-05
312,63,183889,297528,0,合理诉求,0.9852247030171566,0.00512026132960088,0.009655035653242635
178,176,188771,429196,0,合理诉求,0.9996834526428614,0.0003059358712114557,1.0611485927237408e-05
1,357,131525,31330,0,合理诉求,0.998055235581563,0.001518090494476344,0.00042667392396074073
268,100,227346,435440,0,合理诉求,0.5863360358118876,0.09802982546542537,0.315634138722687
25,268,227346,187655,0,合理诉求,0.9852058587869634,0.01398164159758095,0.0008124996154556238
222,227,187857,374235,0,合理诉求,0.562963705721068,0.4219891708451161,0.015047123433815857
122,187,42871,103605,0,合理诉求,0.9934332542013509,0.006540447615990861,2.6298182658200104e-05
101,3,7424,12749,0,合理诉求,0.9199556136639009,0.026853967277565095,0.053190419058533944
3,4,196543,440284,0,合理诉求,0.9700615585849883,0.02985354285743386,8.489855757783063e-05
99,106,226651,367259,0,合理诉求,0.8951991422289209,0.0341998682574979,0.07060098951358121
188,79,40911,130894,0,合理诉求,0.9654430638112055,0.03387243877501343,0.0006844974137811571
268,1,147363,72115,1,诉求偏高,0.25746969883953136,0.7373168103486261,0.005213490811842555
0,178,227346,206786,0,合理诉求,0.8289336777154399,0.16974133601657465,0.001324986267985441
137,178,183770,229373,0,合理诉求,0.9442587960839551,0.025279173601713674,0.030462030314331194
143,109,16971,363213,0,合理诉求,0.9124662675038588,0.08505538779023263,0.0024783447059083777
121,102,126100,262847,0,合理诉求,0.9701556009035252,0.015913099050024217,0.013931300046450738
189,13,188022,320285,0,合理诉求,0.9762284935624872,0.010626616632173028,0.013144889805339796
181,37,42026,302382,0,合理诉求,0.4747535717368255,0.523373266099986,0.0018731621631884287
127,199,183889,125541,0,合理诉求,0.869444016098909,0.12816197681868532,0.0023940070824057234
1,178,105777,399343,0,合理诉求,0.9952368930985941,0.0038558506822658233,0.000907256219140096
365,136,227346,200773,0,合理诉求,0.48974690872213694,0.5085112156692644,0.0017418756085986475
108,261,64893,113906,0,合理诉求,0.9987206823287669,0.0011460067793245513,0.00013331089190856177
181,134,227346,292177,0,合理诉求,0.33573310409548096,0.1958792897531681,0.468387606151351
3,197,82453,290099,0,合理诉求,0.8840297631783987,0.10542969900366689,0.010540537817934435
125,184,211828,59843,0,合理诉求,0.999431868227009,0.0005501444632749788,1.7987309715936592e-05
110,146,113451,281679,0,合理诉求,0.6669949775986793,0.3202567545588402,0.012748267842480487
178,183,124322,309157,0,合理诉求,0.7125452637854982,0.28676642016864506,0.0006883160458567639
43,322,44415,306491,0,合理诉求,0.982436936425098,0.014759368225560728,0.0028036953493413845
129,221,227346,300000,1,诉求偏高,0.022427142048211786,0.9775084702321203,6.438771966784953e-05
32,215,69106,36892,0,合理诉求,0.9795731728620336,0.020195687154561343,0.00023113998340495762
151,76,227346,300000,1,诉求偏高,0.02730556793881959,0.9708139493508345,0.0018804827103459706
223,101,118859,404231,0,合理诉求,0.44636808876330514,0.5372185179222405,0.016413393314454294
89,198,184878,90928,0,合理诉求,0.9931566898298487,0.006667195921978538,0.00017611424817277034
227,120,43546,152083,0,合理诉求,0.9809386373780428,0.009066548015328758,0.009994814606628532
79,178,227346,285755,0,合理诉求,0.978114952196168,0.017432582896201976,0.004452464907630093
42,203,184209,300000,0,合理诉求,0.990768813657836,0.00912115859179381,0.00011002775037030197
25,292,18224,104402,0,合理诉求,0.9853453659924195,0.014624231860326667,3.0402147254012675e-05
289,178,224515,207026,0,合理诉求,0.7568957311657905,0.24020657974266535,0.002897689091544159
99,110,101842,26957,0,合理诉求,0.9995666843554311,0.0004033118512885164,3.000379328048075e-05
1,190,213517,183994,0,合理诉求,0.995497006782868,0.0038285887665549345,0.0006744044505769957
63,102,97572,412413,0,合理诉求,0.9883674680072859,0.005302162177312272,0.006330369815401845
145,220,74041,437879,0,合理诉求,0.9894642546177761,0.010124217225442145,0.00041152815678194667
115,178,227346,300000,1,诉求偏高,0.003005118079132896,0.9841703850532946,0.012824496867572584
109,121,208648,121447,0,合理诉求,0.9865671798531214,0.004800235100389393,0.008632585046489201
146,137,218216,262569,0,合理诉求,0.9997675162275295,0.00023014706978631642,2.3367026842368283e-06
151,137,39040,95816,0,合理诉求,0.7974365717577935,0.06801544072384014,0.13454798751836644
139,158,115419,300340,0,合理诉求,0.9955464516428393,0.004366957104462744,8.659125269779544e-05
268,136,227346,237969,0,合理诉求,0.9430728772331337,0.056427891651762686,0.0004992311151037079
225,103,104625,8174,0,合理诉求,0.9995094380287118,0.00043578039877621147,5.4781572511830596e-05
162,63,183889,300000,0,合理诉求,0.37027194173677463,0.48449802213005805,0.14523003613316723
158,33,193886,300000,1,诉求偏高,0.0107667864914321,0.8025619772429611,0.1866712362656068
98,188,196670,240789,0,合理诉求,0.9301711752079532,0.06517061764983664,0.004658207142210197
53,179,183427,337130,0,合理诉求,0.9910146192460976,0.007833498722203089,0.0011518820316993306
148,199,227346,300000,1,诉求偏高,0.03957368856089811,0.7568099458307839,0.20361636560831803
34,178,201489,9067,0,合理诉求,0.993799504275878,0.006176522401187331,2.3973322934668097e-05
117,222,176047,97667,1,诉求偏高,0.10093993563873072,0.6049060685341654,0.29415399582710383
147,21,127028,188329,0,合理诉求,0.7118984706456264,0.28805953521083344,4.199414354028164e-05
68,184,79414,417382,0,合理诉求,0.9562737587413053,0.04355790952593274,0.00016833173276184046
109,1,98353,361190,0,合理诉求,0.9791813479450222,0.020643153908259142,0.00017549814671848136
59,142,87215,369871,0,合理诉求,0.9736201093138003,0.02250092634750686,0.0038789643386927964
0,3,162971,75164,1,诉求偏高,0.08734343824398615,0.8659591080851159,0.04669745367089786
13,246,125764,96722,0,合理诉求,0.96598952063845,0.023795897270347897,0.010214582091201988
232,34,184209,300000,0,合理诉求,0.9686487077476796,0.030767734648690447,0.0005835576036300606
256,134,178246,261266,0,合理诉求,0.969270807255782,0.024719821448846564,0.006009371295371411
146,271,193886,300000,0,合理诉求,0.7717290724636315,0.22825499045399875,1.5937082369650004e-05
179,199,226363,354613,0,合理诉求,0.992727857064834,0.007195600529524787,7.654240564120182e-05
268,179,164551,150893,0,合理诉求,0.9968325322524583,0.002963462612410866,0.00020400513513087515
13,190,24933,325932,0,合理诉求,0.9872902229591602,0.009460588091281138,0.0032491889495587256
146,222,183889,243170,0,合理诉求,0.8778566466791321,0.11940136314926647,0.0027419901716013413
55,102,97270,147953,0,合理诉求,0.9860336393936497,0.011082898087938312,0.002883462518411943
83,268,227346,300000,1,诉求偏高,0.06926167181622513,0.9298381579872423,0.0009001701965325415
185,43,205742,426409,0,合理诉求,0.8367163433093722,0.11014677865597944,0.05313687803464832
40,30,9459,39537,0,合理诉求,0.9931663832423712,0.006785093109693513,4.852364793547251e-05
0,234,183889,300000,0,合理诉求,0.9451780750730848,0.05466943309622516,0.00015249183068998968
209,178,220639,402896,0,合理诉求,0.9986817127465831,0.001243561792704969,7.47254607118914e-05
4,34,191947,173827,0,合理诉求,0.9805211146853631,0.01905158685481544,0.0004272984598216113
101,246,199261,300000,0,合理诉求,0.7295035839597375,0.2694574195160532,0.0010389965242093768
40,132,203694,386074,0,合理诉求,0.9687608210431635,0.028689692176436413,0.0025494867803999167
109,43,183485,208406,0,合理诉求,0.7355072842484892,0.01229765387644212,0.2521950618750687
132,4,212638,228192,2,超额诉求,0.3294816947071429,0.3024965884332989,0.36802171685955826
222,42,227346,274738,0,合理诉求,0.9721427419807972,0.027820840718156242,3.641730104649924e-05
228,185,197553,300000,1,诉求偏高,0.013332226715466322,0.9843401816693076,0.0023275916152260896
146,228,42471,300000,1,诉求偏高,0.01267865119331115,0.9746929769971826,0.012628371809506175
234,0,227346,145134,0,合理诉求,0.4597278734641002,0.08103486149325749,0.4592372650426423
268,192,190005,253803,0,合理诉求,0.8270065498452981,0.16862125795684008,0.004372192197861665
2,87,124164,183685,0,合理诉求,0.9997206912093483,4.448653990555988e-05,0.00023482225074614245
0,178,1030,261333,0,合理诉求,0.8754801561012329,0.11076466849799768,0.013755175400769584
147,0,153185,19584,0,合理诉求,0.6349252004809014,0.1811311795232684,0.1839436199958302
132,65,175957,319896,0,合理诉求,0.968176110775532,0.03176217156744003,6.171765702789385e-05
14,268,227346,60279,0,合理诉求,0.9188782755082354,0.07932595112993625,0.0017957733618283347
12,88,14084,300000,1,诉求偏高,0.018136083741181645,0.6732321287036579,0.30863178755516035
309,63,193375,300000,0,合理诉求,0.37101012221409185,0.6284653065353905,0.0005245712505176722
258,0,120179,306314,0,合理诉求,0.6768110492615717,0.25273921203617206,0.07044973870225625
115,62,170123,436291,0,合理诉求,0.9938967452673154,0.0022464328521618953,0.0038568218805225675
4,7,126695,136918,0,合理诉求,0.9527030493801332,0.04671635314738525,0.0005805974724815091
11,125,110996,409385,0,合理诉求,0.9591727961309423,0.03961975863647193,0.0012074452325858064
25,92,206943,447499,0,合理诉求,0.9872868755619221,0.011133301022873084,0.0015798234152048028
4,76,74759,192295,0,合理诉求,0.9729133915727909,0.026431177203443536,0.0006554312237656199
27,158,146182,343424,0,合理诉求,0.9997363392468798,5.80749945701435e-05,0.00020558575854997033
180,13,201815,365778,0,合理诉求,0.9997556284337247,0.00014013195012989896,0.0001042396161453397
217,132,190672,63594,0,合理诉求,0.9933711480739646,0.00652528647776214,0.00010356544827321682
63,243,46301,100106,0,合理诉求,0.9313356312921379,0.06841607325028107,0.0002482954575810352
7,62,227346,146078,0,合理诉求,0.9743415911109918,0.005728300182347039,0.019930108706661002
151,88,183889,56127,0,合理诉求,0.6301821815661908,0.32440567465592246,0.04541214377788669
356,4,208254,372365,0,合理诉求,0.9938566615198093,0.0012252008238640517,0.004918137656326695
268,291,227346,300000,0,合理诉求,0.7586979063518932,0.2412246157339082,7.747791419868872e-05
216,1,132459,431652,0,合理诉求,0.9994240952802758,0.0005688812377591081,7.023481965085886e-06
187,67,15120,285810,0,合理诉求,0.9072793353480761,0.08828895927181632,0.00443170538010768
42,3,51270,238011,0,合理诉求,0.9968472142479247,0.0029651496133607977,0.00018763613871458694
318,181,227346,33688,0,合理诉求,0.9365468042827659,0.05285003282693782,0.010603162890296261
249,268,138872,27144,0,合理诉求,0.9485833127929459,0.049241516806102184,0.0021751704009517394
4,132,208679,60657,0,合理诉求,0.997457837834273,0.0021968347988805346,0.00034532736684665026
152,100,182022,300000,1,诉求偏高,0.0009159215186297317,0.9990765770073621,7.501474008142799e-06
143,15,225876,295559,0,合理诉求,0.46310035372452607,0.17250081159945033,0.3643988346760237
253,106,196422,204475,0,合理诉求,0.9999200507783079,7.606583853798832e-05,3.8833831539488625e-06
24,155,100524,33688,0,合理诉求,0.7770595526579922,0.1724424308910289,0.050498016450978886
328,130,223453,12784,0,合理诉求,0.9976867788697927,0.001239917963334478,0.001073303166872729
178,134,195046,395587,0,合理诉求,0.8387243661065479,0.14621623999315067,0.015059393900301307
218,2,227346,264711,0,合理诉求,0.8364954130072715,0.11174850054877407,0.051756086443954546
179,197,123601,226222,0,合理诉求,0.8465509635117896,0.14926744665748332,0.004181589830726985
291,143,41477,299524,0,合理诉求,0.9049980984315016,0.09257235888947084,0.002429542679027505
94,0,227346,369430,0,合理诉求,0.9853742941190582,0.013916623775022148,0.0007090821059195391
25,23,10093,232726,0,合理诉求,0.9999068481480399,8.628002879471154e-05,6.871823165581666e-06
1,127,185937,2249,0,合理诉求,0.993246403327904,0.006409908738716594,0.00034368793337951644
3,0,203152,375214,1,诉求偏高,0.07641008095031526,0.7777559934732671,0.14583392557641767
182,178,193650,243170,0,合理诉求,0.614616756870226,0.3397540801070298,0.045629163022744126
190,230,165175,333272,0,合理诉求,0.9345547561642464,0.06481937423262106,0.0006258696031323274
2,211,83644,134651,0,合理诉求,0.9943197523808434,0.005677969810363356,2.2778087932574807e-06
25,140,134047,96298,0,合理诉求,0.9993180827353251,0.0006335522176986702,4.8365046976229325e-05
145,20,127331,392912,0,合理诉求,0.9973823140743703,0.0026150564009188673,2.6295247108458023e-06
2,55,190766,239740,0,合理诉求,0.9979254413187525,0.0019691416598602847,0.00010541702138723067
12,249,215974,300000,1,诉求偏高,0.07777853355515049,0.7356714901893463,0.18654997625550335
56,14,45431,146299,0,合理诉求,0.9567866278502127,0.02925878604071821,0.013954586109068906
63,3,53562,291712,0,合理诉求,0.9990984145793,0.0008782205315675173,2.336488913235158e-05
253,99,18279,60479,0,合理诉求,0.9652257008255031,0.034389124522474404,0.0003851746520226311
277,197,183889,1552,0,合理诉求,0.9473220178143,0.0479786480033335,0.004699334182366625
100,179,194452,365708,0,合理诉求,0.9943078960838347,0.005488607515099052,0.00020349640106630615
44,27,152813,200446,0,合理诉求,0.9912108250751934,0.008571636068310086,0.00021753885649651992
193,79,185356,377228,0,合理诉求,0.9936940635429163,0.004718261939709399,0.0015876745173742882
105,132,179687,69493,0,合理诉求,0.9870889120783366,0.012427044839204109,0.0004840430824593214
146,187,177766,23266,0,合理诉求,0.5915520951845203,0.3976859059156949,0.010761998899784806
162,117,142543,193792,0,合理诉求,0.9767574472343046,0.02309893563297071,0.00014361713272468797
196,76,14084,99185,0,合理诉求,0.9906294932851881,0.007304889189515823,0.002065617525296018
318,32,127588,329517,0,合理诉求,0.4921326488126222,0.4282609996574985,0.07960635152987931
218,234,209602,300000,0,合理诉求,0.9743685397427119,0.025170228431293337,0.00046123182599465737
13,291,211520,78320,0,合理诉求,0.9864454088609329,0.012503137606407472,0.0010514535326596713
277,111,183889,381293,0,合理诉求,0.8463580318446968,0.1424338081161754,0.011208160039127868
104,235,192571,9015,0,合理诉求,0.9991457774157944,0.000846947491176707,7.27509302889666e-06
100,110,185696,411792,0,合理诉求,0.6753262898586533,0.32152646237664106,0.003147247764705667
199,115,101919,402896,0,合理诉求,0.9586057422383869,0.03567168054245767,0.005722577219155458
0,212,227346,219243,0,合理诉求,0.9059965366386141,0.08663532041955867,0.00736814294182729
268,221,199654,322304,0,合理诉求,0.9998506946510372,0.00014469800980243048,4.607339160536427e-06
12,96,207959,445372,0,合理诉求,0.9589838166203848,0.040894423972678694,0.00012175940693650401
147,3,227346,397587,0,合理诉求,0.5314894580760501,0.44259797776489623,0.025912564159053766
146,4,223752,300000,1,诉求偏高,0.22744560730622523,0.772520699258476,3.369343529871091e-05
196,195,211658,188329,0,合理诉求,0.9793326434332376,0.009597079841215196,0.011070276725547366
232,55,198779,300000,0,合理诉求,0.9702007348361671,0.029396627258308175,0.00040263790552469447
222,151,47703,315174,0,合理诉求,0.9530050493127011,0.03872230767166466,0.008272643015634235
197,274,180036,378232,0,合理诉求,0.9971313938018646,0.002566376166140061,0.0003022300319955834
146,225,109503,46256,0,合理诉求,0.99996928326079,2.98367217320805e-05,8.800174778198361e-07
101,193,162003,262876,0,合理诉求,0.907886352713119,0.09192078334824115,0.00019286393863974377
90,88,176433,191219,0,合理诉求,0.9906866398542195,0.00847267737131927,0.0008406827744612918
197,27,34321,359465,0,合理诉求,0.9993333483314017,0.0004371439654743719,0.00022950770312389732
47,14,451,145383,0,合理诉求,0.9570440036977175,0.042619543053599336,0.00033645324868326144
4,233,112629,403716,0,合理诉求,0.875733674698279,0.09028730961677583,0.033979015684945116
9,232,40307,300155,0,合理诉求,0.988412874930346,0.00929314240292362,0.0022939826667303623
102,63,40244,417287,0,合理诉求,0.9960729087455419,0.0038142501388822667,0.00011284111557598838
100,203,37591,189455,0,合理诉求,0.863682453918991,0.133900568599682,0.002416977481327019
100,137,164863,290464,0,合理诉求,0.9980745766200515,0.0013437394790593062,0.000581683900889151
197,127,96899,9647,0,合理诉求,0.9836500488460835,0.01589322831943856,0.0004567228344777408
63,168,180777,276092,0,合理诉求,0.997473650030223,0.002212422015640466,0.0003139279541364552
218,222,223752,261372,0,合理诉求,0.9988038182514845,0.000978338739671894,0.00021784300884356223
190,268,171040,312714,1,诉求偏高,0.094135870703462,0.8214682553281961,0.0843958739683419
13,178,74406,177998,0,合理诉求,0.8162010932089397,0.05835158530202944,0.12544732148903068
172,89,62183,98213,0,合理诉求,0.9967773251593879,0.003130598876881749,9.207596373052204e-05
14,3,195354,273981,1,诉求偏高,0.2868252599283598,0.7114560220544461,0.0017187180171941935
190,179,212328,265067,0,合理诉求,0.9315098498424619,0.05709235433725606,0.011397795820282096
3,251,223753,373334,0,合理诉求,0.9429573851163233,0.055946904913185366,0.0010957099704911896
89,42,174808,141000,0,合理诉求,0.9999668823125731,2.7139146072959937e-05,5.978541353795962e-06
31,110,220883,185392,0,合理诉求,0.9154048484417556,0.08396400681789817,0.0006311447403462636
178,0,183889,245717,0,合理诉求,0.9692442946271503,0.03061061172850329,0.00014509364434615583
179,157,15877,49448,0,合理诉求,0.9941926873734178,0.005684634965487369,0.0001226776610948467
106,164,200080,30661,0,合理诉求,0.9623718615273303,0.0320751852274449,0.005552953245224787
3,179,15877,249448,0,合理诉求,0.3848674912034943,0.6086479430612204,0.006484565735285265
142,124,22344,260224,0,合理诉求,0.9986110320401749,0.0011736571512254374,0.000215310808599744
133,132,183889,453994,0,合理诉求,0.9607891911375958,0.035794194004503434,0.003416614857900863
63,199,97270,384484,0,合理诉求,0.9870747531423808,0.012877808087564396,4.7438770054938023e-05
82,132,193886,426409,0,合理诉求,0.3468013915359702,0.029157039045934776,0.624041569418095
111,179,113451,13943,0,合理诉求,0.9981801465351986,0.0001975964554335872,0.0016222570093678238
315,271,209602,300000,0,合理诉求,0.6152239005155367,0.3774159027418382,0.0073601967426250485
179,178,44614,404381,0,合理诉求,0.9671339814675105,0.03281814979967629,4.786873281324574e-05
117,276,220225,198367,0,合理诉求,0.9883147343052852,0.004751880792384607,0.00693338490233031
0,203,183889,300000,1,诉求偏高,0.00892125699606124,0.9902524461829609,0.0008262968209778818
6,100,227346,254335,0,合理诉求,0.9992544115429367,0.0005450971678517943,0.00020049128921136665
44,38,32511,127111,0,合理诉求,0.7980170813730182,0.16630766225818674,0.03567525636879505
146,173,15441,21858,0,合理诉求,0.757447419248226,0.0005594643926280177,0.241993116359146
142,197,215974,300000,0,合理诉求,0.9896575783793886,0.010204886845366114,0.00013753477524534622
247,234,84067,428082,0,合理诉求,0.9051409263372963,0.09266018753271116,0.002198886129992577
9,232,42471,300000,1,诉求偏高,0.052111108632796374,0.9460940520437713,0.001794839323432466
268,40,101579,397211,0,合理诉求,0.9137353919240665,0.0499353162855972,0.036329291790336386
302,33,30083,137139,0,合理诉求,0.9968872367446655,0.002988229373511988,0.00012453388182231224
22,76,192208,400521,0,合理诉求,0.9991243275794929,0.0007756483783505603,0.00010002404215642003
207,106,159837,54004,0,合理诉求,0.9996930795289095,0.0002684885690102228,3.843190208008614e-05
100,312,140309,299478,0,合理诉求,0.9987764507809437,0.0011964814433868915,2.7067775669286644e-05
222,100,150252,257563,0,合理诉求,0.9367778151621338,0.0624052732724266,0.0008169115654396328
89,179,21210,170201,0,合理诉求,0.9595403375450166,0.025857740328178145,0.014601922126805387
146,166,198459,421648,1,诉求偏高,0.26650245125982164,0.4896762384565541,0.24382131028362433
102,102,78045,216288,0,合理诉求,0.824205333803719,0.1618299534045931,0.013964712791688016
82,315,227346,44656,0,合理诉求,0.9995615002422209,0.00038677070437207747,5.172905340685343e-05
0,217,129271,15870,0,合理诉求,0.9793921648839984,0.014647140368385674,0.0059606947476160245
366,122,189184,329080,0,合理诉求,0.9994109470470599,0.0004830280925585927,0.00010602486038140334
42,6,21210,305641,0,合理诉求,0.9999478821106296,4.450084923471497e-05,7.617040135584207e-06
196,278,227346,308513,0,合理诉求,0.9717275840237042,0.01789381337558861,0.010378602600707302
227,132,958,294128,0,合理诉求,0.9967119784169572,0.0032491974781336877,3.882410490915412e-05
0,88,115404,355145,0,合理诉求,0.6708195382757836,0.3251736388849955,0.00400682283922098
151,117,76249,195586,0,合理诉求,0.9993429033188064,0.00048417411915421533,0.00017292256203924286
190,136,156557,342131,0,合理诉求,0.9837924262101633,0.0156176842261848,0.000589889563651799
229,178,159060,381721,0,合理诉求,0.6584373848149709,0.2178747745523604,0.12368784063266852
3,131,70132,103688,0,合理诉求,0.34589438239303105,0.3593671167525518,0.2947385008544172
178,292,186313,19591,0,合理诉求,0.7086587358340753,0.28479913799240986,0.006542126173514721
180,100,100913,237147,0,合理诉求,0.9995857730635923,0.0003848963987765039,2.933053763129526e-05
297,34,227346,300000,1,诉求偏高,0.0048546611893615635,0.9918066584168787,0.0033386803937596812
4,1,48463,96588,0,合理诉求,0.9988027357285361,0.0008517668722607281,0.00034549739920318657
97,132,205393,237564,0,合理诉求,0.9998940226162901,0.00010170003446983926,4.27734924015772e-06
180,24,107777,454042,0,合理诉求,0.8874288749428565,0.11249129685629154,7.982820085189731e-05
268,188,98353,270083,0,合理诉求,0.9996023534610847,0.0003403838420374359,5.726269687792978e-05
126,106,17261,397309,0,合理诉求,0.9945027755883781,0.005472111916641316,2.5112494980396673e-05
1,56,103607,380065,0,合理诉求,0.9886273569408638,0.011252209304523905,0.00012043375461226119
146,88,224841,300000,1,诉求偏高,0.00617404793367664,0.9063748372925654,0.08745111477375794
3,137,151972,167721,0,合理诉求,0.989657815783497,0.0020776088003686493,0.008264575416134328
265,5,72009,206233,1,诉求偏高,0.22886065342865738,0.74143691113164,0.029702435439702593
185,168,193886,271762,0,合理诉求,0.8004079994143651,0.1990216223850649,0.0005703782005700519
152,179,180985,390605,0,合理诉求,0.9711200913439756,0.016796190083042038,0.012083718572982233
1,60,76454,269190,0,合理诉求,0.9996882409083654,0.000228997691654678,8.276139997992013e-05
117,322,146937,428688,0,合理诉求,0.9998790730873991,0.0001171317624125737,3.795150188317747e-06
78,341,186567,3383,0,合理诉求,0.9829687956860972,0.016816233853968906,0.00021497045993397075
222,203,148360,206864,0,合理诉求,0.9458764875646847,0.05344221818622668,0.0006812942490887
2,222,176820,331721,0,合理诉求,0.8547415029553166,0.14185340225550866,0.003405094789174581
142,220,15441,300000,2,超额诉求,0.008732407763358119,0.09942861865761256,0.8918389735790293
304,146,181300,338319,0,合理诉求,0.7875423435539374,0.0742786139272578,0.13817904251880492
118,221,175957,450436,0,合理诉求,0.9771854596755803,0.015395994163032032,0.007418546161387774
110,118,183035,453758,1,诉求偏高,0.2412543211170703,0.718244737931305,0.04050094095162464
146,103,153699,369430,0,合理诉求,0.9936364881656689,0.006151438454279127,0.00021207338005199813
146,152,212301,146691,0,合理诉求,0.775352695409113,0.11842505381934113,0.10622225077154597
268,246,227346,300000,1,诉求偏高,0.004394692008717249,0.991068526198894,0.004536781792388817
170,142,187981,328548,0,合理诉求,0.9986201314837008,0.0012117823550925803,0.00016808616120677166
144,0,193989,243466,0,合理诉求,0.9953400591901569,0.0029240352950854003,0.0017359055147578555
147,20,125419,14992,0,合理诉求,0.6552003675951391,0.33187160262696913,0.012928029777891918
100,176,38273,412086,0,合理诉求,0.9950236373226264,0.003481350419935738,0.001495012257437788
0,170,198779,276268,0,合理诉求,0.9312169415232384,0.06725045818832395,0.0015326002884376488
88,243,142536,209762,0,合理诉求,0.9915264270424217,0.007748060583972564,0.0007255123736058466
3,127,176599,63594,0,合理诉求,0.7548617657197562,0.2388049151308727,0.006333319149371022
131,0,115618,448070,0,合理诉求,0.9517370563514582,0.03195906996105402,0.016303873687487806
207,132,159104,26593,0,合理诉求,0.9432712320304748,0.054267740091971016,0.0024610278775542126
217,188,219667,3383,0,合理诉求,0.8177704094977893,0.1794923127310813,0.0027372777711294903
127,150,163278,31341,0,合理诉求,0.6748344796069855,0.3236419401172135,0.0015235802758009605
55,151,9666,301644,2,超额诉求,0.13623634283039843,0.10382091898413413,0.7599427381854674
88,195,227346,428083,0,合理诉求,0.9863914955109999,0.00809060905661828,0.0055178954323817815
143,137,227346,290434,0,合理诉求,0.6123002905951139,0.013552177199031791,0.3741475322058544
218,145,15441,300000,0,合理诉求,0.48925206124791965,0.5103852986674652,0.0003626400846152002
14,253,227346,331721,0,合理诉求,0.9587866677780785,0.0390514024427648,0.0021619297791567837
1,134,227346,105659,0,合理诉求,0.9736277416904255,0.026349763583656788,2.2494725917800095e-05
164,91,198779,32215,0,合理诉求,0.9817409588455707,0.004961052211065492,0.013297988943363719
146,251,193650,42971,0,合理诉求,0.9979574982284376,0.0019088578940238909,0.00013364387753846683
179,2,182270,179249,0,合理诉求,0.7848051835335862,0.16369138466704572,0.05150343179936798
0,227,6435,298826,0,合理诉求,0.9471897810368191,0.051352417078624306,0.0014578018845566136
206,13,227346,125685,0,合理诉求,0.9186658608928489,0.013991126783452493,0.06734301232369873
244,6,84300,356136,0,合理诉求,0.9771582440473067,0.022359865499446466,0.0004818904532468126
5,109,187981,343436,0,合理诉求,0.999912414641861,6.2725498340771e-05,2.485985979816584e-05
107,132,227346,175375,0,合理诉求,0.7137531443260127,0.2753594927159473,0.010887362958040084
113,211,227346,112945,0,合理诉求,0.9126089168144021,0.08707048872987218,0.0003205944557257152
199,4,133722,310904,0,合理诉求,0.8659214551077575,0.09021595131748773,0.04386259357475469
2,137,3441,375148,2,超额诉求,0.13284351368113748,0.0905960742133443,0.7765604121055182
100,167,199151,107383,0,合理诉求,0.9978652228833815,0.0016069966737216625,0.0005277804428969516
2,132,60488,69942,0,合理诉求,0.9046202738516615,0.06962531229032921,0.025754413858009178
166,134,56171,118861,0,合理诉求,0.9903817694706518,0.009211924847552433,0.000406305681795638
97,3,227346,211362,1,诉求偏高,0.1893800204787368,0.8094011791638356,0.001218800357427569
1,55,193375,300000,1,诉求偏高,0.006210012085407143,0.9700769593533396,0.023713028561253333
0,98,224840,300000,2,超额诉求,0.10320133142750008,0.3907673645579163,0.5060313040145836
178,226,20731,435959,0,合理诉求,0.9999479915314244,1.6377116785355725e-05,3.563135179012885e-05
1,132,75494,121447,0,合理诉求,0.6708767325885718,0.3289502582053037,0.00017300920612446763
106,212,227346,300000,1,诉求偏高,0.12409701952185148,0.8740784405912937,0.001824539886854835
27,256,191947,337559,0,合理诉求,0.988824729543464,0.010906582158045654,0.00026868829849035765
191,271,182063,33710,0,合理诉求,0.9933162338939768,0.0042230925810767565,0.002460673524946504
13,146,43659,18358,0,合理诉求,0.9995490422498685,0.0003744408266418763,7.651692348953075e-05
4,187,153347,448280,0,合理诉求,0.7260079636672235,0.2738657624809181,0.0001262738518584087
100,164,193886,453758,1,诉求偏高,0.3240708341981447,0.46770155358991883,0.20822761221193653
271,300,180985,424035,0,合理诉求,0.9999936810098207,5.0095317182305905e-06,1.3094584609563802e-06
21,1,216831,262986,0,合理诉求,0.96833673767632,0.03130487719152937,0.00035838513215057463
136,117,53895,93493,0,合理诉求,0.9994114276187513,0.0005701735916297186,1.8398789618993986e-05
110,3,25493,212201,0,合理诉求,0.951809830589682,0.04798609927473594,0.0002040701355819796
0,165,104625,206689,0,合理诉求,0.9094768891596412,0.08450464783522157,0.0060184630051372786
145,100,227346,131750,0,合理诉求,0.9774601445189136,0.013925064363044313,0.00861479111804205
157,1,192286,377075,0,合理诉求,0.9956707345220674,0.0033725657400126077,0.0009566997379200187
3,199,183889,52959,0,合理诉求,0.8464041394485522,0.1371013773102944,0.016494483241153424
9,178,183770,45608,0,合理诉求,0.7465474530351369,0.22809380398156895,0.025358742983294057
12,190,203345,19210,0,合理诉求,0.9829491719103164,0.016996374334413488,5.4453755270079464e-05
53,100,188270,148260,0,合理诉求,0.754033366204265,0.24523914774324568,0.0007274860524893295
253,96,179332,411428,0,合理诉求,0.5385128651388419,0.4538495551548199,0.007637579706338184
6,55,115306,392335,0,合理诉求,0.9337476921131973,0.06622110576077243,3.1202126030099135e-05
249,68,181904,163248,0,合理诉求,0.999848415986367,6.168444736039198e-05,8.989956627262265e-05
89,55,118341,132924,0,合理诉求,0.9634820460617548,0.03576325795376925,0.00075469598447598
222,0,146108,315465,0,合理诉求,0.9970186618789887,0.0026553359796896796,0.00032600214132168714
222,99,137920,371697,0,合理诉求,0.9765320289645133,0.015407739424371401,0.008060231611115463
275,104,64307,365351,2,超额诉求,0.10681327649683223,0.0037862017189175382,0.8894005217842503
187,9,201458,117895,0,合理诉求,0.8540889890708196,0.07545371737354552,0.07045729355563489
100,121,170404,9645,0,合理诉求,0.9969828856159152,0.0024668104433472507,0.0005503039407375867
253,44,7860,452434,0,合理诉求,0.9976206519572377,0.0016489905923601467,0.0007303574504020247
190,134,102385,96384,0,合理诉求,0.9051505151535633,0.09286121431720305,0.001988270529233533
155,42,113563,415406,0,合理诉求,0.8721454126048424,0.1273516761219776,0.0005029112731799947
199,132,205604,415187,0,合理诉求,0.5559551513464499,0.33901465759878807,0.10503019105476202
133,151,183889,215996,0,合理诉求,0.941377418781124,0.035532242494306004,0.023090338724569892
11,88,117243,44816,0,合理诉求,0.8146385071714232,0.1851557953508558,0.00020569747772108355
89,1,155959,343812,0,合理诉求,0.9437673943265131,0.03188979436124061,0.024342811312246075
2,63,227346,19591,0,合理诉求,0.9691396618397697,0.026427373769816798,0.0044329643904135185
181,221,178621,300000,1,诉求偏高,0.014469999481785295,0.9769044468538245,0.008625553664390303
74,64,227346,300000,1,诉求偏高,0.0016055191506511972,0.9981578834552185,0.0002365973941304465
151,182,20457,204835,0,合理诉求,0.9998069679858885,0.00018839333173100215,4.638682380595893e-06
146,203,9969,412086,0,合理诉求,0.40253108509534713,0.5779782152246689,0.019490699679984104
4,50,65880,351452,0,合理诉求,0.5373657798999665,0.4094488488346661,0.053185371265367445
10,134,183100,292221,0,合理诉求,0.9967691305723885,0.002433025554499433,0.0007978438731122281
222,3,128108,65560,0,合理诉求,0.9622947216768867,0.0236624206293321,0.014042857693781031
207,274,215974,300000,0,合理诉求,0.9934411451549234,0.006544298351026526,1.4556494050220637e-05
25,4,201026,428134,0,合理诉求,0.989203056436138,0.009785175301473478,0.001011768262388415
4,99,204835,321024,0,合理诉求,0.6394417264109191,0.2737437186671808,0.08681455492190007
0,89,183889,300000,0,合理诉求,0.9545598903958462,0.04492337963953579,0.0005167299646180006
268,235,201311,323241,0,合理诉求,0.5633303097728636,0.05416048095786166,0.3825092092692747
2,187,161906,260395,0,合理诉求,0.923216569291631,0.0762519189416612,0.0005315117667076802
42,125,300000,300000,1,诉求偏高,0.20784638329503247,0.787985441613932,0.004168175091035592
11,100,145122,28010,0,合理诉求,0.8851897435656173,0.11276988791450238,0.0020403685198802915
2,200,197249,155406,0,合理诉求,0.9932822540629578,0.004629786192903565,0.002087959744138778
3,222,69106,266156,0,合理诉求,0.9654164046858806,0.033846139007246506,0.0007374563068730007
42,215,208648,434384,0,合理诉求,0.9915209471293635,0.005176622416859847,0.003302430453776646
36,178,217859,362093,0,合理诉求,0.8167242886294903,0.18257167710453706,0.0007040342659726767
179,37,227346,274119,0,合理诉求,0.698457631152864,0.294049810170912,0.0074925586762241295
187,37,15877,137139,0,合理诉求,0.6931075601429393,0.3041363863551849,0.0027560535018758144
2,3,188239,100648,0,合理诉求,0.9930362415501687,0.005899871799098715,0.0010638866507325581
138,90,50216,303416,0,合理诉求,0.999989481149021,5.2532941486562546e-06,5.26555683018489e-06
1,56,184878,84235,0,合理诉求,0.8655919051355155,0.13387971295714493,0.0005283819073394977
109,178,30988,100648,0,合理诉求,0.6969192096524885,0.3008251252511334,0.0022556650963779915
168,68,36335,71030,0,合理诉求,0.9759508117576542,0.022978652230156153,0.001070536012189502
1,268,31392,66968,0,合理诉求,0.7990812821759515,0.026335209536306237,0.17458350828774222
136,179,64750,129408,0,合理诉求,0.9817255213917109,0.017172735086651125,0.00110174352163812
179,42,23605,40541,0,合理诉求,0.9986835538652707,0.0011803328488443406,0.00013611328588489086
13,71,122311,202749,0,合理诉求,0.9961330745348097,0.003811545853911991,5.537961127837599e-05
314,0,56423,273673,0,合理诉求,0.9260347884903557,0.06872481658695057,0.0052403949226937285
274,134,191817,290447,0,合理诉求,0.9998772131077535,0.0001194222931950909,3.3645990513868183e-06
258,0,183889,356984,0,合理诉求,0.641693593832763,0.25839070675251075,0.0999156994147262
201,226,191817,300000,1,诉求偏高,0.32340398532884834,0.35475295699905424,0.3218430576720975
248,185,208679,329526,0,合理诉求,0.9922482313419885,0.006747189844543145,0.001004578813468434
190,99,183889,275068,0,合理诉求,0.9994631197927322,0.0003359795184136226,0.0002009006888540758
207,344,15441,300000,1,诉求偏高,0.14277081940969466,0.7617197981506301,0.09550938243967513
2,168,201312,388788,0,合理诉求,0.9320825809980385,0.05937497060200065,0.008542448399960769
25,100,93271,199769,0,合理诉求,0.9862551052201032,0.011260804392055464,0.0024840903878414
0,132,21470,138645,0,合理诉求,0.8535241406629896,0.14528483702351996,0.001191022313490293
218,185,199412,271025,0,合理诉求,0.9997765872658655,0.00017621717457503753,4.719555955937747e-05
182,99,197765,436302,0,合理诉求,0.9933052655346999,0.006104390498430418,0.0005903439668695578
178,0,224345,329819,0,合理诉求,0.924719304478202,0.07509994510875145,0.00018075041304645945
26,303,88198,60657,0,合理诉求,0.9892670800169606,0.010400177670150754,0.0003327423128884366
25,242,215974,300000,1,诉求偏高,0.06419106631612487,0.935608687825117,0.00020024585875804137
222,127,227346,250457,0,合理诉求,0.5502578798768242,0.29424656595610915,0.1554955541670666
3,212,119815,94747,0,合理诉求,0.9898599833960526,0.009982364386651055,0.00015765221729628962
2,178,11267,74408,0,合理诉求,0.9995927700406305,0.00017216489174221193,0.0002350650676272398
102,178,168403,215445,0,合理诉求,0.8935195762877295,0.10348759829476266,0.0029928254175078553
37,148,220883,305734,0,合理诉求,0.9587985338180912,0.04117611135350816,2.53548284007653e-05
110,276,227346,310800,0,合理诉求,0.993129056094518,0.006800052058973503,7.089184650864187e-05
253,158,186977,325932,0,合理诉求,0.9997949078705674,0.00020067595561712353,4.416173815522518e-06
5,29,210232,210324,0,合理诉求,0.5499455717559532,0.10087967355727132,0.3491747546867755
186,194,127119,127790,0,合理诉求,0.9063731202351094,0.09339627182681652,0.0002306079380740975
178,222,200757,72062,0,合理诉求,0.7864580607152074,0.13187956130378437,0.08166237798100824
51,187,223774,388896,0,合理诉求,0.801443256592127,0.08176790108508594,0.11678884232278708
271,188,156694,62225,0,合理诉求,0.995770354684364,0.004064050812668695,0.00016559450296744897
146,143,85722,277865,0,合理诉求,0.9962934098038544,0.003657337717372822,4.9252478772939434e-05
188,179,193886,15918,0,合理诉求,0.8190785701242225,0.17545386863106924,0.005467561244708467
102,179,183889,247419,0,合理诉求,0.9998142736311072,0.00017871695164204548,7.009417250647312e-06
97,187,201643,28542,0,合理诉求,0.9667195093587936,0.033107909677284705,0.00017258096392179506
83,177,100524,207106,0,合理诉求,0.9928400078459338,0.006195221531217712,0.000964770622848451
268,28,210232,240789,0,合理诉求,0.9981435588637719,0.0018109242228130063,4.5516913415226684e-05
63,42,184430,390605,0,合理诉求,0.9359907328845319,0.055639484717479516,0.008369782397988648
191,232,212182,300000,0,合理诉求,0.6823688023646985,0.3172383056633628,0.0003928919719386485
226,0,134908,325603,0,合理诉求,0.9986851972971578,0.0012752176034920677,3.958509935020242e-05
42,187,183889,75764,0,合理诉求,0.9934585257674502,0.005825029244635893,0.0007164449879138141
89,226,139664,141169,0,合理诉求,0.9961908526770411,0.0031117163379589014,0.0006974309850001046
181,8,152710,408299,0,合理诉求,0.998160648578314,0.0017182330610872121,0.00012111836059878448
25,1,23605,72908,0,合理诉求,0.9674285775918917,0.03049658358341403,0.0020748388246940963
182,134,180777,93542,0,合理诉求,0.9983495090805035,0.0014709126974830151,0.00017957822201340439
253,1,175787,257015,0,合理诉求,0.9745719615741915,0.024873357606355583,0.0005546808194528393
0,190,133547,383807,0,合理诉求,0.9383485742882975,0.05590247976933632,0.005748945942366191
2,146,210524,146299,2,超额诉求,0.015319690976593654,0.02119814192194503,0.9634821671014613
13,178,138793,11780,0,合理诉求,0.9919267818685928,0.004375077290698493,0.003698140840708692
132,1,208207,277901,0,合理诉求,0.9993834107527904,0.0005606527906821615,5.59364565275218e-05
135,77,210232,385097,0,合理诉求,0.9293554410785199,0.05193147622259363,0.018713082698886486
321,0,122672,63479,0,合理诉求,0.4559024515448329,0.3626395528174467,0.1814579956377203
134,197,20488,177579,0,合理诉求,0.9772353180601444,0.022664121206411144,0.00010056073344444977
5,179,183889,408592,0,合理诉求,0.9869345485275814,0.012854167455563215,0.00021128401685529104
188,42,54480,74504,0,合理诉求,0.9846900556234349,0.007932265367135762,0.007377679009429287
2,74,203107,206864,0,合理诉求,0.9766156848156681,0.023049041407187703,0.00033527377714417955
244,43,227346,77230,0,合理诉求,0.6291264587401679,0.20304310813850596,0.16783043312132606
100,88,15877,295662,0,合理诉求,0.9999501722999307,4.8431634944954664e-05,1.3960651243401612e-06
271,108,134584,47259,0,合理诉求,0.9814423391100521,0.016217874945082585,0.0023397859448653848
91,97,62734,193312,0,合理诉求,0.9993565377024731,0.0005584872537003095,8.497504382649863e-05
102,161,183000,209615,0,合理诉求,0.9987061208403827,0.0012499400549723467,4.3939104645090296e-05
1,55,42026,300000,1,诉求偏高,0.00971183143757436,0.9070047619405144,0.08328340662191107
186,1,224826,358558,0,合理诉求,0.8506565079295615,0.14890817483758048,0.00043531723285805083
87,55,14084,444969,0,合理诉求,0.997907545327574,0.000719562670291663,0.0013728920021345205
127,137,224848,23662,0,合理诉求,0.894610671382609,0.08970280807545963,0.015686520541931377
275,96,149852,285562,0,合理诉求,0.8526396405614564,0.1464830514755359,0.000877307963007824
102,282,107515,213844,0,合理诉求,0.41981505923818674,0.03967108268186734,0.5405138580799458
63,215,95089,365767,0,合理诉求,0.9919802880595545,0.007383667344514902,0.0006360445959306358
253,179,207447,170201,0,合理诉求,0.9941841944582963,0.005560531171330076,0.0002552743703734911
2,191,227346,337810,0,合理诉求,0.9936038157447403,0.004050886134736264,0.00234529812052332
229,113,223448,246891,0,合理诉求,0.9829116210649839,0.016822513255515044,0.00026586567950110415
0,185,166374,418125,0,合理诉求,0.8846530258079712,0.088970043599499,0.026376930592529824
140,3,193015,296516,0,合理诉求,0.9763153679500229,0.022808970536972797,0.0008756615130042737
132,80,142543,303096,0,合理诉求,0.9369986352975145,0.06239859374851722,0.0006027709539681768
178,127,89136,76359,0,合理诉求,0.9097106682130058,0.08962049218074587,0.0006688396062482231
181,178,227346,15870,0,合理诉求,0.9976608402838248,0.002293063408564401,4.609630761075149e-05
133,3,1558,342844,0,合理诉求,0.8185262387523607,0.1601853610606427,0.02128840018699653
193,103,186970,70713,0,合理诉求,0.9998473730655122,0.00014651060348620787,6.116331001782336e-06
163,189,22016,340649,0,合理诉求,0.9809639810978922,0.0029092242625588867,0.016126794639548914
101,5,40884,8096,0,合理诉求,0.9923373226508656,0.007372066590333124,0.00029061075880112454
193,178,216280,151211,0,合理诉求,0.9404842682301209,0.05912815096750683,0.00038758080237221484
222,92,203469,91084,0,合理诉求,0.9126240030081437,0.07957049113922401,0.007805505852632325
2,169,183889,143077,0,合理诉求,0.9782118107548833,0.0067228965549949215,0.01506529269012177
244,292,199462,325932,0,合理诉求,0.9989110527517572,0.0006237565634149324,0.0004651906848279977
356,3,94927,138968,0,合理诉求,0.990363870765955,0.009627456489126602,8.672744918509095e-06
125,69,108968,428556,0,合理诉求,0.9992430519844278,0.0007515233516953327,5.424663876925041e-06
188,117,176820,103664,0,合理诉求,0.9433780996976023,0.026494390053681285,0.030127510248716207
4,253,227346,28577,0,合理诉求,0.8260547213053612,0.17363827001336676,0.00030700868127222873
146,187,184051,270610,0,合理诉求,0.9221530665278012,0.07753791391526736,0.0003090195569314156
126,140,183889,125541,0,合理诉求,0.9948166845647788,0.005152744557994313,3.0570877226886644e-05
99,276,146703,207548,0,合理诉求,0.8995683583373418,0.05306954464972323,0.04736209701293492
104,100,14084,162954,0,合理诉求,0.9996026667884406,0.0001741726784217975,0.0002231605331376276
159,4,227346,300000,0,合理诉求,0.7826837527153307,0.21622387590122374,0.0010923713834454837
101,133,82387,352072,0,合理诉求,0.7653981430121969,0.2035738757403225,0.031027981247480553
222,104,15877,422807,0,合理诉求,0.9997513578333862,0.00023455885646856819,1.408331014519056e-05
1,178,38349,116177,0,合理诉求,0.37657901827642815,0.6227998278977933,0.0006211538257784625
0,340,126028,344718,0,合理诉求,0.9949949073729416,0.004926491670233063,7.86009568254064e-05
13,76,181527,55695,0,合理诉求,0.9385096435823775,0.06014510532463839,0.0013452510929839762
99,228,182022,300000,0,合理诉求,0.7378995141393628,0.26174764768201975,0.0003528381786173822
309,100,183889,110033,0,合理诉求,0.9501620287217634,0.022784127624188997,0.027053843654047664
178,153,55015,15885,0,合理诉求,0.9561593710115249,0.04275589901402039,0.0010847299744546207
188,190,56561,285562,0,合理诉求,0.987469175133108,0.012307165602008174,0.00022365926488381542
3,63,3700,61464,0,合理诉求,0.8038499616022398,0.18759594396529042,0.008554094432469819
227,14,213225,229373,0,合理诉求,0.9873574800828594,0.002008490880857572,0.010634029036283084
168,11,204915,116177,0,合理诉求,0.9884518065950788,0.01046193245886209,0.0010862609460591996
99,211,43186,421648,0,合理诉求,0.9849546118133378,0.013621521277544662,0.0014238669091175783
88,309,102553,310800,0,合理诉求,0.9572229144964229,0.03309250500602138,0.009684580497555764
312,273,227280,34158,0,合理诉求,0.9942214561720427,0.005148597565475664,0.0006299462624817668
132,253,183889,300000,1,诉求偏高,0.043457354961041944,0.9467598485397261,0.009782796499231961
146,150,115106,95197,0,合理诉求,0.9995564178046041,0.00043940302018029536,4.17917521539266e-06
13,43,227346,291639,0,合理诉求,0.9935900582775452,0.0059438499189616075,0.0004660918034932377
178,100,227346,124725,0,合理诉求,0.9973753428523059,0.0016922315971855573,0.0009324255505086116
226,298,176357,103869,0,合理诉求,0.976202622847856,0.0235307202070147,0.0002666569451294483
145,0,183889,346712,1,诉求偏高,0.32774059236097874,0.6507759542358873,0.02148345340313399
268,125,201260,54855,0,合理诉求,0.9787114590519767,0.021099798176989464,0.00018874277103370231
0,268,14084,234631,0,合理诉求,0.7127069915111632,0.28688970362650074,0.0004033048623361323
115,253,52358,188868,0,合理诉求,0.9978266743667128,0.0014824082136943601,0.0006909174195928435
63,20,170634,394815,0,合理诉求,0.9981025281931798,0.0012159435499531606,0.0006815282568669495
271,3,51805,414337,0,合理诉求,0.8745999082238131,0.061642988953351546,0.06375710282283542
151,124,52939,257563,0,合理诉求,0.9981660589138515,0.001826094293973597,7.846792174989986e-06
2,232,203545,212201,0,合理诉求,0.999875784243639,6.999759182702776e-05,5.4218164534064475e-05
63,132,209602,411079,0,合理诉求,0.8391949756554766,0.09469896901754184,0.06610605532698136
2,39,175660,246650,0,合理诉求,0.9937104188190782,0.006119019553447732,0.00017056162747410215
15,189,153237,420633,0,合理诉求,0.9463953947535212,0.037597297967629666,0.016007307278849286
244,278,99838,442366,2,超额诉求,0.06383152384960798,0.3340294542441608,0.6021390219062311
3,55,212923,4853,0,合理诉求,0.982557392754097,0.01612672195003452,0.0013158852958684102
45,168,108943,437303,0,合理诉求,0.9985737280707528,0.001158855261267214,0.00026741666797985424
185,7,178774,446847,0,合理诉求,0.9559637150124737,0.04369849720887473,0.00033778777865163664
161,152,210232,122706,0,合理诉求,0.999985484177784,1.2185746916468388e-05,2.330075299489138e-06
0,13,175578,324982,0,合理诉求,0.9316781539880474,0.06830675242334401,1.5093588608583489e-05
1,24,227346,300000,1,诉求偏高,0.02164687153683108,0.9475138706563624,0.030839257806806658
172,43,105772,439171,0,合理诉求,0.9773385719959016,0.01433855847222892,0.008322869531869668
13,21,183889,300000,1,诉求偏高,0.04892965338484408,0.9273445241438938,0.023725822471262138
137,215,13258,298434,0,合理诉求,0.9975012146631035,0.0024795162250902977,1.926911180614522e-05
211,0,19516,143077,1,诉求偏高,0.2507664253765706,0.6745627668808458,0.07467080774258363
5,1,224840,350141,0,合理诉求,0.9911329552042933,0.002280149194755565,0.006586895600951099
153,96,186170,43727,0,合理诉求,0.999865750893544,0.00011724305199534301,1.7006054460639275e-05
253,88,83644,103688,0,合理诉求,0.9959276621778901,0.0029405656384120177,0.0011317721836979313
102,295,187135,327919,0,合理诉求,0.9997257803574084,0.00015120218582437568,0.00012301745676700964
180,168,189536,360543,0,合理诉求,0.49624863394206953,0.4844180873718194,0.019333278686111007
1,138,14569,31037,0,合理诉求,0.7486047692665921,0.24149942426435686,0.009895806469051041
77,117,197553,96165,0,合理诉求,0.9620570138767612,0.03728842686076148,0.0006545592624773518
3,84,178853,179312,1,诉求偏高,0.17240585011579915,0.4789463662597363,0.3486477836244646
184,146,191501,181813,1,诉求偏高,0.05427208112178885,0.9382746880047983,0.007453230873412954
3,133,138995,318079,0,合理诉求,0.93704314260324,0.06285001303631976,0.00010684436044033525
337,3,183770,337571,0,合理诉求,0.8266420915596829,0.06993566047774444,0.10342224796257254
215,245,227346,102098,0,合理诉求,0.5577725132951243,0.43316795870476565,0.009059528000109944
117,321,137790,432690,0,合理诉求,0.9184406153633051,0.045828587088780834,0.035730797547914056
301,190,46532,344012,0,合理诉求,0.9939232870597267,0.005207266353680079,0.0008694465865930374
43,50,115419,132634,0,合理诉求,0.9995518248202399,0.0003081325635913213,0.00014004261616894489
139,131,151846,421648,0,合理诉求,0.9153222985328439,0.08300032149148423,0.0016773799756719325
134,276,71034,19895,0,合理诉求,0.9550342079298259,0.011259078181264438,0.03370671388890983
1,317,214668,434673,0,合理诉求,0.49914330702297,0.25770095882188193,0.24315573415514796
200,12,223752,300000,1,诉求偏高,0.001805932391160756,0.9729805941294517,0.025213473479387526
42,222,227346,173993,0,合理诉求,0.9896818681270404,0.005812701674391173,0.004505430198568382
1,134,51086,337571,0,合理诉求,0.9972715221103234,0.0022373286007808424,0.000491149288895779
2,274,110697,365585,0,合理诉求,0.9922397409305423,0.007707491056314406,5.276801314334976e-05
133,222,187858,263936,0,合理诉求,0.9958586864007918,0.002338160594698446,0.001803153004509726
0,146,189029,230837,0,合理诉求,0.986282097669524,0.011657009017986445,0.0020608933124894586
190,98,223027,282097,0,合理诉求,0.9878893778343151,0.004495557388050256,0.007615064777634585
0,1,108605,193968,0,合理诉求,0.9015958097042027,0.09741298594165342,0.000991204354143818
113,1,61139,229782,0,合理诉求,0.9756310523952627,0.02018970058181396,0.004179247022923361
102,212,193886,284696,0,合理诉求,0.9815257528994215,0.017457479694272537,0.0010167674063059687
145,4,227346,300000,0,合理诉求,0.9915221287234096,0.008468221937172931,9.649339417552273e-06
100,178,185937,70827,0,合理诉求,0.9738149909190206,0.025976857060137064,0.0002081520208423385
42,25,227346,106814,0,合理诉求,0.9909963790715395,0.004547897562292409,0.004455723366168037
100,180,199261,212899,1,诉求偏高,0.2688936447236831,0.6687542239411252,0.06235213133519184
96,1,60983,289836,0,合理诉求,0.8958389510861292,0.10360910503017814,0.0005519438836925716
126,7,213678,15058,0,合理诉求,0.999836281275762,0.0001591157877562399,4.602936481940546e-06
6,145,131253,126037,0,合理诉求,0.9969403173575305,0.0027167112320811604,0.00034297141038828105
13,132,166397,281194,0,合理诉求,0.5523157616767504,0.10527731088376467,0.3424069274394848
218,112,15441,300000,0,合理诉求,0.3403372911284816,0.6546013982538531,0.005061310617665197
244,13,124865,454450,0,合理诉求,0.9754957990923391,0.023923441428430847,0.0005807594792301428
2,185,45701,333426,0,合理诉求,0.9601294595287633,0.011600551343375882,0.028269989127860815
0,68,202088,368311,0,合理诉求,0.9999456402852702,5.223468969677154e-05,2.125025033134209e-06
190,0,146182,404314,0,合理诉求,0.5567361103673797,0.44056223769767244,0.002701651934947909
128,38,53753,301974,0,合理诉求,0.9116382306702407,0.08820059280446871,0.00016117652529046135
201,199,15441,300000,2,超额诉求,0.0008517806177383566,0.04568825961234907,0.9534599597699125
278,211,13258,236203,0,合理诉求,0.9953155255175198,0.0034825294655620805,0.001201945016918282
63,344,213341,32204,0,合理诉求,0.9266244000337118,0.07207378406689433,0.0013018158993938105
253,3,85347,73421,0,合理诉求,0.5873652200976079,0.3827506728903382,0.02988410701205382
109,170,35432,240844,0,合理诉求,0.6507873564683436,0.29568219189367806,0.05353045163797821
55,178,21292,285125,0,合理诉求,0.9954116969172652,0.004498871781051672,8.943130168334976e-05
89,99,183889,367035,0,合理诉求,0.5087989988777089,0.009221482293384679,0.4819795188289064
146,152,146627,194841,0,合理诉求,0.9900669264479107,0.009317458590853575,0.0006156149612357739
13,168,65230,107880,0,合理诉求,0.9637094163649441,0.03515417820374416,0.0011364054313118277
106,178,216313,435440,0,合理诉求,0.9821547198511683,0.0011973652873323855,0.016647914861499375
96,106,227346,117556,0,合理诉求,0.8882974998517948,0.06480593358394779,0.04689656656425726
89,102,184292,40407,0,合理诉求,0.9184318274414247,0.08092536631316481,0.0006428062454103959
0,32,118463,5262,1,诉求偏高,0.20739607395747556,0.7112829789332731,0.08132094710925146
268,271,112281,13495,0,合理诉求,0.8733297697272524,0.12657386476799273,9.636550475493056e-05
222,185,138600,71659,0,合理诉求,0.7552979854939872,0.2443153004212578,0.00038671408475498013
222,1,227346,105982,0,合理诉求,0.5358746025082721,0.46165934643980505,0.002466051051922808
48,25,71034,112584,2,超额诉求,0.17667491554374684,0.3570773422254449,0.46624774223080817
100,25,137920,446935,0,合理诉求,0.9929596481432648,0.006842694343563901,0.00019765751317127577
126,199,227346,300000,1,诉求偏高,0.18622252689390817,0.8126065877541272,0.0011708853519647633
253,146,53990,76496,0,合理诉求,0.9772188969066498,0.022008843270696552,0.0007722598226537313
2,179,216214,419775,0,合理诉求,0.9985326231430034,0.0007975763869201776,0.0006698004700766377
93,100,19352,126637,0,合理诉求,0.9998677381825678,0.00011567778368574943,1.6584033746443285e-05
151,111,202922,285755,0,合理诉求,0.7769922585268619,0.20801232908529346,0.01499541238784452
64,100,221276,233862,0,合理诉求,0.99624729343182,0.0037266529097540278,2.6053658426155597e-05
127,178,224826,31795,0,合理诉求,0.6978915065493716,0.19239422720139004,0.10971426624923841
129,260,211472,302774,0,合理诉求,0.9952012193273652,0.00028123252949516133,0.0045175481431397515
102,344,123184,418318,0,合理诉求,0.9870565125220143,0.012762259265707818,0.00018122821227788136
2,152,192090,379006,0,合理诉求,0.99540733235189,0.0034201809378287475,0.0011724867102813775
2,131,209573,298826,0,合理诉求,0.9715096214715191,0.025789878979998605,0.0027004995484823887
246,187,215795,292110,0,合理诉求,0.9612866429712764,0.038213188603583914,0.0005001684251394476
4,3,179687,224794,1,诉求偏高,0.032830726798675956,0.9666023936987699,0.0005668795025542339
151,57,224840,157312,0,合理诉求,0.9886531262656335,0.011204186258863404,0.00014268747550304065
0,232,176207,312714,0,合理诉求,0.9940313425234537,0.005938286806492597,3.0370670053762484e-05
151,1,988,184981,0,合理诉求,0.8093445305759805,0.1879001052258298,0.002755364198189615
38,303,143819,292110,0,合理诉求,0.9998149470617731,0.0001815087400518342,3.5441981751170376e-06
265,2,102653,129134,0,合理诉求,0.8671079641905398,0.13214393458414908,0.0007481012253111202
2,136,181286,66968,0,合理诉求,0.9999652570686298,2.94196300000284e-05,5.323301369995203e-06
4,344,105052,373296,0,合理诉求,0.9999486409086088,4.9648132087636106e-05,1.7109593035714807e-06
14,4,143044,12038,0,合理诉求,0.8897769264444404,0.10883218577832322,0.0013908877772364377
178,103,151055,347071,0,合理诉求,0.9827526362282208,0.014432342499167512,0.002815021272611499
9,106,227346,300000,1,诉求偏高,0.19618608017106717,0.7797241183223277,0.024089801506605297
151,188,148748,332143,1,诉求偏高,0.1115685369433459,0.8751524709702457,0.013278992086408373
190,96,113733,29315,0,合理诉求,0.7624011272223636,0.23265184369398284,0.004947029083653399
163,243,210232,244613,0,合理诉求,0.9519653567010021,0.03361286899980445,0.014421774299193323
1,6,113563,55041,0,合理诉求,0.9999631861285354,3.395309013563465e-05,2.8607813288899604e-06
63,215,227346,421648,0,合理诉求,0.9924596847600495,0.007521879866690939,1.84353732596389e-05
179,43,15877,319704,0,合理诉求,0.6830976153603086,0.2956324248961604,0.02126995974353104
181,298,227346,292156,0,合理诉求,0.46148815120429726,0.4360848350318807,0.10242701376382207
90,221,99555,23569,0,合理诉求,0.9357631332749008,0.06278094447411214,0.0014559222509870396
230,180,140524,270764,0,合理诉求,0.8596816803450775,0.13917056928685853,0.0011477503680639432
142,1,227346,15885,0,合理诉求,0.9790446664542253,0.020401445479691988,0.000553888066082692
13,291,120179,110033,0,合理诉求,0.9908798986632622,0.0065645456791024745,0.002555555657635386
105,13,52505,65612,0,合理诉求,0.9926623034219512,0.0068237827450782496,0.0005139138329705166
27,246,125673,47366,0,合理诉求,0.9973871860341154,0.0021862150660745968,0.0004265988998101413
245,129,119137,87859,0,合理诉求,0.9905875646537108,0.008579328883709075,0.0008331064625802327
287,132,147363,279446,0,合理诉求,0.9997193581098864,0.0002053280134545017,7.531387665908437e-05
55,164,77328,382564,0,合理诉求,0.9530562071589648,0.04609978507704764,0.0008440077639877152
19,212,216313,252320,0,合理诉求,0.9999312770213603,6.70401079106386e-05,1.6828707291053678e-06
309,45,225876,154766,0,合理诉求,0.9985736668083326,0.0011429704377473203,0.0002833627539199189
211,126,184469,367259,0,合理诉求,0.9173503289869168,0.07518555212589287,0.00746411888719044
38,179,212182,300000,1,诉求偏高,0.043330147285347315,0.9439182988422682,0.012751553872384433
2,104,146315,358703,0,合理诉求,0.9999613348391455,2.4320738826564443e-05,1.4344422027830214e-05
309,203,183889,300000,1,诉求偏高,0.101639883528571,0.8701806841108035,0.028179432360625582
0,100,337,336289,0,合理诉求,0.9977747784284857,0.00220700996111633,1.8211610397934538e-05
261,14,121192,454863,0,合理诉求,0.7972321422802922,0.201901396085848,0.0008664616338598496
99,55,183889,200953,0,合理诉求,0.9927187730136231,0.007228019690984116,5.320729539263689e-05
25,179,120528,406568,0,合理诉求,0.962688965109739,0.037284123824564815,2.691106569619607e-05
1,2,199261,142038,0,合理诉求,0.9966471020145599,0.0011527155035261478,0.002200182481913915
199,14,157597,135144,0,合理诉求,0.9917342700290444,0.007779987101927458,0.00048574286902828336
25,157,192515,82724,0,合理诉求,0.9973789949822631,0.0024898146079921093,0.00013119040974476096
318,106,183889,108695,0,合理诉求,0.9594741701800824,0.005058137087468804,0.035467692732448576
55,9,72009,311581,0,合理诉求,0.9995302613103766,0.00045503303463743255,1.4705654986069973e-05
270,115,223753,137096,0,合理诉求,0.9999838443393908,1.50393056116322e-05,1.116354997654403e-06
142,104,139632,23986,0,合理诉求,0.9319878433926557,0.06790241849780299,0.00010973810954127342
100,197,227346,223560,0,合理诉求,0.9748454362057528,0.024974016578694167,0.00018054721555307634
309,144,64307,300000,1,诉求偏高,0.23418195113346238,0.7657129777409557,0.00010507112558197243
25,184,201124,136411,0,合理诉求,0.9999413265504177,5.5719667664081546e-05,2.953781918320925e-06
27,178,198058,300000,1,诉求偏高,0.004022123533165158,0.9053295666837469,0.09064830978308794
132,151,76911,86724,0,合理诉求,0.9965220740877228,0.003469001707187765,8.924205089493165e-06
207,185,183889,300000,0,合理诉求,0.8736662466448716,0.015161165226199065,0.11117258812892934
164,190,183889,168623,0,合理诉求,0.5203836383930285,0.45508302164988873,0.024533339957082737
178,1,168739,85034,1,诉求偏高,0.2722283680523366,0.7236931724294554,0.004078459518207915
181,3,227346,200910,0,合理诉求,0.9290320268626783,0.00527346731982876,0.06569450581749293
15,181,170634,114334,0,合理诉求,0.9920561964354927,0.005253576014106361,0.002690227550400889
151,197,227346,300000,0,合理诉求,0.341048717126068,0.6494694669675072,0.00948181590642489
143,101,56934,269223,0,合理诉求,0.853251146037302,0.1465013152744064,0.00024753868829167404
131,39,64307,289995,0,合理诉求,0.8022593391962501,0.1939267319954544,0.0038139288082955423
25,211,199261,147557,0,合理诉求,0.9995588244823894,0.00043823320667521037,2.9423109353052742e-06
113,164,200544,58037,0,合理诉求,0.9781887605932482,0.02143052179428453,0.0003807176124671023
125,167,130344,153476,0,合理诉求,0.9983898305766659,0.0015906277632055953,1.954166012845776e-05
43,127,227346,405431,0,合理诉求,0.9209133295896383,0.07510013835671178,0.003986532053649961
122,99,206750,396241,0,合理诉求,0.9883393712204985,0.011545506078905489,0.00011512270059592592
2,190,183889,132924,0,合理诉求,0.9964367500853968,0.0033560114252199446,0.00020723848938333233
0,135,138138,115274,0,合理诉求,0.7076876603009761,0.2823651457913122,0.00994719390771185
2,106,196957,208406,0,合理诉求,0.673350678114157,0.3239292454111216,0.002720076474721354
342,179,34213,114629,0,合理诉求,0.9880846865977113,0.0035056354191749842,0.00840967798311371
4,156,196665,411079,0,合理诉求,0.9920454304402307,0.0070401473641351665,0.0009144221956341845
206,3,132504,88322,0,合理诉求,0.999545354435456,0.00042416555523056655,3.0480009313314862e-05
185,219,212716,411965,0,合理诉求,0.9941406660873352,0.005852806245379568,6.52766728520417e-06
38,13,218512,343222,1,诉求偏高,0.278676038463893,0.4337491452286247,0.28757481630748233
4,188,210232,43265,0,合理诉求,0.9687201793357518,0.029593810800907797,0.00168600986334025
245,0,211033,317485,0,合理诉求,0.9930722071967933,0.0012969541540728475,0.005630838649133782
2,178,168822,430934,0,合理诉求,0.9817141734204389,0.015240293066602626,0.0030455335129586617
179,84,121790,299775,0,合理诉求,0.9932171762503422,0.005696468316118922,0.001086355433538721
63,8,120674,322593,0,合理诉求,0.998652506834832,0.001328778147684751,1.8715017483315186e-05
100,55,17198,335342,0,合理诉求,0.6764485750163117,0.3089981731512846,0.014553251832403613
179,89,210232,82841,1,诉求偏高,0.09225372758312071,0.8997467986535732,0.007999473763306114
132,118,223752,300000,1,诉求偏高,0.1401569208211755,0.8562529433518518,0.003590135826972795
246,276,162674,352766,0,合理诉求,0.9996964289283837,0.00029827024367056365,5.300827945694293e-06
0,13,210232,193823,0,合理诉求,0.9175971926071722,0.07770983840213835,0.004692968990689396
50,0,220221,310800,0,合理诉求,0.9886810503033265,0.00979418264717154,0.0015247670495019217
207,161,227346,300000,1,诉求偏高,0.011790047347472394,0.9749350293498041,0.013274923302723554
178,265,208677,44156,0,合理诉求,0.9583918953614863,0.04159773800115639,1.036663735747705e-05
13,278,46744,355137,0,合理诉求,0.9979161294814316,0.0019806423362783063,0.00010322818228995334
41,101,227346,133217,0,合理诉求,0.9998189567400104,0.00016740527108124805,1.3637988908398039e-05
254,209,207116,206960,0,合理诉求,0.9964525015792448,0.003494612735808162,5.288568494705487e-05
9,2,110697,96436,0,合理诉求,0.9713115370286842,0.027034248768983433,0.001654214202332555
1,13,227346,100363,1,诉求偏高,0.04409278143676435,0.8347759394617178,0.12113127910151782
63,88,132402,400521,0,合理诉求,0.9995752322629601,0.0003814689562982575,4.329878074159071e-05
143,100,62074,304477,0,合理诉求,0.9639042006547528,0.03585019466839601,0.00024560467685110345
107,197,227346,82642,0,合理诉求,0.9942484340337452,0.004041635348303395,0.0017099306179512777
25,230,220839,188795,0,合理诉求,0.6432569074869232,0.356223677569652,0.0005194149434245934
132,7,190513,370422,0,合理诉求,0.9142224859499962,0.07428240567175005,0.01149510837825376
2,39,210232,420149,0,合理诉求,0.8199018725303626,0.13048364759310901,0.04961447987652836
89,13,1599,403276,0,合理诉求,0.9556118083230158,0.04337362467515595,0.0010145670018281295
309,179,55466,22624,0,合理诉求,0.7829005819877457,0.1213715101809257,0.09572790783132862
51,4,222328,269805,0,合理诉求,0.9965979374762926,0.0033638099612570164,3.825256245036904e-05
5,6,51495,61060,0,合理诉求,0.9732744430796014,0.026112297671485707,0.0006132592489130075
125,110,185652,452795,0,合理诉求,0.9960678551528994,0.00389478164241053,3.7363204690164207e-05
92,124,224850,261188,0,合理诉求,0.9475272861111687,0.05217751514378582,0.00029519874504547924
35,168,141180,262404,0,合理诉求,0.9992488241414583,0.0006351800855384733,0.00011599577300334652
135,179,203152,402212,0,合理诉求,0.9993482350463505,0.0006348810992977124,1.6883854351693315e-05
63,42,210232,270365,0,合理诉求,0.9983106568911392,0.0016846736450322475,4.669463828639569e-06
129,0,121414,95280,0,合理诉求,0.9978249850879303,0.0020643985146624917,0.00011061639740724742
178,125,203108,291732,0,合理诉求,0.6065536863936067,0.03980306799831108,0.35364324560808214
197,128,25493,428023,0,合理诉求,0.9881009061990483,0.010563346984279206,0.0013357468166724563
27,63,77781,416216,0,合理诉求,0.932706665349957,0.05371015282134522,0.013583181828697728
179,102,227346,300000,1,诉求偏高,0.000496401521431581,0.9926145237775873,0.006889074700981304
1,179,181300,193297,0,合理诉求,0.9451201568887804,0.054546404656427364,0.0003334384547922812
39,31,149756,398737,0,合理诉求,0.7611040934731722,0.14429066891753653,0.09460523760929122
211,151,176820,208956,0,合理诉求,0.9029181939252411,0.09671492333532106,0.00036688273943797126
210,107,212781,300000,1,诉求偏高,0.01999522900738208,0.9783072836799287,0.0016974873126892824
99,222,183889,295662,0,合理诉求,0.9772075338220523,0.022684148126075346,0.00010831805187224309
3,37,184292,183090,0,合理诉求,0.8583548822722543,0.13966504085279424,0.001980076874951449
197,243,49248,324625,0,合理诉求,0.999715181803128,0.00027059530761741726,1.422288925462105e-05
89,110,32842,296558,0,合理诉求,0.9998427624316092,0.0001495071381719067,7.730430219037536e-06
3,47,69508,334598,0,合理诉求,0.9970853919599031,0.0024281442041364214,0.0004864638359603669
185,169,215021,388688,0,合理诉求,0.9914875280186474,0.008467049378032802,4.5422603319867636e-05
188,104,227346,434349,0,合理诉求,0.8684642169992696,0.04637559547383018,0.08516018752690019
3,154,190672,107382,0,合理诉求,0.9856051566853459,0.014372289686108172,2.2553628545953436e-05
64,102,145124,294840,0,合理诉求,0.9998874237490014,0.00010795012728376219,4.62612371463459e-06
151,132,215014,139164,0,合理诉求,0.9896480375718054,0.007276431467426177,0.00307553096076858
1,142,218624,311710,0,合理诉求,0.9645197181311703,0.00758000904001607,0.02790027282881367
4,146,173006,429823,0,合理诉求,0.9983619989350857,0.0016168201889960468,2.1180875918434346e-05
56,108,184034,388594,0,合理诉求,0.999915608113245,7.944594865877268e-05,4.9459380962108e-06
25,164,56794,238982,0,合理诉求,0.9957033002569279,0.004270722338676963,2.597740439518199e-05
127,4,227346,300000,1,诉求偏高,0.010831065238518857,0.9663203937793513,0.022848540982129857
15,2,108968,202842,0,合理诉求,0.998853794006283,0.0011062881805103614,3.991781320658349e-05
302,102,184878,15885,0,合理诉求,0.9998008199889101,0.00019691838952898356,2.2616215608796466e-06
63,125,106231,219199,0,合理诉求,0.997426051929709,0.0022520431080143475,0.00032190496227666116
151,98,210232,183981,0,合理诉求,0.988824079426381,0.010435167651692015,0.0007407529219269353
168,3,53753,42959,0,合理诉求,0.864493141015264,0.13520826157185262,0.00029859741288340916
142,100,183889,388621,0,合理诉求,0.973635875694046,0.02596036667265555,0.00040375763329850855
0,100,215974,218875,1,诉求偏高,0.27053334051300293,0.44907081248782194,0.2803958469991752
190,321,72547,216906,0,合理诉求,0.9961506348613107,0.0038006178566208984,4.874728206820037e-05
253,225,193650,432352,0,合理诉求,0.9465978922604797,0.04925026799858065,0.004151839740939525
11,100,224840,90025,0,合理诉求,0.7212490414455924,0.26346446562145087,0.015286492932956834
153,190,179706,14477,0,合理诉求,0.9660720224160104,0.03103596471396292,0.0028920128700267098
0,274,222056,220925,0,合理诉求,0.9820086757518971,0.016914086930017537,0.0010772373180853321
99,100,224785,15885,0,合理诉求,0.9707818022249213,0.012306310080151461,0.01691188769492736
5,1,147803,378943,0,合理诉求,0.9964032123663289,0.002452545950027923,0.0011442416836431669
0,39,193650,379841,0,合理诉求,0.9190321375387828,0.07888783498830589,0.0020800274729113415
179,15,180917,75252,0,合理诉求,0.9701931597402245,0.029444798668000767,0.00036204159177480257
165,222,154493,301367,0,合理诉求,0.9972476910963863,0.0019122345503066358,0.0008400743533068723
211,190,152710,444874,0,合理诉求,0.554429928521828,0.3235081897586381,0.12206188171953379
1,55,169671,194802,0,合理诉求,0.902054214623446,0.0907153163782456,0.007230468998308379
137,190,198413,434746,0,合理诉求,0.9999563227401997,3.537003711286856e-05,8.307222687341381e-06
190,36,71971,162450,0,合理诉求,0.9947325928791094,0.004465635622599846,0.0008017714982906555
1,136,90263,244906,0,合理诉求,0.9759894384264223,0.02372190018029708,0.00028866139328063777
145,178,227346,300000,1,诉求偏高,0.0035072377211541016,0.99223614469057,0.004256617588275983
113,188,49139,340777,0,合理诉求,0.5471838374440171,0.4494778525119082,0.003338310044074817
25,88,42471,300000,1,诉求偏高,0.02414548056921132,0.9070977938925202,0.0687567255382684
145,64,183889,90173,0,合理诉求,0.992252550582598,0.007538912624586067,0.0002085367928160731
127,253,227346,320039,0,合理诉求,0.9996951573019702,0.00028317731847916396,2.166537955055095e-05
137,0,36351,294116,0,合理诉求,0.8315555649559134,0.1438708865857303,0.024573548458356204
107,101,35904,145661,0,合理诉求,0.9398513329098155,0.05975537103180508,0.00039329605837954107
2,88,183889,374235,0,合理诉求,0.9995846228393502,0.00026641358702038484,0.00014896357362939185
100,330,67427,119776,0,合理诉求,0.959769511765217,0.03532845355839207,0.004902034676391032
89,197,160949,446196,0,合理诉求,0.9996837068458851,0.00026984614149524897,4.6447012619761164e-05
25,190,184745,354350,0,合理诉求,0.9182901040668622,0.08048439334244066,0.0012255025906971176
0,268,90004,44240,0,合理诉求,0.8472453845153544,0.15152362845235967,0.0012309870322859695
314,179,224515,31882,0,合理诉求,0.8086847219556303,0.02743558350191868,0.1638796945424508
207,236,201787,300000,1,诉求偏高,0.003093712470336121,0.9965788822983533,0.00032740523131052825
152,88,201787,300000,1,诉求偏高,0.15955578349590155,0.8402937911084609,0.00015042539563758922
157,101,31774,38110,0,合理诉求,0.9928979022304282,0.004052890013555519,0.0030492077560162222
125,243,60488,80241,0,合理诉求,0.9974707728385463,0.0023719645160244756,0.00015726264542913809
107,89,21772,453721,0,合理诉求,0.9036666710550779,0.043413835696592844,0.052919493248329244
145,33,215974,300000,1,诉求偏高,0.012138062342375239,0.978366225724931,0.009495711932693858
194,63,100136,176209,0,合理诉求,0.9905977190631328,0.006063830933288518,0.0033384500035788587
99,222,21253,72453,0,合理诉求,0.7010414804463082,0.29846460209737313,0.0004939174563186565
243,146,52493,158735,0,合理诉求,0.9953182607764007,0.0025918543121199377,0.00208988491147928
193,79,223752,352359,1,诉求偏高,0.006834601268897701,0.9715679205540788,0.021597478177023604
55,193,93642,258724,0,合理诉求,0.9768622801352578,0.022017655641167724,0.0011200642235744966
181,344,212182,300000,1,诉求偏高,0.0272984576563189,0.8557753174215255,0.11692622492215567
137,249,191336,300000,1,诉求偏高,0.0057679748675932676,0.6428306245824413,0.3514014005499654
99,96,4704,327572,0,合理诉求,0.9961604068728311,0.003675723290860589,0.00016386983630845052
91,330,38633,318358,0,合理诉求,0.9998527355178694,0.00013064012779341667,1.6624354337211227e-05
93,0,23865,145768,0,合理诉求,0.9963073611875614,0.0036456532518032185,4.6985560635530416e-05
56,83,133833,425936,0,合理诉求,0.990948000573512,0.008906482580920106,0.000145516845568025
1,4,25838,65088,0,合理诉求,0.8333376096944819,0.11931487884836299,0.04734751145715506
1,140,183889,216848,0,合理诉求,0.996004038645492,0.003935091721896217,6.086963261180369e-05
220,105,49519,391112,0,合理诉求,0.9887719905695819,0.004691050698621338,0.006536958731796621
178,104,192099,321958,0,合理诉求,0.9054980863850538,0.09419902112536047,0.0003028924895857382
32,13,103617,180213,0,合理诉求,0.9969789886439677,0.0029310813049436696,8.993005108843513e-05
96,166,172493,46624,0,合理诉求,0.9908939171234892,0.00908518165800981,2.0901218500939806e-05
137,197,218129,2930,0,合理诉求,0.9150585283786076,0.08452247038846783,0.000419001232924655
4,71,6322,184945,0,合理诉求,0.7400564454875349,0.07895995963347008,0.180983594878995
13,253,224841,300000,1,诉求偏高,0.005639285788136801,0.8895061470544191,0.10485456715744407
151,257,183889,300000,0,合理诉求,0.9962283720566881,0.0037466614421361464,2.4966501175747405e-05
15,3,201312,429776,0,合理诉求,0.9998461574836983,0.0001447440890219609,9.098427279633987e-06
146,164,227346,300000,0,合理诉求,0.5077516417885399,0.4915401870552575,0.000708171156202418
143,194,128353,354613,0,合理诉求,0.9662156782969159,0.03362696488232239,0.0001573568207617625
268,107,204720,124677,0,合理诉求,0.987505537306107,0.011085298357088408,0.0014091643368047164
63,106,53069,331750,0,合理诉求,0.6224628350685703,0.16156219045001413,0.2159749744814156
178,4,187551,189410,0,合理诉求,0.9344590160616404,0.06329494128439801,0.002246042653961417
150,189,143044,317546,0,合理诉求,0.8788289897027682,0.12041527192799191,0.0007557383692398207
42,221,207212,299662,0,合理诉求,0.992279034210484,0.004549986601040553,0.0031709791884753902
198,99,222607,73090,0,合理诉求,0.9817737287949597,0.011603531715963613,0.006622739489076576
151,173,187386,450906,0,合理诉求,0.9999912218459576,7.511526660999117e-06,1.2666273814606106e-06
0,197,20262,31860,0,合理诉求,0.6218299375360387,0.3568722066900517,0.021297855773909625
38,1,205454,73073,0,合理诉求,0.9947564882534995,0.0033169368279527683,0.001926574918547816
190,199,161906,230500,0,合理诉求,0.9993365721052784,0.0005903129509200938,7.311494380137487e-05
102,190,22414,418318,0,合理诉求,0.9994081997546703,0.00018019858710577967,0.00041160165822403516
4,179,57786,96384,0,合理诉求,0.9492607696985954,0.03716623942843933,0.013572990872965306
4,226,74603,193297,0,合理诉求,0.9888284670763459,0.011107426755917266,6.410616773692537e-05
1,146,177391,380807,0,合理诉求,0.9816018826872948,0.006703429257108463,0.011694688055596727
25,95,172127,178682,0,合理诉求,0.9717735746198528,0.027186606134159862,0.001039819245987325
253,37,198779,50529,0,合理诉求,0.9605953403776659,0.03852274905128215,0.0008819105710520742
222,105,213575,33643,0,合理诉求,0.7356241929609844,0.26137399042623094,0.003001816612784567
13,42,210232,312267,0,合理诉求,0.7461961756135533,0.19908077000957797,0.0547230543768685
117,188,663,152875,0,合理诉求,0.7549635304296288,0.03973965546592627,0.20529681410444503
27,3,227346,229373,0,合理诉求,0.7904817807181256,0.18636046124768382,0.023157758034190592
227,350,201311,426672,0,合理诉求,0.9942578972667256,0.0053268488471444895,0.00041525388612979864
189,48,51394,456023,0,合理诉求,0.9954038007054405,0.002174764189296744,0.0024214351052628314
16,53,17011,311934,0,合理诉求,0.9924463321308373,0.0041897380690491814,0.0033639298001134025
15,224,203501,394033,0,合理诉求,0.691683703557478,0.30459050688677725,0.00372578955574479
13,200,227346,301889,0,合理诉求,0.991490115075183,0.008461927272553195,4.795765226377495e-05
38,3,227346,108695,0,合理诉求,0.9063236295733693,0.09258126343890506,0.0010951069877254823
192,151,139664,208272,0,合理诉求,0.9679763670205693,0.02815638176707844,0.0038672512123523292
0,102,158853,117047,0,合理诉求,0.9949183851798677,0.005063907734774459,1.7707085357761954e-05
100,179,227298,372592,1,诉求偏高,0.3075462117457195,0.6909947557888497,0.0014590324654307307
126,210,184921,10105,0,合理诉求,0.9673827574058486,0.02083580010132709,0.011781442492824272
179,16,215931,45497,0,合理诉求,0.9974098498406944,0.00253911454034964,5.103561895583548e-05
0,89,206401,240789,0,合理诉求,0.993530568834247,0.006422204457369233,4.722670838383643e-05
139,38,32842,266072,0,合理诉求,0.9990060773597863,0.0008436367358422715,0.00015028590437144067
221,2,190978,58046,0,合理诉求,0.975444089762052,0.021452397340303915,0.0031035128976439792
7,108,196651,190223,0,合理诉求,0.8038026506137247,0.19447409613263272,0.0017232532536426409
247,0,227346,403064,0,合理诉求,0.849758580647807,0.1393706559601659,0.010870763392027196
190,278,13070,56420,0,合理诉求,0.998136823172352,0.0017699303277998696,9.324649984833397e-05
117,132,145410,308265,0,合理诉求,0.9932487476255463,0.004232950400310351,0.002518301974143548
133,133,179544,32215,0,合理诉求,0.9375659763857056,0.06217544889857298,0.000258574715721413
143,221,72352,110131,0,合理诉求,0.9075868036638549,0.08793407494079528,0.00447912139534987
58,28,217060,234631,1,诉求偏高,0.2377431150609564,0.7620110546203939,0.00024583031864977426
188,1,143999,257008,0,合理诉求,0.8877008950938141,0.07113027968203231,0.04116882522415367
152,24,104657,381781,0,合理诉求,0.9935595461969394,0.003807095531600614,0.0026333582714599003
190,104,22338,443414,0,合理诉求,0.7725969883148055,0.2264365237734713,0.0009664879117230995
190,222,119714,275717,0,合理诉求,0.999915858261723,7.241312642495441e-05,1.1728611851983042e-05
1,1,156612,85939,0,合理诉求,0.9736867510787345,0.005721064466704377,0.020592184454561343
99,71,183889,300000,1,诉求偏高,0.05475242953514925,0.9419985128247657,0.003249057640085075
12,179,15566,6256,0,合理诉求,0.6036209874335757,0.3760740825150375,0.020304930051386862
268,198,222277,54541,0,合理诉求,0.999154156106766,0.0008305645322945704,1.5279360939385744e-05
133,85,120298,2555,0,合理诉求,0.9998957391619229,0.00010185034670480241,2.4104913721850247e-06
108,268,111696,253165,0,合理诉求,0.9730272165343948,0.02692760037955213,4.518308605321285e-05
64,0,146703,445552,0,合理诉求,0.5722140769090229,0.4269224933498974,0.000863429741079617
143,111,49248,212899,0,合理诉求,0.9893426553996614,0.010574434222456852,8.29103778818668e-05
188,146,222881,316683,0,合理诉求,0.9779024004807028,0.01120546939858617,0.010892130120711236
125,178,15877,294473,0,合理诉求,0.9946856635790537,0.00482304351051386,0.0004912929104323718
99,178,69083,253301,0,合理诉求,0.4957933239720389,0.025560816980283785,0.47864585904767737
133,42,65880,149194,0,合理诉求,0.9999655774548464,2.7425318456640767e-05,6.9972266969798206e-06
24,107,183889,300000,2,超额诉求,0.016338071074275613,0.46944992858773965,0.5142120003379848
178,178,221961,300250,0,合理诉求,0.9951000444594406,0.003258659620644955,0.0016412959199145107
222,1,191817,121238,0,合理诉求,0.7458404336412318,0.25383744125278274,0.0003221251059854848
116,217,15258,249642,0,合理诉求,0.9016731387447684,0.09675662222540429,0.0015702390298273745
190,178,63800,43640,0,合理诉求,0.9900976363166366,0.009602113856919284,0.00030024982644402876
194,0,36621,339875,0,合理诉求,0.9928415971907992,0.007102841661509934,5.556114769073681e-05
197,200,31373,235716,0,合理诉求,0.9728229517971626,0.024665826888954124,0.0025112213138832047
13,179,227346,300000,1,诉求偏高,0.17567468558382268,0.8240224497002916,0.00030286471588559144
366,4,227346,300000,1,诉求偏高,0.0062648467417482845,0.6175743973053286,0.37616075595292303
42,211,148748,38165,0,合理诉求,0.9099347770759372,0.0884198484700736,0.0016453744539891748
268,55,38494,183131,0,合理诉求,0.9999753198622664,1.679878982593896e-05,7.881347907518773e-06
99,3,190904,275442,0,合理诉求,0.9496236596551404,0.007014750868024671,0.04336158947683483
165,95,141582,182819,0,合理诉求,0.9646705302985714,0.03525165359539725,7.78161060313674e-05
55,1,227346,144700,0,合理诉求,0.6462018745400354,0.32547036994319223,0.028327755516772406
207,60,198779,344232,0,合理诉求,0.9812434718751148,0.01863431088297693,0.00012221724190835878
91,157,206847,355048,0,合理诉求,0.9986762912044238,0.0012044121733177293,0.00011929662225851677
117,13,18665,349685,0,合理诉求,0.9660081474436655,0.03012138241878503,0.003870470137549583
272,88,74210,97774,0,合理诉求,0.8165958264400867,0.17172413895269534,0.011680034607218087
178,344,212074,134356,0,合理诉求,0.9883199082424723,0.011659809179711924,2.0282577815734583e-05
98,0,184182,124725,0,合理诉求,0.6722646350551218,0.11330817287473188,0.21442719207014627
222,277,227346,317279,0,合理诉求,0.7145207475106609,0.13537015726276125,0.1501090952265779
181,110,186313,184822,0,合理诉求,0.8372589483232609,0.16058249568828062,0.002158555988458465
151,148,223753,300000,1,诉求偏高,0.05958425367415918,0.9400647839432753,0.00035096238256558107
188,27,177766,103318,0,合理诉求,0.9698423320833334,0.02830486902180792,0.0018527988948587291
6,178,183889,345985,0,合理诉求,0.8244652505660738,0.15852223843626084,0.017012510997665365
178,62,117426,361761,0,合理诉求,0.9797276441601414,0.018898792370182167,0.0013735634696764648
190,278,208985,99825,0,合理诉求,0.9996022080045485,0.0003905911933066621,7.200802144905877e-06
153,1,183889,384939,0,合理诉求,0.9738593315233367,0.025682015199371296,0.00045865327729199124
189,221,42471,300000,0,合理诉求,0.47220758296845794,0.5274149789897457,0.000377438041796444
12,3,9467,404879,0,合理诉求,0.7152923595677267,0.2846280768682368,7.956356403641281e-05
117,271,15441,300000,1,诉求偏高,0.006895687019208505,0.5036881008228286,0.4894162121579629
179,178,20457,371663,0,合理诉求,0.9974777866172171,0.0015659254906647889,0.0009562878921182788
3,56,176744,157316,0,合理诉求,0.9141518876934442,0.08373605356455155,0.002112058742004141
138,158,209153,145099,0,合理诉求,0.9700683962978343,0.02940975488969171,0.000521848812473942
0,63,178621,300000,1,诉求偏高,0.03477478133381361,0.9640243913656112,0.0012008273005751156
190,178,117426,200781,0,合理诉求,0.9886235658104708,0.011236613844476639,0.00013982034505239014
15,0,203819,238008,0,合理诉求,0.9999775081625056,1.9755613172170986e-05,2.73622432225508e-06
21,110,15877,308265,0,合理诉求,0.6874295669810556,0.12630454689450463,0.1862658861244399
4,143,75335,386202,0,合理诉求,0.9638075139761619,0.03470758270431047,0.0014849033195275683
222,63,118626,232954,0,合理诉求,0.9999729828855602,2.644703264519066e-05,5.70081794601791e-07
118,93,76454,92745,0,合理诉求,0.9956309462073498,0.0036501970856395866,0.000718856707010487
146,88,23605,202976,0,合理诉求,0.7327406186566213,0.005531311805471598,0.26172806953790706
149,140,218116,207548,0,合理诉求,0.7837494225829857,0.04203673317332312,0.1742138442436911
25,188,227346,63076,0,合理诉求,0.87772342794179,0.12212602925155693,0.000150542806653073
147,179,84960,403469,0,合理诉求,0.754090060974081,0.10890411009637084,0.13700582892954805
25,217,177073,296429,0,合理诉求,0.999254234539904,0.0004551079043614358,0.0002906575557346053
179,187,100789,425638,1,诉求偏高,0.22437955621304786,0.7539198154061892,0.02170062838076277
188,122,215974,68688,0,合理诉求,0.9860582992652663,0.013328476198471991,0.0006132245362615907
178,195,131669,52222,0,合理诉求,0.9948257262372382,0.005023273432554091,0.00015100033020765894
128,6,224691,146521,0,合理诉求,0.6342273957694395,0.36198041186914015,0.003792192361420233
140,1,210232,186764,0,合理诉求,0.9932329981975194,0.006640508925640956,0.0001264928768397117
1,11,158597,23942,0,合理诉求,0.9789350703715257,0.020542058573463192,0.000522871055011116
140,132,227346,68688,0,合理诉求,0.9795185093811873,0.020235519341096304,0.0002459712777162982
99,6,227346,350130,0,合理诉求,0.9779594691525856,0.020703188664692465,0.001337342182721895
196,107,227346,300000,0,合理诉求,0.9889133814536799,0.010359119698504355,0.0007274988478158222
89,137,160252,135144,0,合理诉求,0.7113570191232002,0.20927390454375003,0.07936907633304978
243,186,154994,66212,0,合理诉求,0.9999828117951939,8.454953412889433e-06,8.733251393104914e-06
99,0,209616,64519,0,合理诉求,0.9999522885846915,2.535594690904217e-05,2.235546839948393e-05
102,12,211449,300000,1,诉求偏高,0.012627123679839612,0.609564361116255,0.3778085152039054
247,137,143044,393734,0,合理诉求,0.8641554318764568,0.08856240775057035,0.04728216037297279
186,107,189531,128007,0,合理诉求,0.9252083809227896,0.064470910220092,0.01032070885711833
100,100,20262,19147,0,合理诉求,0.9720621581289226,0.024811084669023428,0.0031267572020539634
178,133,199553,201375,0,合理诉求,0.9800292262868051,0.01980922026558192,0.0001615534476130611
247,227,8651,114052,0,合理诉求,0.9920973981704535,0.0076904958281750245,0.00021210600137152498
13,3,21579,429934,0,合理诉求,0.908734312695708,0.07933245588389357,0.01193323142039836
100,156,139019,74282,0,合理诉求,0.644520342517097,0.2259283276772565,0.12955132980564663
178,164,15877,378799,0,合理诉求,0.6248936137619803,0.3561090822471986,0.018997303990821172
189,146,213016,23155,0,合理诉求,0.9976302952550314,0.0010697794112441668,0.0012999253337244714
282,189,81802,364185,0,合理诉求,0.9998072240831828,0.0001436633601829208,4.911255663437544e-05
137,178,183889,114052,0,合理诉求,0.998981286928518,0.0008274008032999903,0.00019131226818216722
13,178,220883,28152,0,合理诉求,0.6704616023928802,0.32793900229731826,0.0015993953098015455
211,63,207043,127398,0,合理诉求,0.9885041113440051,0.00976882731824382,0.0017270613377510771
14,180,15441,344232,1,诉求偏高,0.31342123925383225,0.3760811808097354,0.31049757993643246
178,107,121192,412950,0,合理诉求,0.9437906423250177,0.05564581382496712,0.00056354385001516
82,6,183889,218322,0,合理诉求,0.7471141480266987,0.2071719129216967,0.045713939051604716
96,137,219230,321024,0,合理诉求,0.8564225784735776,0.14329522314103876,0.0002821983853836151
4,243,216712,125346,0,合理诉求,0.7835623950175435,0.14568834641036962,0.0707492585720868
253,178,199487,63015,0,合理诉求,0.9398875453411142,0.05922554441697247,0.0008869102419133316
235,268,9467,382326,0,合理诉求,0.9770579098180832,0.010385239076259434,0.012556851105657556
99,151,224819,231699,0,合理诉求,0.9999652296080304,2.9449741208485074e-05,5.320650761059809e-06
268,134,224841,101263,0,合理诉求,0.9977795748563247,0.002206009457268534,1.4415686406670205e-05
321,1,170221,438203,0,合理诉求,0.9734374724553906,0.01510548189661861,0.011457045647990906
151,133,227346,340123,0,合理诉求,0.9976249187860097,0.0023696106817474036,5.470532242971389e-06
144,190,65103,166865,0,合理诉求,0.94728181698474,0.033658937949930266,0.019059245065329657
181,143,143383,417382,0,合理诉求,0.9728626260381498,0.02709104521993114,4.632874191891436e-05
5,277,42471,356984,0,合理诉求,0.6834217322739834,0.15587518566159309,0.16070308206442357
38,163,152054,162697,0,合理诉求,0.9946716226403377,0.005051830615713628,0.0002765467439486583
190,3,204607,122827,0,合理诉求,0.9993318884336958,0.0006000156596082295,6.809590669612678e-05
11,14,14084,335841,0,合理诉求,0.4689884486023471,0.5300026818117799,0.0010088695858729644
51,187,138093,358539,0,合理诉求,0.9170767991175764,0.07549542226868662,0.0074277786137368325
110,194,227346,266369,0,合理诉求,0.891971328958424,0.06344053299390012,0.04458813804767588
2,102,220667,235958,0,合理诉求,0.8762709048631863,0.1213389351511146,0.0023901599856991037
190,2,53753,289926,0,合理诉求,0.9999714412930315,2.6564832015923397e-05,1.9938749526917285e-06
87,155,183889,79712,0,合理诉求,0.8658616376732112,0.13217628990450278,0.0019620724222860764
151,151,15581,410891,0,合理诉求,0.9968005970512992,0.0022000427060364556,0.000999360242664144
4,161,217689,412320,0,合理诉求,0.9964835259836495,0.003255876826391857,0.0002605971899584662
162,184,177032,291002,0,合理诉求,0.9339504385789744,0.06489659088393464,0.001152970537090913
27,178,52414,183685,0,合理诉求,0.49499740631294226,0.5047556225000244,0.00024697118703335003
190,0,141582,343802,0,合理诉求,0.999949000306234,3.700448005835774e-05,1.3995213707662609e-05
8,42,189265,93002,0,合理诉求,0.9942107309506099,0.005339645551236926,0.0004496234981531663
14,140,110992,174491,0,合理诉求,0.9822699239669304,0.016030983727355702,0.0016990923057138112
2,29,42471,81531,0,合理诉求,0.9649139697143662,0.03498278141993955,0.00010324886569430962
178,168,186515,170389,0,合理诉求,0.9992967295225836,0.0007013198404454609,1.9506369707045032e-06
13,167,197503,27854,0,合理诉求,0.9988069730684305,0.00016354900214031673,0.0010294779294293252
151,151,109704,435885,0,合理诉求,0.4356713128214137,0.08326148313848561,0.4810672040401007
132,268,205619,322399,0,合理诉求,0.9533943699378488,0.007650340659883835,0.03895528940226754
3,1,84982,127790,0,合理诉求,0.6030333023543382,0.366089083210043,0.030877614435618907
178,243,227346,408592,0,合理诉求,0.9967842569546725,0.003028604836015295,0.00018713820931216243
100,127,3081,106814,0,合理诉求,0.9855602251230106,0.011236119747954014,0.003203655129035377
142,27,209602,45497,0,合理诉求,0.8916951619103406,0.05961881387646482,0.04868602421319459
178,3,188047,183830,0,合理诉求,0.912531744602163,0.045618083679526196,0.04185017171831068
63,43,192198,434964,0,合理诉求,0.9985907313928107,0.0011235352469581355,0.00028573336023100115
37,205,227346,337249,0,合理诉求,0.9999864471575458,1.1745693852941111e-05,1.8071486011783674e-06
185,63,223752,300000,1,诉求偏高,0.025222881202977256,0.9484883766818941,0.026288742115128473
137,1,170404,56458,0,合理诉求,0.9924882245431186,0.005710620039162119,0.0018011554177191455
127,268,102371,3296,0,合理诉求,0.9956077152687849,0.004210276956115085,0.00018200777510007801
13,102,178621,300000,1,诉求偏高,0.0004974272320894135,0.9865333341690771,0.012969238598833465
23,38,203108,254375,0,合理诉求,0.9287565649116297,0.04906697433434008,0.022176460754030132
186,190,139664,27898,0,合理诉求,0.9777160374879104,0.01236403688248258,0.009919925629606913
187,31,107093,212899,0,合理诉求,0.8053934911374537,0.13951482859287007,0.05509168026967615
100,187,179706,200781,0,合理诉求,0.998739340297562,0.0012449982194281909,1.5661483009845748e-05
100,238,193650,12322,0,合理诉求,0.9426088745306296,0.05561628111385055,0.0017748443555199015
278,264,165929,4853,0,合理诉求,0.9442461306313334,0.03252234713281291,0.023231522235853754
252,0,129800,186622,0,合理诉求,0.7983026299051539,0.18902502499562382,0.012672345099222347
196,120,15877,75327,0,合理诉求,0.8590508702895104,0.1079332672028592,0.033015862507630354
190,27,193375,90928,0,合理诉求,0.7468446092478097,0.2447668996976099,0.0083884910545803
0,146,35199,267322,0,合理诉求,0.999989598780605,9.94264816371417e-06,4.5857123126824546e-07
182,200,50655,83600,0,合理诉求,0.9987658417137077,0.0010435404281986787,0.00019061785809358135
178,0,227346,67913,0,合理诉求,0.9998086797146445,0.00016309726902443005,2.8223016331026826e-05
113,1,181154,295843,0,合理诉求,0.9238683383491756,0.06987577620985329,0.006255885440970992
25,168,42026,239092,0,合理诉求,0.8461071921989372,0.06746130987960094,0.0864314979214619
56,13,224826,339623,0,合理诉求,0.9972662171768764,0.002385802058665858,0.00034798076445780686
111,107,200177,364214,0,合理诉求,0.982021393956713,0.004753163054778492,0.013225442988508512
146,4,177300,106575,0,合理诉求,0.5213255791758684,0.035982938101025125,0.44269148272310643
0,186,183659,169915,0,合理诉求,0.988944738209149,0.011016202538990966,3.905925185986685e-05
3,76,170335,396627,0,合理诉求,0.9042220372202587,0.09537005285848427,0.00040790992125707104
41,140,188666,257363,0,合理诉求,0.9856634444291595,0.013144904155575479,0.0011916514152648804
188,223,151970,344642,0,合理诉求,0.9987153674298231,0.0012617336202106384,2.2898949966243415e-05
157,112,85347,367789,0,合理诉求,0.9802221233555869,0.01970248021926621,7.539642514686278e-05
88,222,129379,300859,0,合理诉求,0.995058891563954,0.00482506278344068,0.0001160456526054902
129,199,212637,300000,1,诉求偏高,0.08487624143360939,0.9145228640160356,0.0006008945503550423
178,1,176744,190223,0,合理诉求,0.9318075069767902,0.06707281393456149,0.0011196790886484705
179,55,224826,398165,1,诉求偏高,0.14326090469458952,0.8246950548232763,0.03204404048213421
150,157,70493,77942,0,合理诉求,0.9219792560782367,0.07782183614821082,0.00019890777355234318
88,103,190758,228244,0,合理诉求,0.9999313503362788,3.975589922062969e-05,2.8893764500596386e-05
3,110,120528,124032,0,合理诉求,0.989792118791436,0.0027379285798751667,0.007469952628688932
147,55,227346,180794,0,合理诉求,0.9887583616859548,0.01094827443485641,0.0002933638791888738
302,256,126904,339217,0,合理诉求,0.8729096069416129,0.1241911998716391,0.0028991931867478715
185,125,300000,300000,1,诉求偏高,0.0876051383392069,0.8946921021560124,0.017702759504780688
151,98,55628,295559,0,合理诉求,0.995670911113463,0.004282048796110385,4.704009042656043e-05
89,55,217196,253304,0,合理诉求,0.8486971868099553,0.13578222671136078,0.01552058647868397
42,63,113135,122786,0,合理诉求,0.9774980067490739,0.02229200795622089,0.0002099852947050524
0,0,227346,420365,0,合理诉求,0.9343132091314852,0.06474620417601415,0.0009405866925006655
2,268,87646,287214,0,合理诉求,0.9969204338606819,0.0029491987959387577,0.00013036734337938964
164,7,210238,388688,0,合理诉求,0.4388763681249251,0.5493085460136816,0.011815085861393248
12,105,19232,190223,0,合理诉求,0.8821262444210692,0.0637212541906117,0.054152501388319035
180,151,183889,309215,0,合理诉求,0.9998622355149483,0.00011743316732775977,2.0331317723749432e-05
151,187,4459,340123,0,合理诉求,0.49868443433116094,0.49815057160809045,0.00316499406074851
268,307,227346,300000,1,诉求偏高,0.005386837919808811,0.9926195947228238,0.001993567357367323
89,68,9666,273843,0,合理诉求,0.9655690690475107,0.032692124392147165,0.0017388065603419949
56,178,183100,126895,0,合理诉求,0.995732688065257,0.0037994709349097235,0.0004678409998331476
188,193,227346,23856,0,合理诉求,0.7581451325090999,0.2416786804481011,0.00017618704279896943
4,132,227346,119776,0,合理诉求,0.8474135649522245,0.1484728371886665,0.004113597859108946
190,55,180486,411096,0,合理诉求,0.9999718198243922,2.552055016199515e-05,2.6596254458212618e-06
99,7,47080,385201,0,合理诉求,0.9922102118194998,0.0075511152782174245,0.00023867290228278966
100,49,28263,143787,0,合理诉求,0.9994609784811155,0.0004900416108956371,4.897990798880722e-05
102,23,179378,73249,0,合理诉求,0.8340871395316652,0.15673363163623233,0.009179228832102333
54,108,181728,397378,0,合理诉求,0.9636787767543457,0.009597420294378559,0.026723802951275705
127,117,222537,285456,0,合理诉求,0.9993323213759796,0.0006242600923693875,4.341853165113686e-05
197,106,177073,260081,0,合理诉求,0.5996645307660352,0.3815113167877997,0.018824152446165084
151,134,100424,453240,0,合理诉求,0.9949108709282247,0.0004193671046650193,0.004669761967110249
142,187,97895,228365,0,合理诉求,0.9198459391791469,0.014960349953088,0.0651937108677651
225,187,183842,60524,0,合理诉求,0.9930353108949314,0.006799749945444441,0.00016493915962424683
101,132,104057,61775,0,合理诉求,0.5602711510494593,0.43428525489771136,0.0054435940528292205
275,13,123405,43727,0,合理诉求,0.851370987392568,0.03308628234359268,0.11554273026383943
151,292,148274,446780,0,合理诉求,0.9210275925059083,0.07563039696795239,0.003342010526139298
222,100,14084,397457,0,合理诉求,0.8912906100945698,0.09121467403716249,0.017494715868267837
88,272,196422,345107,0,合理诉求,0.9928233325410776,0.007146484348969552,3.018310995286921e-05
321,143,172264,158742,0,合理诉求,0.9776337883811793,0.00606023861389754,0.016305973004923206
179,185,183889,300000,1,诉求偏高,0.004995916070843167,0.7682025827286695,0.2268015012004873
122,3,26910,354013,0,合理诉求,0.9907017809398005,0.009092383996950221,0.00020583506324930835
0,12,22032,25021,0,合理诉求,0.9988525935017831,0.0011391022474177034,8.304250799148377e-06
311,100,227346,291776,0,合理诉求,0.9996093907806378,0.00028999089756469337,0.00010061832179739684
153,244,215962,152857,0,合理诉求,0.9997355089041172,0.00013592862029439685,0.00012856247558842116
88,130,14665,150699,0,合理诉求,0.9786700019773389,0.01918017936052052,0.0021498186621406352
93,1,17929,127398,0,合理诉求,0.8737928289110821,0.12428499833528503,0.001922172753632854
151,2,918,100106,0,合理诉求,0.9778877912746073,0.02042743188491628,0.0016847768404764014
108,102,78699,8150,0,合理诉求,0.9834894762153694,0.016113490660756225,0.00039703312387427876
164,178,169593,126584,0,合理诉求,0.5850393844812681,0.28516890483380525,0.12979171068492656
10,268,151872,260576,0,合理诉求,0.988086475071111,0.011757773512806692,0.00015575141608251095
217,249,193886,300000,1,诉求偏高,0.001184407001130051,0.9986062391612515,0.00020935383761864208
222,155,227346,226281,2,超额诉求,0.21347781697565013,0.11348387395607587,0.673038309068274
321,164,8292,381498,0,合理诉求,0.9989711763842136,0.001024923946900174,3.899668886285012e-06
298,191,8645,367998,0,合理诉求,0.9944734976798173,0.005073522198679443,0.00045298012150317467
25,179,42026,300000,1,诉求偏高,0.004400330861297871,0.9927462374671058,0.0028534316715963536
88,152,67327,329526,0,合理诉求,0.9937669590840011,0.004260422160502887,0.001972618755495989
343,7,663,417020,0,合理诉求,0.9965601840746092,0.0032149762466316513,0.00022483967875907152
98,338,94927,5087,0,合理诉求,0.8470061408435511,0.12687306148861185,0.026120797667837193
157,15,205318,147981,0,合理诉求,0.9992264366804081,0.0004523828278562208,0.00032118049173577543
25,3,227346,394815,0,合理诉求,0.9821527886240322,0.017738898131784447,0.00010831324418321804
60,100,202346,47725,0,合理诉求,0.715301910953094,0.28459175025741257,0.00010633878949341674
4,218,227346,239050,0,合理诉求,0.9435296594774153,0.041544849390009055,0.014925491132575637
99,1,224826,440181,0,合理诉求,0.700878148859384,0.12990946021123306,0.16921239092938287
93,292,194695,283426,0,合理诉求,0.9982233702259525,0.001744737142049797,3.189263199757748e-05
164,106,26287,144082,0,合理诉求,0.9589555612065416,0.036345218165358885,0.0046992206280994046
268,181,113881,244379,0,合理诉求,0.9246358402169876,0.07434768523935834,0.001016474543654058
0,4,209955,438203,0,合理诉求,0.9699547015350741,0.02964156092368636,0.00040373754123957024
146,100,6435,143233,0,合理诉求,0.9479482563415611,0.0456402645349744,0.006411479123464554
127,0,53895,423667,0,合理诉求,0.9340561163474984,0.06485289491507049,0.0010909887374310548
157,112,188712,124916,0,合理诉求,0.9997881609954017,0.00019725251309873117,1.4586491499585669e-05
178,151,193886,300000,0,合理诉求,0.9452569676200321,0.054593752111800446,0.00014928026816760117
1,125,193375,300000,1,诉求偏高,0.00034169237439980954,0.9882242454313515,0.011434062194248694
83,76,215974,300000,1,诉求偏高,0.019708572511613977,0.7441040128884299,0.2361874145999563
151,301,168394,425548,0,合理诉求,0.882724954650527,0.11613231493186921,0.0011427304176037112
70,1,210541,9405,0,合理诉求,0.8825880023388571,0.11718666697852856,0.00022533068261422934
13,162,184092,127398,0,合理诉求,0.9758468136460667,0.021475396985941888,0.002677789367991449
179,71,227346,300000,1,诉求偏高,0.004615974502846814,0.9951488302305375,0.00023519526661574473
191,1,14084,120976,0,合理诉求,0.9825719428779952,0.011304648513874825,0.006123408608129959
47,291,212785,427314,0,合理诉求,0.9998848444103436,0.00011038629187940759,4.769297776849014e-06
218,203,13855,453758,1,诉求偏高,0.005544672519700194,0.9900621837065334,0.00439314377376651
132,212,205742,300000,1,诉求偏高,0.0004931739953588479,0.9994340720427952,7.275396184604492e-05
1,340,100038,184464,0,合理诉求,0.948542806265961,0.02464409872390053,0.02681309501013853
109,222,147363,300000,0,合理诉求,0.9648929083819648,0.034622828003869885,0.00048426361416517187
24,3,98707,319787,0,合理诉求,0.9995387242429613,0.00035831876795853644,0.00010295698908010121
268,0,227346,212899,0,合理诉求,0.6606579432689804,0.05950242337500271,0.27983963335601686
38,207,227346,353265,0,合理诉求,0.9626953247026789,0.03699877627909357,0.0003058990182274653
26,187,15877,243170,0,合理诉求,0.9780632566957053,0.019011476650694917,0.0029252666535997947
268,179,76354,153787,0,合理诉求,0.8117911633998048,0.12602177156546596,0.062187065034729185
101,125,183889,300000,0,合理诉求,0.7813606350944751,0.2152469141079129,0.0033924507976119318
43,102,4459,196368,0,合理诉求,0.995262022873799,0.004557485157915074,0.00018049196828604752
127,117,183889,97360,0,合理诉求,0.9968525476850921,0.001043430448377443,0.002104021866530452
178,201,143030,106589,0,合理诉求,0.9991041570463309,0.0008838121214606532,1.2030832208402563e-05
132,125,146847,399980,0,合理诉求,0.9720914752814945,0.01135444493414962,0.016554079784355868
44,291,107093,331721,0,合理诉求,0.8163328312311645,0.1805910858537029,0.0030760829151325296
2,49,82622,361253,0,合理诉求,0.9556180822873356,0.04012442132671226,0.004257496385952031
193,249,178621,300000,1,诉求偏高,0.012511866669225479,0.7575866199003087,0.2299015134304659
131,179,15755,150268,0,合理诉求,0.35779702179656925,0.5162148823261115,0.12598809587731932
243,132,220837,144946,0,合理诉求,0.9999783252432828,2.1008900584506132e-05,6.658561328105744e-07
190,15,20583,64332,0,合理诉求,0.9996042198969162,0.00031125151211302047,8.452859097074927e-05
151,222,205318,151557,0,合理诉求,0.5733428333350201,0.018705409795594152,0.40795175686938573
1,187,69936,42624,0,合理诉求,0.9992828399276391,0.0006900799019962028,2.7080170364704767e-05
83,253,183889,352359,1,诉求偏高,0.07899874074459112,0.918655151813908,0.0023461074415008026
76,221,217103,322725,1,诉求偏高,0.004666325796114643,0.6511356483525511,0.3441980258513342
63,43,14109,309738,0,合理诉求,0.8026596824073964,0.1812382384958068,0.016102079096796718
2,6,68300,363717,0,合理诉求,0.9895883331548536,0.01023108866320932,0.00018057818193731244
222,10,127119,280152,0,合理诉求,0.9366775894172401,0.06290927629633959,0.0004131342864203682
100,215,224826,114806,1,诉求偏高,0.2133843467225373,0.7415772294744021,0.04503842380306068
164,178,224848,291903,0,合理诉求,0.9934675404615894,0.0060944650896061145,0.00043799444880457275
146,307,182022,300000,1,诉求偏高,0.04037350885866046,0.9595599804659012,6.651067543843814e-05
117,14,205205,454484,0,合理诉求,0.9982599951115391,0.0003008386031503797,0.0014391662853105586
125,134,14084,310104,0,合理诉求,0.9911096690543574,0.008875695224315444,1.4635721327270804e-05
25,0,183947,182819,0,合理诉求,0.9337234871424918,0.06380346645531712,0.0024730464021910665
268,73,28263,200781,0,合理诉求,0.9874364141671457,0.011694209568940545,0.0008693762639139247
91,263,155267,426409,0,合理诉求,0.9951784582192559,0.0045460348463924535,0.0002755069343516635
132,222,142238,132811,1,诉求偏高,0.2476639352719059,0.7454566886163265,0.006879376111767595
25,1,180721,360915,0,合理诉求,0.9601603246678021,0.0391341771336151,0.0007054981985828056
162,185,162003,421262,0,合理诉求,0.975987475572533,0.023931510459077193,8.101396838981932e-05
153,93,45995,177822,0,合理诉求,0.9987540732042289,0.0012370469079267636,8.879887844279733e-06
0,178,90668,254662,0,合理诉求,0.974484369254381,0.022066531597181915,0.0034490991484372015
269,30,197856,314679,0,合理诉求,0.7539618204464587,0.03111273391679585,0.21492544563674562
155,179,55237,129132,0,合理诉求,0.9992183994046483,0.0007771969279125732,4.403667438976325e-06
1,42,157667,444694,0,合理诉求,0.9937594793846979,0.005781482754324796,0.00045903786097727
136,222,130557,289995,0,合理诉求,0.8539617596021919,0.12090991765473261,0.02512832274307559
159,3,213208,208199,0,合理诉求,0.9693264983782699,0.030295047412481332,0.0003784542092488649
215,106,15877,430767,0,合理诉求,0.7604530399717583,0.2393043506046087,0.00024260942363292818
321,88,227346,415516,0,合理诉求,0.9933990728801312,0.006132390446694913,0.00046853667317407093
146,40,53085,420562,0,合理诉求,0.9700232992324429,0.02851712359334926,0.001459577174207879
3,13,223752,258315,0,合理诉求,0.712161147494871,0.2849752092392862,0.0028636432658427544
178,3,111274,95816,0,合理诉求,0.5107576720391934,0.13448931058935648,0.35475301737145004
249,56,193650,61775,0,合理诉求,0.685999491769127,0.26886859082616804,0.045131917404705
99,47,1795,131135,0,合理诉求,0.9218434577331527,0.07759209076343121,0.0005644515034162519
127,56,199261,271334,0,合理诉求,0.905199342553374,0.07491259721767812,0.019888060228947922
197,7,183889,252374,0,合理诉求,0.9768466260090345,0.011333760629985293,0.011819613360980167
147,179,214277,268553,0,合理诉求,0.6326632759935493,0.3573316329184906,0.01000509108795998
16,88,218624,78255,0,合理诉求,0.9834184304382817,0.013052019216110525,0.003529550345607931
15,90,130462,30730,0,合理诉求,0.9983530843074462,0.0015074099067881954,0.00013950578576571543
70,319,83412,143760,0,合理诉求,0.9975275322492355,0.0024709831740937016,1.484576670794e-06
187,187,226776,56337,0,合理诉求,0.5598172272508325,0.1012362589564201,0.3389465137927474
197,137,193299,269191,0,合理诉求,0.9790760949045786,0.015564554258778951,0.005359350836642458
42,0,218454,220882,0,合理诉求,0.9969368075782293,0.0020841770156042106,0.0009790154061665194
222,2,213517,86724,0,合理诉求,0.9998070051140638,7.880788677872853e-05,0.00011418699915741348
158,7,176820,431627,0,合理诉求,0.9857123537817296,0.01298967824148853,0.0012979679767820055
0,9,159060,443941,0,合理诉求,0.9958079510372696,0.0019751405529642597,0.002216908409766005
1,187,112408,137096,0,合理诉求,0.9159356269334591,0.06405891199935776,0.020005461067183098
246,171,6778,111586,0,合理诉求,0.9992993920172736,0.000606968525433166,9.363945729311366e-05
178,132,124141,177109,0,合理诉求,0.9333969528635188,0.04406145691273644,0.022541590223744846
118,111,212182,291802,0,合理诉求,0.9953774863365394,0.0039848969904562985,0.0006376166730042377
179,5,73585,23266,0,合理诉求,0.3736424223331925,0.6242934781151223,0.0020640995516853122
259,98,40219,128527,0,合理诉求,0.9999447080918786,3.1090377255114804e-05,2.420153086626431e-05
146,211,300000,300000,2,超额诉求,0.02025434852777362,0.24707835182988638,0.73266729964234
137,136,98061,158971,0,合理诉求,0.9396643979637379,0.06024990554701523,8.569648924689281e-05
0,116,6166,340123,0,合理诉求,0.8553905745748266,0.13776544534287946,0.006843980082294114
39,106,151568,118782,0,合理诉求,0.8042520015507244,0.14035916036491033,0.05538883808436522
111,151,55628,149025,0,合理诉求,0.8310591324158724,0.1581436872862106,0.010797180297916997
40,190,77872,202323,0,合理诉求,0.9977654315899483,0.0022309722512239734,3.596158827668358e-06
30,113,190672,186079,0,合理诉求,0.999834773601694,5.155864078360948e-05,0.00011366775752237963
25,177,160393,288848,0,合理诉求,0.9887697706963201,0.009483611256571364,0.0017466180471085255
127,14,227346,103664,0,合理诉求,0.8884867238588934,0.10701199314409672,0.004501282997009953
25,199,191849,392937,0,合理诉求,0.9778175218650162,0.002112352474079039,0.02007012566090491
3,3,163659,279223,0,合理诉求,0.9981250055451897,0.0018205211141061489,5.447334070412527e-05
188,151,192521,346321,0,合理诉求,0.971752618445827,0.024380977801494473,0.003866403752678443
133,178,227346,77274,0,合理诉求,0.644999437307508,0.1956787898307485,0.1593217728617434
2,93,183889,448407,0,合理诉求,0.9982652128095483,0.0006937619277078901,0.0010410252627437843
235,129,14084,67701,1,诉求偏高,0.10980250646630187,0.8736353200734075,0.016562173460290607
100,100,49171,420934,0,合理诉求,0.9028468902005066,0.09588338781649111,0.0012697219830024229
106,88,42026,300000,0,合理诉求,0.9780718679836552,0.019871095703641643,0.0020570363127032473
146,257,209602,322725,1,诉求偏高,0.048112772298415686,0.9518611762631304,2.605143845400832e-05
1,181,227346,86040,0,合理诉求,0.9990970533939684,0.0008085563655085891,9.439024052300112e-05
5,180,214156,353133,2,超额诉求,0.0026214830330307465,0.08727281289495487,0.9101057040720143
146,190,205318,22402,0,合理诉求,0.8646337492673895,0.12460965459980548,0.010756596132805118
154,253,225809,199880,0,合理诉求,0.8716198701622319,0.08418494021447519,0.044195189623292885
117,211,35359,252142,1,诉求偏高,0.3209639392164109,0.6760296414214765,0.0030064193621126382
167,253,205515,320738,0,合理诉求,0.9992645143314001,0.00040213711915250373,0.00033334854944739656
63,227,201787,336568,0,合理诉求,0.7505997392989648,0.24848562630001317,0.000914634401022015
222,2,55906,411096,0,合理诉求,0.731672883663164,0.26785203154314924,0.0004750847936869242
185,178,215974,300000,0,合理诉求,0.5456095323022405,0.45142060553218577,0.0029698621655738075
134,199,63229,204001,0,合理诉求,0.9504627827763267,0.04890010820106439,0.0006371090226088848
25,67,104192,88430,0,合理诉求,0.8590101161073603,0.11610003070459818,0.02488985318804147
144,0,15345,160485,0,合理诉求,0.9925091531797492,0.004756677623518117,0.002734169196732652
13,190,209874,194805,0,合理诉求,0.961079209839845,0.014025297353574374,0.024895492806580675
147,164,166653,300755,0,合理诉求,0.9934142746481989,0.006548534920039003,3.7190431762213406e-05
13,146,181713,211362,0,合理诉求,0.9744156451490876,0.025403509036109616,0.0001808458148029042
112,102,204450,425820,0,合理诉求,0.9896219772568675,0.010023762736806108,0.00035426000632641987
185,39,146224,441221,0,合理诉求,0.6339104995029168,0.13919734639624706,0.2268921541008362
158,322,86976,354443,0,合理诉求,0.9865676593017381,0.00601840589460214,0.0074139348036598735
164,133,75411,236968,0,合理诉求,0.9423123542328166,0.056548846554389576,0.0011387992127938431
42,164,187171,4233,0,合理诉求,0.9999181294557016,3.661085575710351e-05,4.5259688541371246e-05
224,140,183889,120766,0,合理诉求,0.9691456284214163,0.030739780977722807,0.00011459060086089678
134,99,13855,279068,0,合理诉求,0.9717681197856827,0.02820730574635538,2.457446796200913e-05
146,88,181897,298589,0,合理诉求,0.9962233515609631,0.0035629814890985076,0.0002136669499384812
47,212,227346,300000,1,诉求偏高,0.25902196959108026,0.7379972718491441,0.002980758559775615
10,271,191077,24744,0,合理诉求,0.9476385594545462,0.04811356132273966,0.004247879222714014
27,7,199261,388646,0,合理诉求,0.7334246627225167,0.2512614575794597,0.015313879698023662
193,203,183889,300000,1,诉求偏高,0.00629944905233924,0.8957161571883988,0.09798439375926185
25,151,215974,300000,1,诉求偏高,0.0012533760546238407,0.9980804549859339,0.00066616895944229
151,268,19561,50529,0,合理诉求,0.9757764501586698,0.023634483120123888,0.0005890667212061707
109,33,147417,378404,0,合理诉求,0.9911248027642094,0.007813357691429651,0.0010618395443610308
0,117,205525,280537,0,合理诉求,0.9965955711316741,0.0033668278974555454,3.7600970870282964e-05
201,107,227346,211546,0,合理诉求,0.9981897019942786,0.0015528311949474579,0.0002574668107740388
153,219,197553,374235,0,合理诉求,0.99582793709215,0.004044725873169325,0.00012733703468077064
179,222,14084,390255,0,合理诉求,0.5525133900781722,0.3999713087751832,0.047515301146644505
164,144,183889,300000,1,诉求偏高,0.06843478173534777,0.8584086997033346,0.07315651856131765
196,50,178621,300000,0,合理诉求,0.5375355256972084,0.4542049674668098,0.008259506835981766
15,55,183889,249448,0,合理诉求,0.6147489457161597,0.09103250619984504,0.2942185480839953
197,136,44842,360864,0,合理诉求,0.9995928056856773,0.00035830701439239855,4.888729993016981e-05
11,43,197765,373657,0,合理诉求,0.9938413012944489,0.0056975251521501616,0.00046117355340072075
168,132,224841,137850,0,合理诉求,0.6598107742556107,0.03180985239305966,0.3083793733513296
25,135,23399,237155,0,合理诉求,0.7886213359948709,0.16489006231074788,0.04648860169438119
127,178,14392,7143,0,合理诉求,0.9027669554161873,0.09660163774620271,0.0006314068376099502
107,4,191336,300000,1,诉求偏高,0.02082946059199499,0.9515538194670576,0.0276167199409472
222,253,227346,402001,0,合理诉求,0.9531442880406601,0.04649763378736325,0.00035807817197668095
55,268,113266,72780,0,合理诉求,0.9974324628523326,0.0024139630106478362,0.00015357413701956227
268,278,183889,225084,0,合理诉求,0.8954027259354811,0.09637179751688645,0.008225476547632563
151,26,181103,225475,0,合理诉求,0.968643595126213,0.031290723658030525,6.568121575657927e-05
146,102,209602,300000,1,诉求偏高,0.0030181077607171858,0.6733214038734608,0.3236604883658219
175,151,300000,300000,2,超额诉求,0.011841377887359892,0.3270454878832533,0.6611131342293868
167,137,176002,146056,0,合理诉求,0.9987897897473468,0.001152563814505018,5.76464381483826e-05
15,157,195303,378922,0,合理诉求,0.9973744693108125,0.0018229396498727613,0.0008025910393145132
38,1,193778,95024,0,合理诉求,0.9995451272051997,0.00040862945615877805,4.624333864159566e-05
110,0,125764,317756,0,合理诉求,0.9512531841003865,0.007758791146236693,0.04098802475337679
297,181,183889,300000,0,合理诉求,0.6427273907375876,0.26397802449837016,0.09329458476404226
246,25,22076,350141,0,合理诉求,0.998260675790947,0.0016395634586217763,9.976075043124328e-05
277,253,39908,145498,0,合理诉求,0.8457240219703014,0.15386585331609848,0.0004101247136001755
152,194,109188,178317,0,合理诉求,0.9577646191024273,0.04033309503949421,0.0019022858580785079
13,246,183889,300000,0,合理诉求,0.9935083641727287,0.006369161557533007,0.00012247426973849352
138,99,44383,70561,0,合理诉求,0.7487489748951363,0.1316732064650851,0.11957781863977869
132,146,181360,218875,0,合理诉求,0.8787445998903638,0.11508915029102613,0.006166249818610189
91,56,187319,88080,1,诉求偏高,0.004696985769965928,0.995200998342037,0.00010201588799715367
4,132,110996,137139,2,超额诉求,0.03227817767064315,0.10892222260436733,0.8587995997249895
194,1,68964,61562,0,合理诉求,0.9975998295135555,0.0023982806086011717,1.8898778432039036e-06
178,6,144731,292177,0,合理诉求,0.9997374434788489,0.00024397924120228706,1.857727994882904e-05
1,96,213341,108162,0,合理诉求,0.9991223626916168,0.0008458923250730439,3.174498331014712e-05
99,259,197250,257734,0,合理诉求,0.9999878012302281,1.0335752297114535e-05,1.8630174748126011e-06
25,164,40860,361394,0,合理诉求,0.9987310568709248,0.0012612086492666567,7.734479808527922e-06
179,62,187884,412950,0,合理诉求,0.9850415100814303,0.014908215827109206,5.027409146042897e-05
3,63,14084,212899,0,合理诉求,0.9929324760075803,0.006739818087186876,0.00032770590523296895
102,215,205604,169406,0,合理诉求,0.9961441188012587,0.00352337255301078,0.0003325086457304626
35,137,215518,381498,0,合理诉求,0.9998871292436938,9.179974955650976e-05,2.1071006749691703e-05
109,0,223902,283451,0,合理诉求,0.6909963304249205,0.2963608832347219,0.012642786340357686
25,106,114787,107037,0,合理诉求,0.9287595702044095,0.06446714409844331,0.006773285697147416
127,304,220693,183981,0,合理诉求,0.5603889744506317,0.41298325640894923,0.026627769140419075
63,15,200008,188776,0,合理诉求,0.5671391468840464,0.4323523904445639,0.0005084626713895927
178,268,20488,77186,0,合理诉求,0.9979372474986756,0.002058534645625387,4.217855698920343e-06
297,246,15877,18764,0,合理诉求,0.9227993368971102,0.07686597348894143,0.0003346896139481728
0,42,144731,187107,0,合理诉求,0.9961819375753742,0.0037535629939692205,6.449943065665996e-05
117,130,116830,97159,0,合理诉求,0.9248097463208586,0.06475777158804423,0.010432482091097059
287,168,190165,244588,0,合理诉求,0.45442331814514036,0.15188593347638052,0.39369074837847917
189,96,205525,186803,0,合理诉求,0.9226118562804022,0.07486523548118075,0.002522908238417097
204,176,15877,869,0,合理诉求,0.9980607105633283,0.0018533229857353856,8.596645093630498e-05
142,114,184981,256872,0,合理诉求,0.9999733000579221,2.6198935442344417e-05,5.010066357110548e-07
2,190,132961,111586,0,合理诉求,0.9800666098250232,0.009910284343798148,0.010023105831178662
222,180,193615,132773,0,合理诉求,0.9972329359437239,0.0022830762483314064,0.00048398780794464376
199,25,22030,337810,0,合理诉求,0.5529811694408291,0.4445620991088448,0.002456731450326101
55,178,14084,358938,0,合理诉求,0.574020019334629,0.42502436481009365,0.0009556158552773938
127,190,183889,138025,0,合理诉求,0.4899586307318922,0.16937787410281976,0.340663495165288
19,13,115369,361836,0,合理诉求,0.9979601125870033,0.0009109655640450543,0.0011289218489514334
179,117,160640,252142,0,合理诉求,0.9798510549262767,0.013960639982108683,0.006188305091614661
3,221,51805,131135,0,合理诉求,0.7171419417978561,0.27643071477862186,0.00642734342352207
246,319,104224,11572,0,合理诉求,0.9773431592291687,0.021396012319862667,0.00126082845096851
178,83,175894,429958,0,合理诉求,0.945288450993341,0.05252546888520905,0.002186080121449868
88,211,15877,279779,0,合理诉求,0.9693538621549134,0.02968357863988532,0.0009625592052013623
0,13,182022,443414,0,合理诉求,0.763658814474076,0.23025422290289374,0.006086962623030221
27,178,171158,448280,0,合理诉求,0.9973550009302365,0.0025219195659262365,0.00012307950383734804
44,88,181725,222043,0,合理诉求,0.999128578601169,0.0008431947036991867,2.822669513191296e-05
1,108,300000,300000,0,合理诉求,0.6345704767040984,0.3576993902407789,0.007730133055122665
243,190,120836,325932,0,合理诉求,0.999857748261417,9.790586903319032e-05,4.434586954988796e-05
0,152,183889,222089,0,合理诉求,0.6824075243056752,0.06097195421001977,0.25662052148430514
191,291,104010,446847,0,合理诉求,0.9069118173657034,0.08723267358581693,0.005855509048479533
88,11,145671,351459,0,合理诉求,0.9919881330349557,0.006002554619173457,0.002009312345870844
95,110,177755,88063,0,合理诉求,0.9974027168852789,0.002433143223332345,0.00016413989138879757
101,212,144080,17439,0,合理诉求,0.3995425486151374,0.5942836076025558,0.006173843782306826
193,146,187319,242321,0,合理诉求,0.9969503581121939,0.002363004044959186,0.0006866378428469284
70,189,85626,347071,0,合理诉求,0.9983598697882562,0.0015273854970330064,0.00011274471471088405
100,50,227346,300000,0,合理诉求,0.640465069201513,0.3593174480046148,0.00021748279387220773
117,4,138540,178682,0,合理诉求,0.9741886077119064,0.016150802467928455,0.009660589820165108
196,64,300000,300000,1,诉求偏高,0.08428010594527507,0.9087289210406452,0.006990973014079847
113,28,89153,240989,0,合理诉求,0.9686958322438852,0.031196635681069503,0.00010753207504526033
179,222,140887,28151,0,合理诉求,0.923362344091162,0.07325034680650432,0.0033873091023336596
11,1,87742,12901,0,合理诉求,0.5583227736609561,0.44158410714846136,9.311919058255417e-05
159,4,38496,300000,0,合理诉求,0.5748346387943256,0.4198545158724762,0.00531084533319824
27,178,181286,34206,0,合理诉求,0.9545659916471803,0.019669152579931643,0.025764855772888038
106,187,188562,414147,0,合理诉求,0.9881410665702748,0.011063059441068862,0.0007958739886562082
312,143,160143,13467,0,合理诉求,0.6500938238558589,0.003563811581947731,0.34634236456219336
121,97,72968,217387,0,合理诉求,0.7690434375457013,0.2280542978292676,0.002902264625031017
42,96,75139,304130,0,合理诉求,0.9987728938095899,0.0008872340565745059,0.0003398721338355334
190,211,11822,369430,0,合理诉求,0.5861438184864177,0.39392088892554894,0.019935292588033268
157,45,187135,89886,0,合理诉求,0.9880519738234188,0.004620020599015306,0.007328005577565784
11,199,224078,398109,0,合理诉求,0.9634743072762846,0.03633831946396392,0.00018737325975144617
314,55,178910,285810,0,合理诉求,0.9932930724799173,0.005784892688420852,0.0009220348316619502
4,190,187888,7751,0,合理诉求,0.986349805933993,0.00850230553396431,0.005147888532042538
10,88,183889,115146,0,合理诉求,0.9976081052634316,0.0014283768185188697,0.0009635179180496704
115,186,199151,223860,0,合理诉求,0.9953277765771466,0.00011807712260260961,0.004554146300250736
222,265,60426,153787,0,合理诉求,0.9903106307871719,0.008813521551447758,0.0008758476613803296
116,7,22914,241265,0,合理诉求,0.9958860867338911,0.00396571819844203,0.0001481950676668659
146,13,150685,289926,0,合理诉求,0.998409739416418,0.0014883179775502858,0.0001019426060315087
1,0,50216,95816,0,合理诉求,0.9978401595478691,0.002087100826991204,7.273962513984635e-05
222,179,204321,116947,0,合理诉求,0.9575829152220912,0.04232619246289646,9.089231501237126e-05
94,132,172274,100363,0,合理诉求,0.5630093246726015,0.4367846054184008,0.00020606990899770235
100,291,105473,163291,0,合理诉求,0.663729049548845,0.3337035413354946,0.0025674091156603573
1,42,14084,3296,0,合理诉求,0.9999491267428798,3.345497681863629e-05,1.741828030142923e-05
96,178,114441,153084,0,合理诉求,0.9999848085105779,1.1251690200820663e-05,3.939799221371632e-06
174,178,183889,232954,0,合理诉求,0.9993951000451147,0.00039183516467849414,0.00021306479020668031
2,350,181672,322830,0,合理诉求,0.9966120608135912,0.0030111800659628593,0.00037675912044590363
190,0,226558,57840,0,合理诉求,0.9911726923258839,0.008621564021051471,0.00020574365306459918
192,190,32559,26955,0,合理诉求,0.9970631431182039,0.002875766177278249,6.109070451786809e-05
147,26,78040,60524,0,合理诉求,0.3728571610623485,0.4326424529906693,0.1945003859469821
96,6,185429,393873,0,合理诉求,0.9891928022819211,0.01052045673445349,0.00028674098362539485
102,132,11974,153224,1,诉求偏高,0.018324364220624473,0.9408215512703204,0.040854084509055186
111,15,38088,250289,0,合理诉求,0.8888154920535982,0.11088048624002968,0.0003040217063720926
178,198,143570,86176,0,合理诉求,0.9905736459891964,0.009169596656378176,0.000256757354425393
94,187,137790,324546,0,合理诉求,0.41692365204642867,0.5825707574284394,0.0005055905251317927
25,188,124322,233517,0,合理诉求,0.9899560225029391,0.009583155783199104,0.0004608217138617287
100,268,109503,208910,0,合理诉求,0.9999323378570526,3.0480293122574725e-05,3.7181849824898626e-05
162,263,198058,300000,0,合理诉求,0.9963625722113285,0.003587199787033953,5.022800163753783e-05
131,125,38349,241239,0,合理诉求,0.9867370667840267,0.010864043681205214,0.0023988895347681004
100,190,168479,379031,0,合理诉求,0.3683884568349668,0.6202839552618853,0.011327587903147968
264,101,162794,202493,0,合理诉求,0.910349319987165,0.08958181436469304,6.88656481420343e-05
25,214,202346,251142,0,合理诉求,0.9999300850317072,6.892633562124522e-05,9.886326715052697e-07
110,191,64534,78082,0,合理诉求,0.9998791909887808,4.7356196306882464e-05,7.345281491226628e-05
278,130,3801,55043,0,合理诉求,0.9851500176193425,0.014692514134982277,0.00015746824567538148
226,197,139099,105742,0,合理诉求,0.9796279708524798,0.0199537525968247,0.00041827655069540955
207,134,15877,453223,0,合理诉求,0.8743058922701284,0.12526782148135948,0.0004262862485120486
56,0,223753,399479,0,合理诉求,0.8978697761900902,0.10145083842330359,0.0006793853866060955
2,0,20457,353383,0,合理诉求,0.9849974573460242,0.014959256861978831,4.328579199708774e-05
22,254,162174,255057,0,合理诉求,0.9903535035034817,0.004855412049114811,0.004791084447403592
134,275,187931,243043,1,诉求偏高,0.2104482762103617,0.5617404614983745,0.22781126229126378
102,178,227346,434673,0,合理诉求,0.7546018556684505,0.2078724362652136,0.03752570806633582
13,206,73757,228355,0,合理诉求,0.9999137195950731,6.74799583062811e-05,1.8800446620508036e-05
169,271,227346,300000,0,合理诉求,0.7008371844310747,0.2991322656501819,3.05499187432011e-05
13,2,9467,33941,0,合理诉求,0.9998409527672542,0.00014749266479066256,1.1554567955217622e-05
132,0,101157,222533,0,合理诉求,0.9397881969560433,0.059558600477886886,0.000653202566069667
244,135,227346,47415,0,合理诉求,0.9989528132061787,0.00038852923965338,0.000658657554167895
0,307,227346,38425,0,合理诉求,0.955020051059388,0.044878083354797364,0.00010186558581442104
222,246,216311,135712,0,合理诉求,0.9996525436296374,0.0002709925263032906,7.646384405930692e-05
278,24,170634,236538,0,合理诉求,0.9827929491280587,0.008557390083628035,0.0086496607883131
113,26,14084,390605,0,合理诉求,0.9787770714671956,0.021024892717152247,0.0001980358156521726
1,168,182022,398101,0,合理诉求,0.9975166092138895,0.0023494388473652554,0.00013395193874540947
