运单号,线路类型,是否c2c,是否生鲜妥投及时,保价金额,始发城市,目的城市,寄件人id,收件人id,寄件是否内部,配送超时时长,异常原因,进线渠道,妥投到进线时长,索赔金额,商品类型,新旧程度,寄件B/C,进线人身份,始发网点发单量,始发网点万单理赔率,始发网点赔付比例,目的网点发单量,目的网点万单理赔率,目的网点赔付比例,异常原因_编码,进线渠道_编码,商品类型_编码,进线人身份_编码,妥投到进线时长_分桶,是否生鲜商品,生鲜妥投组合类别_编码,始发城市_风险特征,目的城市_风险特征,寄件人_风险特征,收件人_风险特征,始发城市_风险标注均值,目的城市_风险标注均值,寄件人_风险标注均值,收件人_风险标注均值
1,2,0,0,0.943,146,161,223753,82746,-1,427849,Pickup Error,Internal Software,211031,680.57,Miscellaneous Goods,-1,C,Consigner,504039,0.069307,0.990782,855542,0.403306,0.99504,3,2,14,0,4,0,2,75.50373567911244,28.782972978997275,10.44857907571553,0.0,0.3,0.5555555555555556,0.25,0.0
2,2,1,0,0.786,158,126,227346,341476,-1,150511,未知,Call,311999,723.25,Hardware,-1,B,Consigner,326062,0.0,0.995804,2541530,0.0,0.968897,0,0,9,0,5,0,2,166.88537928718344,5.468307916372967,93.95808297694902,0.0,0.1538461538461538,0.1666666666666666,0.2585987261146497,0.0
3,2,0,0,411.188,178,179,205393,433022,-1,139879,Damage,Internal Software,1232135,1551.5,Hardware,1,B,Consigner,496895,34.51069,0.74477,246799,94.44991,0.979394,1,2,9,0,6,0,2,59.71452989301516,49.485349035609424,2.84234823431104,0.0,0.1660079051383399,0.17578125,0.0,0.0
4,2,0,0,0.0,268,0,187738,42524,-1,427754,未知,Call,58921,727.31,Electronic Product,0,C,Consigner,306519,0.0,0.994475,2259923,0.0,0.997277,0,0,6,0,2,0,2,96.84596855953218,75.01688402479252,1.56914908430995,7.110927550872904,0.1823899371069182,0.1507692307692307,0.0,0.0
5,5,0,0,32.977,41,7,208918,287855,-1,427796,Pickup Error,Vendor Consultation,-32144,100.13,Miscellaneous Goods,-1,B,Consigner,934138,11.25108,0.958145,543609,0.0,0.997522,3,6,14,0,0,0,2,15.195521366333276,92.30255429171878,0.0,0.874057549250652,0.125,0.1935483870967742,0.0,0.0
6,2,0,0,125.226,11,197,100136,25071,-1,427766,未知,Vendor Consultation,48762,382.99,Electronic Product,-1,C,Receiver,454057,19.25836,0.948027,1180147,7.09116,0.985388,0,6,6,1,2,0,2,46.140341664130425,63.769979151069016,0.0,0.3835474940785893,0.1724137931034483,0.208955223880597,0.0,0.0
7,3,0,0,281.941,11,142,26669,352766,-1,140970,未知,Call,1455507,477.56,Beauty & Daily Essentials,-1,C,Consigner,151469,52.38458,0.971713,56828,54.28817,0.942772,0,0,3,0,6,0,2,46.140341664130425,32.47128749327333,0.0,29.170460333472725,0.1724137931034483,0.0833333333333333,0.0,0.5
8,2,0,0,649.924,132,146,179679,363810,-1,2830,Pickup Error,Call,1065358,501.78,Hardware,-1,B,Consigner,1019424,47.82085,0.749729,295327,46.21963,0.991491,3,0,9,0,6,0,2,52.70819341651338,100.44850004559429,0.0,0.0,0.2071428571428571,0.1071428571428571,0.0,0.0
9,2,0,0,535.164,278,43,120500,175480,-1,427841,Pickup Error,Vendor Consultation,-76296,427.56,Pharmaceuticals,0,C,Consigner,107570,61.45768,0.991868,406949,77.71412,0.991748,3,6,15,0,0,0,2,86.14768587401899,47.014223570793376,0.0,0.0,0.2307692307692307,0.1428571428571428,0.0,0.0
10,2,1,0,519.59,179,54,42738,178317,-1,427864,Pickup Error,Mini Program,41656,648.87,Household Goods,-1,C,Receiver,97372,8.481,0.969802,158961,23.50891,0.941289,3,4,11,1,2,0,2,56.8349237193444,53.04915549785749,21.48077735530207,58.77739233437685,0.1497584541062802,0.0,0.0,0.0
11,2,0,0,24.158,42,199,36111,361190,-1,-77251,未知,Vendor Consultation,-51154,739.54,Hardware,0,C,Receiver,1100976,2.026741,0.994977,162962,12.43215,0.987237,0,6,9,1,0,0,2,106.19017586084024,65.33437063477945,0.0,0.0,0.145631067961165,0.3513513513513513,0.0,0.0
12,6,0,0,277.359,13,178,62056,119050,-1,427780,未知,Call,235938,462.13,Dried Groceries,-1,C,Consigner,68429,96.59377,0.988812,71313,55.43931,0.959143,0,0,5,0,4,0,2,117.72169897217258,75.72709977879157,29.70230955444573,0.0,0.2748538011695906,0.2073170731707317,0.0,0.0
13,2,1,1,20.533,117,102,198904,33441,-1,-28947,未知,Call,259484,111.84,Hardware,0,B,Consigner,258793,0.0,0.986669,565539,39.34114,0.968305,0,0,9,0,5,0,2,57.51283596595224,127.44248338763862,23.92907809873446,,0.1052631578947368,0.1789473684210526,0.3333333333333333,
14,2,0,0,118.629,183,178,93193,222926,1,93047,Damage,Call,205594,930.76,Appliances,0,B,Staff,1385,24.28482,0.997311,500980,91.34631,0.986276,1,0,2,2,4,0,2,25.522374298572164,75.72709977879157,226.8752898406858,14.048588681364976,0.1666666666666666,0.2073170731707317,0.0,1.0
15,2,0,0,321.779,132,157,202363,181642,-1,83035,未知,Vendor Consultation,157464,468.61,Hardware,0,B,Receiver,1449666,8.784329,0.801974,170124,38.46678,0.992564,0,6,9,1,3,0,2,52.70819341651338,166.21433105480688,0.0,,0.2071428571428571,0.6428571428571429,0.0,
16,2,0,0,10.113,63,249,212301,89358,-1,427858,Damage,Call,101603,223.01,Miscellaneous Goods,-1,C,Consigner,296751,7.116862,0.98264,457207,78.88394,0.999932,1,0,14,0,3,0,2,87.51932180035882,68.90840414854678,,5.058112165656146,0.2022471910112359,0.2,,0.0
17,2,1,1,91.151,0,29,227346,230886,-1,427829,未知,Call,643389,691.73,"Apparel, Footwear & Accessories",-1,C,Consigner,1517778,38.78094,0.976772,67594,19.37371,0.984216,0,0,1,0,6,0,2,57.22795965470159,30.86500720980986,93.95808297694902,4.234217955957087,0.1678082191780822,0.0,0.2585987261146497,0.0
18,2,0,0,524.418,0,203,72009,300000,-1,427864,未知,Vendor Consultation,974000000,1370.93,Home Improvement and Building Material,-1,B,Receiver,34755389,35.49248,0.998725,51219295,83.09091,0.995087,0,6,10,1,6,0,2,57.22795965470159,73.82922603912272,88.98416554029349,163.30068855149273,0.1678082191780822,0.25,0.3333333333333333,0.5474358974358975
19,3,0,0,1.656,220,88,176047,240989,-1,-115744,Pickup Error,Call,6532,823.43,Alcohol,-1,C,Consigner,524242,63.49215,0.990638,45809,13.22184,0.92223,3,0,0,0,2,0,2,72.30195311537067,79.74310528281981,50.955929077725926,16.42897080554335,0.1304347826086956,0.2061855670103092,0.0909090909090909,0.0
20,2,0,0,95.947,25,322,15199,53644,-1,427840,未知,Call,164841,264.75,Maternity & Baby Products,-1,B,Staff,43879,26.81305,0.99939,598337,37.7093,0.957948,0,0,13,2,3,0,2,88.8237010925776,58.30792878609847,3.299880877917794,11.356172490968978,0.1843137254901961,0.2777777777777778,0.0,0.0
21,2,0,1,178.605,107,134,227346,176240,-1,427789,Damage,Internal Software,3854224,501.16,Fresh,-1,C,Consigner,91179,9.468858,0.952071,513,146.4261,0.996539,1,2,7,0,6,1,0,69.59539401792847,46.10167247042128,93.95808297694902,180.31732893603544,0.135593220338983,0.0869565217391304,0.2585987261146497,0.0
22,2,0,0,142.027,25,2,185652,255918,1,427862,Damage,Vendor Consultation,56302,167.42,Appliances,-1,C,Consigner,124630,19.32718,0.979467,177376,62.10783,0.913477,1,6,2,0,2,0,2,88.8237010925776,93.3192184944359,37.03531100362392,0.0,0.1843137254901961,0.1111111111111111,0.0,0.0
23,2,0,0,0.469,0,178,203501,43640,1,115505,未知,Internal Software,-80442,405.0,Hardware,0,Not Known,Receiver,1098826,14.54029,0.891987,1355501,21.71077,0.843996,0,2,9,1,0,0,2,57.22795965470159,75.72709977879157,305.23024714812806,,0.1678082191780822,0.2073170731707317,0.3333333333333333,
24,2,0,0,70.256,87,156,110780,302274,-1,427853,Pickup Error,Internal Software,2244232,501.35,Miscellaneous Goods,-1,C,Unknown,270338,24.22045,0.955847,466755,4.99416,0.905898,3,2,14,3,6,0,2,72.62680403769173,13.292117589246272,9.942544869275542,4.723617739363639,0.2666666666666666,0.0,2.0,0.0
25,2,0,0,118.8,3,211,131727,314959,-1,427864,未知,Internal Software,313676,603.9,Household Goods,-1,C,Unknown,323438,0.0,0.982885,1193822,0.463319,0.983978,0,2,11,3,5,0,2,41.966021036266106,74.44213332427378,213.20415075915483,12.830980481300912,0.1538461538461538,0.2777777777777778,0.0,0.0
26,2,0,0,11.101,92,1,136069,75881,-1,427864,Suspected Lost,Call,836872,295.92,Miscellaneous Goods,0,Not Known,Consigner,1116466,4.682477,0.936764,234626,30.63462,0.98397,5,0,14,0,6,0,2,81.28282427291707,69.89628878079544,264.3310587947395,2.262510443375299,0.3529411764705882,0.12,0.0,0.0
27,2,0,0,1.091,117,96,54552,369305,-1,427796,未知,Call,403702,116.02,"Apparel, Footwear & Accessories",0,Not Known,Receiver,1947077,0.010225,0.893357,129427,20.6272,0.99643,0,0,1,1,5,0,2,57.51283596595224,114.16873400512304,6.046191461751252,0.0,0.1052631578947368,0.2,0.0,0.0
28,2,0,0,297.318,199,4,71534,291062,-1,71566,Suspected Lost,Internal Software,372860,1100.42,Dried Groceries,0,B,Consigner,549742,33.73517,0.650073,58851,6.655561,0.946396,5,2,5,0,5,0,2,85.77074119936532,81.2740685764068,0.0,0.0,0.1063829787234042,0.2439024390243902,0.0,0.0
29,2,1,1,131.986,201,4,139664,136759,-1,427862,Damage,Vendor Consultation,1735071,349.47,Jewelry,-1,B,Consigner,20761,114.3999,0.994152,559111,4.923497,0.896572,1,6,12,0,6,0,2,116.26723222288638,81.2740685764068,,27.1233238074302,0.4814814814814814,0.2439024390243902,,0.0
30,2,0,0,0.71,41,222,211831,111037,-1,-56656,Pickup Error,Internal Software,-55075,189.76,Pharmaceuticals,0,B,Consigner,443683,38.81165,0.995386,683939,0.0,0.937842,3,2,15,0,0,0,2,15.195521366333276,77.81584876066215,1.7904054985900335,7.52318244170096,0.125,0.1598173515981735,0.0,1.0
31,2,1,1,32.037,99,211,73727,71560,-1,427847,未知,Internal Software,1504957,2149.64,Household Goods,0,B,Staff,260170,14.40366,0.999249,357564,9.253811,0.999522,0,2,11,2,6,0,2,65.94900544613762,74.44213332427378,,,0.211864406779661,0.2777777777777778,,
32,2,0,0,98.75,42,194,1599,206008,-1,427760,未知,Internal Software,1557340,1670.65,Dried Groceries,1,C,Unknown,27063,113.4304,0.99737,319278,51.56427,0.957645,0,2,5,3,6,0,2,106.19017586084024,91.59167001694736,1.2606304855485344,316.26,0.145631067961165,0.1785714285714285,0.0,0.0
33,5,0,0,347.216,179,136,183889,10693,-1,427841,Pickup Error,Call,-79466,1947.19,Maternity & Baby Products,-1,B,Consigner,173716,11.45325,0.949058,127577,36.63261,0.959958,3,0,13,0,0,0,2,56.8349237193444,153.9090693587367,83.80393880479427,11.389931484015522,0.1497584541062802,0.1428571428571428,0.2442307692307692,0.25
34,2,0,0,174.189,2,303,165723,59825,-1,-11832,未知,Vendor Consultation,52254,230.77,Dried Groceries,-1,C,Consigner,124804,109.4106,0.992399,65218,137.7369,0.997524,0,6,5,0,2,0,2,56.04468495785089,22.23437915717134,,0.0,0.0935960591133004,0.0666666666666666,,0.0
35,2,0,0,0.0,268,77,129379,333825,-1,427834,未知,Call,472229,374.36,Appliances,0,B,Receiver,10341,25.75357,0.995494,704161,9.487053,0.956892,0,0,2,1,5,0,2,96.84596855953218,90.11488285865904,0.0,1.228013386888393,0.1823899371069182,0.1538461538461538,0.0,0.0
36,2,0,0,126.717,100,152,173737,53949,-1,427831,Damage,Call,-75201,1603.54,Miscellaneous Goods,-1,B,Consigner,35642,52.35965,0.99685,15070,94.15192,0.99195,1,0,14,0,0,0,2,57.27817095022288,64.80066655532329,0.2648555186525855,28.729263761692145,0.1162790697674418,0.1458333333333333,1.0,0.0
37,5,0,0,86.289,146,140,227346,303076,-1,427863,未知,Call,881245,205.61,Miscellaneous Goods,-1,C,Receiver,51105,61.6915,0.98109,237039,6.527917,0.960337,0,0,14,1,6,0,2,75.50373567911244,32.04443699722811,93.95808297694902,165.5822574068492,0.3,0.1515151515151515,0.2585987261146497,0.0
38,2,0,0,394.796,0,0,129203,314497,-1,427792,Damage,Call,254895,3142.05,Furniture,-1,B,Consigner,450312,4.115353,0.984331,513183,2.48649,0.979374,1,0,8,0,4,0,2,57.22795965470159,75.01688402479252,3.1197441097954965,3.592470464370207,0.1678082191780822,0.1507692307692307,0.0,0.0
39,1,0,0,1.268,83,0,186313,300000,-1,427864,未知,Call,800000000,3240.37,Fresh,0,B,Consigner,8746889,0.0,0.998475,25744302,5.803547,0.99723,0,0,7,0,6,1,1,41.983009764404585,75.01688402479252,64.4805657730579,163.30068855149273,0.5,0.1507692307692307,0.2,0.5474358974358975
40,2,0,0,100.132,96,3,43864,349829,-1,90490,Suspected Lost,Call,535238,350.54,Miscellaneous Goods,0,B,Staff,46348,9.97551,0.973301,75517,12.99778,0.997633,5,0,14,2,5,0,2,94.34474150468614,63.81099393925928,,0.0,0.1764705882352941,0.1170212765957446,,0.0
41,2,1,0,0.0,1,211,23605,206178,-1,-19225,未知,Call,-9020,112.05,Hardware,-1,B,Consigner,420146,7.857944,0.967621,427791,18.80943,0.987471,0,0,9,0,0,0,2,69.06443164317325,74.44213332427378,32.26880053668856,0.0,0.1802721088435374,0.2777777777777778,0.375,0.0
42,5,0,0,678.226,0,197,119189,205676,-1,427863,Damage,Internal Software,-50488,146.36,Dried Groceries,0,B,Consigner,513105,3.649721,0.966647,6930,93.39953,0.987791,1,2,5,0,0,0,2,57.22795965470159,63.769979151069016,7.803929914166134,99.695242814668,0.1678082191780822,0.208955223880597,0.0,0.0
43,2,0,0,14.301,150,100,21772,159649,-1,427835,Pickup Error,Internal Software,118967,340.35,"Apparel, Footwear & Accessories",-1,C,Consigner,144588,0.0,0.996913,581983,11.66713,0.995334,3,2,1,0,3,0,2,68.02774724414232,111.92654089931048,0.0,3.2511502977855686,0.15,0.1985815602836879,0.0,0.0
44,2,1,0,0.0,8,197,212781,99005,-1,427835,未知,Vendor Consultation,132489,399.92,Maternity & Baby Products,-1,Not Known,Consigner,327299,1.172558,0.988706,1112592,2.392013,0.996335,0,6,13,0,3,0,2,53.4968995680882,63.769979151069016,169.8859525392922,4.601381823703592,0.12,0.208955223880597,0.3076923076923077,0.0
45,2,0,0,133.802,9,187,67309,402212,1,427864,未知,Vendor Consultation,332487,467.19,Appliances,0,B,Receiver,3509,94.79156,0.989283,144248,8.606184,0.996836,0,6,2,1,5,0,2,183.019796897258,71.38613126413931,27.776356351958924,112.7653165952468,0.2580645161290322,0.1777777777777777,1.0,0.0
46,2,1,0,54.556,181,199,178621,300000,-1,-188303,Pickup Error,Call,474000000,819.69,Furniture,-1,B,Consigner,179000000,40.98722,0.952192,2980000000,58.6247,0.975451,3,0,8,0,6,0,2,66.98420127730182,65.33437063477945,280.63216304947264,163.30068855149273,0.1568627450980392,0.3513513513513513,0.391304347826087,0.5474358974358975
47,2,0,0,0.0,202,147,15877,270610,-1,-21146,未知,Mini Program,1310113,117.2,Documents & Bills,0,C,Staff,377234,0.334309,0.931594,1223233,0.739022,0.796911,0,4,4,2,6,0,2,51.83271341060174,101.37354799694003,46.97040480882532,,0.3333333333333333,0.1666666666666666,0.1827956989247312,
48,2,0,0,189.731,178,33,198058,300000,-1,427864,Pickup Error,Call,392000000,1159.64,Miscellaneous Goods,-1,B,Consigner,4828761,17.06582,0.996732,51253512,16.54406,0.95127,3,0,14,0,6,0,2,59.71452989301516,36.78825873504067,43.33347943050635,163.30068855149273,0.1660079051383399,0.3225806451612903,0.3684210526315789,0.5474358974358975
49,2,0,0,610.824,27,271,183889,17506,-1,427862,Damage,Vendor Consultation,105851,1838.27,Miscellaneous Goods,-1,B,Unknown,521338,44.37109,0.900052,271529,41.53997,0.980397,1,6,14,3,3,0,2,94.032370683866,24.09621176644301,83.80393880479427,0.0,0.0983606557377049,0.3448275862068966,0.2442307692307692,0.0
50,2,0,0,216.502,131,1,39550,135354,-1,427864,Damage,Internal Software,-29415,136.94,Dried Groceries,-1,B,Receiver,438317,17.76076,0.980721,338829,64.43699,0.905825,1,2,5,1,0,0,2,25.28414948621409,69.89628878079544,,29.80368828078525,0.3529411764705882,0.12,,1.0
51,2,0,0,48.696,90,177,150393,323781,-1,427841,未知,Call,70754,103.2,Miscellaneous Goods,0,B,Receiver,126970,10.20217,0.950522,182850,3.988673,0.881079,0,0,14,1,2,0,2,70.21834052919762,30.715102919262318,0.0,0.0,0.1290322580645161,0.25,0.0,0.0
52,2,0,0,244.779,97,101,194943,136938,-1,427853,未知,Call,9140,916.12,Fresh,0,B,Staff,443622,24.04039,0.96053,75446,2.446177,0.933951,0,0,7,2,2,1,1,67.53870319850822,58.58878798840541,327.16799091940976,205.7,0.3333333333333333,0.1323529411764706,0.0,0.0
53,2,0,1,343.405,2,135,219855,401886,-1,427863,Damage,Internal Software,1128069,135.04,"Apparel, Footwear & Accessories",-1,B,Consigner,521126,3.127951,0.960315,802280,0.0,0.875345,1,2,1,0,6,0,2,56.04468495785089,125.17131951667804,60.87988944800176,1.4348348700882751,0.0935960591133004,0.3414634146341463,0.25,0.0
54,2,0,0,66.105,193,135,227346,300000,-1,427725,未知,Call,392000000,1147.48,Fresh,0,C,Receiver,35715981,1.414099,0.934399,7040000000,33.44115,0.97075,0,0,7,1,6,1,1,99.9740257904606,125.17131951667804,93.95808297694902,163.30068855149273,0.2307692307692307,0.3414634146341463,0.2585987261146497,0.5474358974358975
55,2,0,0,74.184,0,132,40885,405087,-1,240515,Suspected Lost,Call,1284440,327.15,Hardware,-1,B,Consigner,27165,18.37397,0.969214,103321,11.02376,0.996908,5,0,9,0,6,0,2,57.22795965470159,56.88193748364041,3.882698357073725,13.581878122218074,0.1678082191780822,0.1636363636363636,0.0,0.0
56,2,0,0,65.737,2,13,190337,78256,-1,427822,未知,Internal Software,22401,703.26,Miscellaneous Goods,0,B,Consigner,680532,87.55237,0.927556,1108574,1.144089,0.987001,0,2,14,0,2,0,2,56.04468495785089,58.69138621086622,0.0,0.0,0.0935960591133004,0.0909090909090909,0.0,0.0
57,2,0,0,454.433,146,136,186313,300000,-1,-188762,未知,Call,934000000,1816.55,Alcohol,0,Staff,Unknown,10566,18.63495,0.962252,46119671,116.7934,0.976695,0,0,0,3,6,0,2,75.50373567911244,153.9090693587367,64.4805657730579,163.30068855149273,0.3,0.1428571428571428,0.2,0.5474358974358975
58,1,0,1,0.0,1,13,126297,400509,-1,427790,未知,Internal Software,409901,213.38,Alcohol,0,B,Consigner,1095984,77.88494,0.988364,1012312,32.84052,0.99165,0,2,0,0,5,0,2,69.06443164317325,58.69138621086622,0.0,0.0,0.1802721088435374,0.0909090909090909,0.0,0.0
59,3,1,0,0.0,217,155,119015,248717,-1,427848,未知,Internal Software,-81894,351.34,Miscellaneous Goods,1,C,Consigner,9454,0.0,0.999147,1385510,0.0,0.888652,0,2,14,0,0,0,2,126.03523867460144,89.85481766821702,36.77080713051936,5.1440359828483535,0.2,0.1818181818181818,0.0,0.6666666666666666
60,2,0,0,719.956,275,134,186317,314925,-1,427821,Suspected Lost,Vendor Consultation,-82050,1206.53,Miscellaneous Goods,-1,C,Receiver,356215,131.8414,0.99968,315055,33.19312,0.977888,5,6,14,1,0,0,2,133.43321372438515,46.10167247042128,125.48,1.9472213409048948,0.3,0.0869565217391304,0.0,0.0
61,2,0,0,241.273,268,0,3684,431637,-1,44964,Suspected Lost,Call,-32358,1802.67,Hardware,0,C,Consigner,175064,13.29477,0.994939,302051,34.03207,0.973342,5,0,9,0,0,0,2,96.84596855953218,75.01688402479252,0.0,0.0,0.1823899371069182,0.1507692307692307,0.0,0.0
62,2,0,0,40.463,190,145,34728,210689,-1,-388,Damage,Call,1735838,2050.91,Household Goods,0,B,Receiver,47804,1.347786,0.908704,61222,11.02464,0.974358,1,0,11,1,6,0,2,73.48402451815683,51.36364548905606,0.0,0.0,0.1560693641618497,0.1290322580645161,0.0,0.0
63,2,1,0,1160.536,63,178,16602,122518,-1,427864,Suspected Lost,Call,49182,1310.43,Beauty & Daily Essentials,0,B,Staff,350,14.16595,0.970655,177263,63.81571,0.934813,5,0,3,2,2,0,2,87.51932180035882,75.72709977879157,0.0,36.72901187121018,0.2022471910112359,0.2073170731707317,0.0,0.0
64,7,1,0,93.126,99,88,222030,349829,-1,427849,未知,Call,-59300,585.25,Miscellaneous Goods,0,Not Known,Consigner,513127,2.937797,0.995028,638252,38.3897,0.890936,0,0,14,0,0,0,2,65.94900544613762,79.74310528281981,65.78992314261315,0.0,0.211864406779661,0.2061855670103092,0.0,0.0
65,2,0,0,90.959,134,93,20457,395894,-1,59437,Damage,Call,15809,375.3,Household Goods,-1,C,Consigner,240701,193.1166,0.997543,544862,10.37898,0.966308,1,0,11,0,2,0,2,42.53778943894619,41.18230514125912,57.51843087476304,133.98112619609338,0.1538461538461538,0.0357142857142857,0.1,0.5
66,2,0,0,68.284,151,135,165214,186803,-1,427862,Damage,Call,185364,140.86,Dried Groceries,0,C,Consigner,957902,30.22727,0.96865,67424,15.34853,0.963595,1,0,5,0,4,0,2,55.000321274151965,125.17131951667804,20.50731966994943,13.409858293028307,0.0828402366863905,0.3414634146341463,0.0,0.0
67,2,0,0,59.326,187,268,216912,42513,-1,427788,Pickup Error,Call,7917,2114.11,Miscellaneous Goods,-1,C,Consigner,111,90.23445,0.98949,68011,17.24841,0.932414,3,0,14,0,2,0,2,50.57901513935886,130.15540902762945,2.67517692174918,49.21468957464619,0.1261261261261261,0.2727272727272727,0.0,0.0
68,2,0,0,580.357,193,4,183889,300000,-1,427864,未知,Call,662000000,1645.02,Jewelry,-1,B,Consigner,1680,11.48334,0.96609,10932865,26.65469,0.998565,0,0,12,0,6,0,2,99.9740257904606,81.2740685764068,83.80393880479427,163.30068855149273,0.2307692307692307,0.2439024390243902,0.2442307692307692,0.5474358974358975
69,2,1,0,26.54,218,268,227346,35067,-1,427860,Suspected Lost,Call,940030,204.4,Miscellaneous Goods,0,B,Receiver,211139,67.06058,0.937088,277907,62.86116,0.992373,5,0,14,1,6,0,2,45.42517437856351,130.15540902762945,93.95808297694902,31.17261280167891,0.3333333333333333,0.2727272727272727,0.2585987261146497,0.0
70,2,0,0,2.33,102,222,183889,92154,-1,427835,未知,Internal Software,319258,149.17,Jewelry,0,B,Consigner,170019,0.0,0.966606,225853,0.28225,0.87033,0,2,12,0,5,0,2,84.99396693620673,77.81584876066215,83.80393880479427,15.294921653766282,0.1518987341772152,0.1598173515981735,0.2442307692307692,0.0
71,2,0,0,61.839,222,99,222275,62247,-1,427864,未知,,-70006,550.55,Alcohol,-1,Staff,Receiver,2286,0.293283,0.978855,1151221,12.12653,0.962264,0,5,0,1,0,0,2,44.00935888510234,39.75074374258253,25.47047111104345,7.2253336297337425,0.173469387755102,0.1505376344086021,0.4,0.0
72,2,0,0,0.0,115,232,193886,300000,1,427864,未知,Call,814000000,2517.22,Miscellaneous Goods,-1,Not Known,Staff,403000000,3.710735,0.997972,7170000000,6.942035,0.999755,0,0,14,2,6,0,2,111.8825499384886,104.02098248075887,183.07850421942743,163.30068855149273,0.4285714285714285,0.2,0.2535211267605634,0.5474358974358975
73,2,0,0,107.761,63,298,17862,137326,-1,427812,Damage,Call,-30256,433.37,Beauty & Daily Essentials,0,B,Receiver,27495,1.620799,0.982125,258524,16.12494,0.968564,1,0,3,1,0,0,2,87.51932180035882,14.527090133859522,5.442206396795705,0.0,0.2022471910112359,0.0,0.0,0.0
74,1,0,0,985.285,101,291,227346,300000,-1,399932,未知,Call,905000000,1452.0,Jewelry,0,C,Consigner,76964,153.6417,0.953267,5820000000,85.10791,0.975236,0,0,12,0,6,0,2,94.6704948186992,67.74750724681486,93.95808297694902,163.30068855149273,0.2333333333333333,0.4782608695652174,0.2585987261146497,0.5474358974358975
75,2,0,0,0.0,268,137,209602,300000,-1,427864,Pickup Error,Call,836000000,1000.23,Appliances,1,B,Staff,25738510,30.17008,0.999947,34256320,15.05724,0.993933,3,0,2,2,6,0,2,96.84596855953218,40.54514853954838,92.7919306651536,163.30068855149273,0.1823899371069182,0.1012658227848101,0.5909090909090909,0.5474358974358975
76,2,0,0,57.753,0,208,149022,319683,-1,427836,未知,Internal Software,502700,761.32,Jewelry,0,C,Receiver,170214,3.79193,0.986255,77508,16.50294,0.998703,0,2,12,1,5,0,2,57.22795965470159,12.596146867376977,2.2815236585102165,245.0050772320189,0.1678082191780822,0.0,0.0,0.5
77,2,0,0,85.572,25,137,167624,56738,-1,427855,未知,Call,536837,355.81,Miscellaneous Goods,1,C,Receiver,1197368,4.504029,0.97178,456937,0.0,0.98033,0,0,14,1,5,0,2,88.8237010925776,40.54514853954838,0.2339482532592071,17.51747579041878,0.1843137254901961,0.1012658227848101,0.0,1.0
78,2,0,0,309.851,63,210,217103,294128,-1,427798,未知,Call,-22017,481.75,Household Goods,-1,B,Consigner,538334,1.775623,0.998785,160925,115.2264,0.997694,0,0,11,0,0,0,2,87.51932180035882,127.35424397717144,62.9717255612148,4.4581642647264585,0.2022471910112359,0.0,0.6,0.0
79,2,0,0,1078.7,182,72,74967,79589,-1,-82171,Suspected Lost,Internal Software,4286477,509.84,Appliances,0,Not Known,Receiver,291,37.68057,0.953456,28158,42.45192,0.997436,5,2,2,1,6,0,2,22.285995961952302,,0.0,0.0,0.1111111111111111,,0.0,0.0
80,2,0,0,82.033,166,2,179622,116680,-1,427864,Damage,Call,-38857,805.52,Dried Groceries,0,C,Receiver,136614,20.65082,0.978832,191882,55.92761,0.987443,1,0,5,1,0,0,2,59.04474019567541,93.3192184944359,1.668265076887072,,0.0,0.1111111111111111,0.0,
81,2,0,0,390.314,3,197,185429,409831,-1,427806,未知,Call,-63157,1531.61,Furniture,0,B,Unknown,19161,32.5526,0.9818,61295,61.76289,0.965371,0,0,8,3,0,0,2,41.966021036266106,63.769979151069016,3.7616478638340096,0.0,0.1538461538461538,0.208955223880597,0.0,0.0
82,2,0,0,57.71,14,152,184209,195568,-1,427824,Damage,Call,43606,472.55,Miscellaneous Goods,0,C,Consigner,1061518,34.37913,0.956377,1262171,4.433137,0.983586,1,0,14,0,2,0,2,46.7451960537384,64.80066655532329,207.5233372303657,98.45282549166046,0.0555555555555555,0.1458333333333333,0.4375,0.0
83,2,1,0,0.0,2,303,227346,453758,-1,427857,未知,Call,-69929,136.08,Pharmaceuticals,0,C,Consigner,87567,0.0,0.968107,815159,0.0,0.995228,0,0,15,0,0,0,2,56.04468495785089,22.23437915717134,93.95808297694902,304.07148271608224,0.0935960591133004,0.0666666666666666,0.2585987261146497,0.4090909090909091
84,5,0,0,0.869,89,294,227346,86952,-1,-10707,未知,Call,39546,100.22,Hardware,0,B,Receiver,194284,72.543,0.998297,823876,0.333668,0.975247,0,0,9,1,2,0,2,56.62852339692903,26.814524243525813,93.95808297694902,118.646977478665,0.1,0.3333333333333333,0.2585987261146497,0.0
85,2,0,0,33.736,222,0,227346,116888,-1,427794,未知,Call,-42716,687.56,Alcohol,0,C,Consigner,200402,3.728132,0.992059,301086,51.64725,0.939402,0,0,0,0,0,0,2,44.00935888510234,75.01688402479252,93.95808297694902,8.595399509673358,0.173469387755102,0.1507692307692307,0.2585987261146497,0.3333333333333333
86,2,0,0,9.255,2,190,161906,56635,-1,427863,未知,Internal Software,649928,318.53,Miscellaneous Goods,-1,B,Unknown,23462,1.249711,0.981003,607326,0.11804,0.979113,0,2,14,3,6,0,2,56.04468495785089,47.29286625931772,140.98470779763628,4.279743412082877,0.0935960591133004,0.1052631578947368,0.217391304347826,1.0
87,2,1,0,240.637,2,2,139664,310468,-1,427831,Damage,Call,12032,833.1,Fresh,-1,Not Known,Consigner,756276,54.92524,0.98502,255264,58.33012,0.972863,1,0,7,0,2,1,1,56.04468495785089,93.3192184944359,,104.01,0.0935960591133004,0.1111111111111111,,0.0
88,2,0,0,19.581,13,43,201787,322725,-1,427864,未知,Vendor Consultation,90588416,1181.5,Furniture,0,C,Unknown,11679515,97.37071,0.999807,3323448,6.039613,0.987207,0,6,8,3,6,0,2,117.72169897217258,47.014223570793376,151.60579744998205,33.01665652678206,0.2748538011695906,0.1428571428571428,0.4444444444444444,0.6363636363636364
89,2,0,0,510.29,1,152,30190,115138,-1,-155998,Suspected Lost,Call,-58660,401.07,Hardware,-1,C,Receiver,335057,4.645851,0.9734,36426,57.45267,0.853999,5,0,9,1,0,0,2,69.06443164317325,64.80066655532329,1.256121815556841,,0.1802721088435374,0.1458333333333333,0.0,
90,2,0,1,864.896,222,132,203630,187017,-1,427864,Damage,Mini Program,428159,3152.46,Miscellaneous Goods,0,C,Unknown,41477,104.277,0.993647,523,73.16991,0.946485,1,4,14,3,5,0,2,44.00935888510234,56.88193748364041,284.7403276402928,0.0,0.173469387755102,0.1636363636363636,0.0,0.0
91,2,0,0,166.043,211,179,174137,151211,-1,427810,未知,Call,439195,943.15,Household Goods,0,C,Consigner,3124,12.99873,0.995502,97720,97.9057,0.979145,0,0,11,0,5,0,2,95.356323113403,49.485349035609424,0.0,0.0,0.1041666666666666,0.17578125,0.0,0.0
92,1,1,1,1.383,167,178,9569,5238,-1,427862,Pickup Error,Call,-62085,1118.86,Dried Groceries,-1,C,Receiver,604196,50.1122,0.989277,440057,17.60293,0.987876,3,0,5,1,0,0,2,58.72738978596847,75.72709977879157,0.3088951138868479,18.429174200259155,0.3636363636363636,0.2073170731707317,0.0,0.0
93,2,0,0,1.05,1,88,185816,110222,-1,427800,Damage,Call,-25326,127.79,Household Goods,1,C,Receiver,649405,0.0,0.974453,881822,1.16971,0.998801,1,0,11,1,0,0,2,69.06443164317325,79.74310528281981,88.98444739254626,0.0,0.1802721088435374,0.2061855670103092,0.5,0.0
94,2,1,0,2.666,137,14,211843,183830,0,-112253,未知,Call,82812,319.07,Maternity & Baby Products,-1,C,Receiver,779320,0.0,0.965975,814202,0.0,0.945666,0,0,13,1,2,0,2,58.18470170477054,62.29691250575112,1.154564243620969,14.373209559805924,0.1707317073170731,0.125,1.0,0.0
95,2,1,0,278.08,302,102,32511,112637,1,427732,未知,Call,19650,100.55,Jewelry,-1,Not Known,Consigner,1116546,0.0,0.964188,1081054,0.0,0.86075,0,0,12,0,2,0,2,36.15561962809524,127.44248338763862,21.38959349289104,7.966932371912233,0.0434782608695652,0.1789473684210526,0.0,0.0
96,2,0,0,45.152,146,268,196625,330292,-1,-116847,未知,Internal Software,15118,450.81,Hardware,-1,C,Consigner,842318,0.0,0.924227,444284,0.0,0.960811,0,2,9,0,2,0,2,75.50373567911244,130.15540902762945,2.510023302496542,21.373673036093415,0.3,0.2727272727272727,0.0,2.0
97,2,0,0,301.098,178,160,184183,307397,-1,427864,Pickup Error,Mini Program,2633271,410.25,Dried Groceries,0,B,Receiver,20246,68.65978,0.983516,15533,38.39035,0.960618,3,4,5,1,6,0,2,59.71452989301516,18.868186497944517,3.7836244930164975,0.0,0.1660079051383399,0.2666666666666666,0.0,0.0
98,2,0,0,100.47,146,301,193650,352359,-1,427864,未知,Call,847000000,1333.9,Jewelry,-1,B,Unknown,21262333,5.976486,0.923643,3325523,105.3447,0.992003,0,0,12,3,6,0,2,75.50373567911244,46.15379802495833,48.10227495989376,115.9880379226179,0.3,0.6923076923076923,0.25,0.4444444444444444
99,2,1,0,1060.195,197,132,89297,240680,-1,427573,Suspected Lost,Call,-53685,1442.32,Furniture,-1,C,Receiver,24592,23.29314,0.950119,19195,68.78476,0.99895,5,0,8,1,0,0,2,69.0135805405548,56.88193748364041,0.0,0.0,0.1162790697674418,0.1636363636363636,0.0,0.0
100,2,0,0,5.251,132,106,24367,221211,-1,427862,未知,Call,371670,357.55,Electronic Product,1,B,Consigner,43355,25.565,0.983285,721237,0.0,0.936678,0,0,6,0,5,0,2,52.70819341651338,49.82089121674756,4.501094643976202,0.0,0.2071428571428571,0.1538461538461538,0.0,0.0
101,2,0,0,102.658,1,178,153282,88351,-1,427825,Pickup Error,Internal Software,30867,848.61,Miscellaneous Goods,0,C,Consigner,1162662,93.73511,0.972405,149667,16.70055,0.996189,3,2,14,0,2,0,2,69.06443164317325,75.72709977879157,0.0,46.56705024292595,0.1802721088435374,0.2073170731707317,0.0,0.0
102,2,1,0,167.025,42,303,176599,265217,-1,427700,Damage,Internal Software,90596,786.33,Fresh,0,C,Consigner,84164,7.564168,0.9625,192232,4.234357,0.993582,1,2,7,0,3,1,1,106.19017586084024,22.23437915717134,17.67623573510669,17.868265611064555,0.145631067961165,0.0666666666666666,0.0,0.0
103,5,0,0,59.848,140,140,164863,91702,-1,20080,Pickup Error,Internal Software,-42818,1578.62,Pharmaceuticals,-1,C,Consigner,117449,2.399219,0.976794,345386,17.11727,0.995329,3,2,15,0,0,0,2,162.4044975941189,32.04443699722811,0.0,,0.2,0.1515151515151515,0.0,
104,3,0,1,0.0,207,99,39550,346390,-1,-44400,未知,Call,-73571,215.81,Hardware,0,B,Receiver,248686,0.0,0.993064,1051265,0.425186,0.977577,0,0,9,1,0,0,2,74.1529936661414,39.75074374258253,,,0.4594594594594595,0.1505376344086021,,
105,2,1,0,60.43,38,1,14580,320490,-1,-14798,未知,Call,-62542,1017.18,Hardware,0,B,Receiver,307442,12.1566,0.999763,162867,109.4115,0.962403,0,0,9,1,0,0,2,83.3897689719621,69.89628878079544,1.7009691277849932,,0.3442622950819672,0.12,0.0,
106,2,0,0,1.389,222,268,72839,2414,-1,427643,未知,Internal Software,-7353,108.0,Jewelry,0,Not Known,Consigner,402394,2.164442,0.983927,1146467,0.0,0.980247,0,2,12,0,0,0,2,44.00935888510234,130.15540902762945,111.86589730807576,0.0,0.173469387755102,0.2727272727272727,0.5,0.0
107,2,0,0,1427.062,126,274,13855,300000,-1,427864,Pickup Error,Call,127000000,3009.4,Home Improvement and Building Material,-1,Not Known,Receiver,2006035,121.5321,0.992745,93661991,157.8851,0.996941,3,0,10,1,6,0,2,90.36311397696744,126.32811879679848,252.49836284503536,163.30068855149273,0.5,0.5,0.3181818181818182,0.5474358974358975
108,2,0,0,121.955,189,105,183889,6522,-1,-102513,未知,Call,273676,342.95,Miscellaneous Goods,0,Not Known,Consigner,1723283,6.42107,0.994115,357602,0.0,0.934448,0,0,14,0,5,0,2,195.03697485801985,22.47910396159198,83.80393880479427,139.29938271604937,0.2619047619047619,0.0909090909090909,0.2442307692307692,0.0
109,2,0,1,755.558,188,266,127119,283364,-1,-87746,Pickup Error,Call,-81877,722.95,Jewelry,0,C,Unknown,25286,29.78026,0.989362,11714,30.94505,0.964919,3,0,12,3,0,0,2,47.62317230513968,7.004084275191492,4.533049624621256,5.817032136350711,0.2051282051282051,0.0,0.0,0.0
110,5,1,0,81.168,1,178,219415,244440,1,64341,Suspected Lost,Internal Software,1492906,628.46,Miscellaneous Goods,-1,Not Known,Consigner,406072,17.01736,0.990809,1192454,0.0,0.942475,5,2,14,0,6,0,2,69.06443164317325,75.72709977879157,55.14326334764458,0.0,0.1802721088435374,0.2073170731707317,0.0,0.0
111,2,0,0,12.757,172,55,21253,67236,-1,-83108,未知,Call,-79414,358.27,Furniture,0,C,Consigner,135215,0.08364,0.998371,881214,0.0,0.983733,0,0,8,0,0,0,2,7.2407826331521825,119.73828509963953,15.4915633388658,,0.1818181818181818,0.1538461538461538,0.0,
112,2,0,0,25.921,8,14,101269,135144,-1,427840,Damage,Call,785022,177.09,Miscellaneous Goods,1,C,Receiver,52384,0.667044,0.997683,228698,53.92079,0.961533,1,0,14,1,6,0,2,53.4968995680882,62.29691250575112,121.2800336477255,0.3137713173324629,0.12,0.125,0.0,0.0
113,5,0,0,256.54,110,90,42787,413577,-1,427860,未知,Call,342803,335.56,Beauty & Daily Essentials,0,C,Receiver,300210,84.46383,0.968732,96353,25.86473,0.988198,0,0,3,1,5,0,2,110.78491220508148,48.608787432873726,4.225338831243053,6.405051425969102,0.2539682539682539,0.1724137931034483,0.3333333333333333,0.0
114,2,0,0,1203.473,127,187,155959,136236,-1,427864,未知,Internal Software,415700,1618.19,Electronic Product,0,C,Receiver,348344,22.96633,0.996959,4566,15.05239,0.984544,0,2,6,1,5,0,2,59.84735359218162,71.38613126413931,0.0,6.854096240805698,0.1397849462365591,0.1777777777777777,0.0,0.0
115,2,0,0,113.818,164,343,64307,300000,-1,-188762,Pickup Error,Call,295000000,1352.19,Dried Groceries,0,Not Known,Receiver,190174,62.32223,0.994908,9241009,66.17195,0.987615,3,0,5,1,6,0,2,59.72498410518864,140.5540846324199,19.086678377087647,163.30068855149273,0.1617647058823529,0.4761904761904761,0.1538461538461538,0.5474358974358975
116,2,0,0,53.335,13,134,58491,258681,-1,427791,Pickup Error,Call,385748,173.6,Dried Groceries,0,C,Consigner,102820,0.075421,0.972932,423380,0.0,0.901819,3,0,5,0,5,0,2,117.72169897217258,46.10167247042128,1177.2,2.7313365695141028,0.2748538011695906,0.0869565217391304,0.0,0.0
117,2,0,0,0.93,89,190,183889,237564,-1,8233,未知,Call,1315159,711.23,Maternity & Baby Products,-1,B,Receiver,314647,85.08439,0.996357,371941,1.759519,0.993088,0,0,13,1,6,0,2,56.62852339692903,47.29286625931772,83.80393880479427,,0.1,0.1052631578947368,0.2442307692307692,
118,2,0,0,27.499,152,203,227346,300000,-1,427864,Damage,Call,210000000,2639.47,Documents & Bills,0,B,Consigner,585697,16.89446,0.974614,769000000,1.353605,0.990911,1,0,4,0,6,0,2,97.86133232302556,73.82922603912272,93.95808297694902,163.30068855149273,0.2702702702702703,0.25,0.2585987261146497,0.5474358974358975
119,2,0,0,221.532,151,185,215795,280537,-1,182131,未知,Internal Software,-53364,538.0,Electronic Product,-1,B,Consigner,108662,0.484237,0.980516,614147,2.925085,0.983188,0,2,6,0,0,0,2,55.000321274151965,82.10025254899978,12.710742086325316,137.07996240407465,0.0828402366863905,0.2025316455696202,0.6666666666666666,0.6666666666666666
120,2,0,0,0.882,169,268,215974,300000,-1,427864,未知,Internal Software,30698118,2878.06,Home Improvement and Building Material,-1,Not Known,Unknown,8896,28.62946,0.995611,494000000,15.25973,0.956696,0,2,10,3,6,0,2,79.91551653024653,130.15540902762945,81.4699013359998,163.30068855149273,0.4285714285714285,0.2727272727272727,0.4375,0.5474358974358975
121,2,1,1,66.658,134,41,227346,118005,-1,427685,未知,Call,404683,645.7,Appliances,-1,Not Known,Consigner,132951,40.09314,0.988994,151980,8.029205,0.944977,0,0,2,0,5,0,2,42.53778943894619,13.251155129314414,93.95808297694902,9.503633789225985,0.1538461538461538,0.0,0.2585987261146497,0.0
122,2,0,0,65.088,88,7,104858,74427,-1,427860,Suspected Lost,Call,1857216,106.77,Maternity & Baby Products,-1,B,Consigner,786,29.90191,0.995575,18242,95.85144,0.995044,5,0,13,0,6,0,2,116.52863038936586,92.30255429171878,53.11114118020303,70.06891728743027,0.0925925925925925,0.1935483870967742,0.0,0.0
123,2,0,0,0.0,146,0,227346,105645,1,427799,Pickup Error,Call,398587,120.06,Miscellaneous Goods,-1,B,Consigner,973069,0.0,0.992921,573510,2.596547,0.950799,3,0,14,0,5,0,2,75.50373567911244,75.01688402479252,93.95808297694902,0.0,0.3,0.1507692307692307,0.2585987261146497,0.0
124,2,1,0,2.981,9,132,227346,426409,-1,39340,Pickup Error,Complaint,368191,1021.71,Furniture,0,B,Unknown,74789,7.21461,0.940421,1315446,10.78645,0.967505,3,1,8,3,5,0,2,183.019796897258,56.88193748364041,93.95808297694902,7.200396051081927,0.2580645161290322,0.1636363636363636,0.2585987261146497,0.0
125,2,0,0,31.888,187,101,107660,378312,-1,427864,未知,Call,-31243,106.02,Miscellaneous Goods,-1,B,Consigner,48345,11.29818,0.990494,1637050,13.41575,0.993238,0,0,14,0,0,0,2,50.57901513935886,58.58878798840541,31.95317485641353,363.3269379912512,0.1261261261261261,0.1323529411764706,0.0,0.0
126,2,0,0,0.014,227,239,201489,90173,1,427766,未知,Internal Software,473933,247.26,Miscellaneous Goods,-1,C,Unknown,27027,0.522354,0.985055,676632,1.055774,0.935918,0,2,14,3,5,0,2,17.16632556726263,0.983485538780041,157.55368793219986,10.035382885763866,0.15625,0.0,0.0,0.5
127,2,0,0,60.022,140,222,62074,426595,-1,137295,未知,Call,58517,344.39,Furniture,-1,B,Consigner,108492,13.30313,0.948742,441742,26.16323,0.980007,0,0,8,0,2,0,2,162.4044975941189,77.81584876066215,0.0,0.0,0.2,0.1598173515981735,0.0,0.0
128,2,0,0,777.041,14,15,143494,225190,0,427800,未知,Vendor Consultation,-31228,135.79,Miscellaneous Goods,0,C,Consigner,336960,21.28943,0.966228,104278,33.4689,0.989889,0,6,14,0,0,0,2,46.7451960537384,76.467556088998,3.890173512435352,0.0,0.0555555555555555,0.1296296296296296,0.0,0.0
129,3,1,0,8.257,32,188,190978,115196,-1,76298,Pickup Error,Internal Software,229405,676.26,Fresh,-1,C,Receiver,553610,5.987298,0.963864,616275,31.25801,0.990571,3,2,7,1,4,1,1,57.76408111082597,81.19796947313277,,,0.1666666666666666,0.1052631578947368,,
130,2,0,0,283.255,278,139,178471,384484,1,427819,Suspected Lost,,108758,469.81,Miscellaneous Goods,-1,B,Receiver,146568,0.0,0.997714,368534,6.920229,0.984844,5,5,14,1,3,0,2,86.14768587401899,84.00389479080802,,234.0,0.2307692307692307,0.0714285714285714,,1.0
131,2,1,0,68.213,2,198,153842,266369,-1,-18795,未知,Internal Software,286600,313.36,Home Improvement and Building Material,0,C,Consigner,1182239,0.0,0.974458,863297,0.0,0.987426,0,2,10,0,5,0,2,56.04468495785089,27.951849133840675,4.723041667194206,0.9579810189163964,0.0935960591133004,0.09375,0.0,0.0
132,2,0,0,22.676,117,164,65103,296331,-1,19156,Damage,Call,-82054,100.05,Jewelry,0,B,Receiver,54137,0.49701,0.837316,122143,15.26095,0.937427,1,0,12,1,0,0,2,57.51283596595224,49.08316346381199,8.592378981639552,0.0,0.1052631578947368,0.1458333333333333,0.0,0.0
133,2,0,0,783.828,2,89,205742,444804,-1,427863,Pickup Error,Complaint,653276,1159.56,Jewelry,0,B,Consigner,7270,181.5085,0.990966,24802,81.42806,0.994346,3,1,12,0,6,0,2,56.04468495785089,66.91243902018225,213.34987259339945,19.002958232561763,0.0935960591133004,0.1875,0.2727272727272727,0.0
134,2,0,0,10.392,1,221,27752,301643,-1,-88578,未知,Call,457956,369.95,Miscellaneous Goods,0,C,Receiver,253388,5.067113,0.58188,409931,1.664979,0.920794,0,0,14,1,5,0,2,69.06443164317325,124.92080405843552,0.0,,0.1802721088435374,0.3333333333333333,0.0,
135,2,0,0,958.174,131,13,109464,417131,1,427864,Pickup Error,Internal Software,-82005,754.76,Jewelry,-1,B,Consigner,66377,70.90258,0.993041,225979,75.36194,0.970011,3,2,12,0,0,0,2,25.28414948621409,58.69138621086622,0.0,0.0,0.3529411764705882,0.0909090909090909,0.0,0.0
136,2,0,0,771.705,302,350,14084,51945,-1,427766,未知,Call,538712,136.14,Fresh,0,B,Consigner,31987,21.23261,0.986418,158234,13.65363,0.991563,0,0,7,0,5,1,1,36.15561962809524,9.079521678213355,69.64123028029817,466.2081887605109,0.0434782608695652,0.0,0.1481481481481481,0.0
137,2,0,1,203.459,253,228,213343,126095,-1,-33414,未知,Internal Software,-37412,838.51,Electronic Product,1,C,Consigner,67860,1.496718,0.998914,66641,51.26545,0.972471,0,2,6,0,0,0,2,63.03159537877947,177.3461916734879,199.83067472306143,0.0,0.1228070175438596,0.3846153846153846,0.0,0.0
138,2,0,1,53.584,44,0,227346,207929,-1,427669,未知,Call,-72489,528.72,Miscellaneous Goods,-1,C,Consigner,1091830,15.56436,0.991423,152209,5.697367,0.972897,0,0,14,0,0,0,2,54.68123268224992,75.01688402479252,93.95808297694902,29.671143543073462,0.1818181818181818,0.1507692307692307,0.2585987261146497,0.5
139,2,0,0,44.921,203,190,180154,139550,-1,6669,未知,Call,501403,506.41,Hardware,0,B,Unknown,187605,0.0,0.978831,278122,4.980625,0.910538,0,0,9,3,5,0,2,77.98200428949028,47.29286625931772,,,0.0,0.1052631578947368,,
140,3,0,0,320.953,281,94,227346,152121,-1,5985,未知,Mini Program,-49049,100.19,Beauty & Daily Essentials,-1,C,Receiver,45028,86.74366,0.998469,530508,0.0,0.992106,0,4,3,1,0,0,2,24.254512758557915,36.228085028893005,93.95808297694902,2.799810328476593,0.0625,0.25,0.2585987261146497,0.0
141,2,0,0,9.553,132,322,227346,366733,-1,427863,未知,Internal Software,2051985,1382.59,Miscellaneous Goods,0,Not Known,Receiver,1251764,76.81355,0.982627,289671,13.53507,0.981763,0,2,14,1,6,0,2,52.70819341651338,58.30792878609847,93.95808297694902,98.4407121096725,0.2071428571428571,0.2777777777777778,0.2585987261146497,0.5
142,2,1,0,7.651,27,135,17261,153787,-1,427840,未知,Call,278061,501.82,Miscellaneous Goods,-1,C,Consigner,322624,1.061998,0.99878,452684,3.078076,0.925842,0,0,14,0,5,0,2,94.032370683866,125.17131951667804,107.04791461660736,0.0,0.0983606557377049,0.3414634146341463,0.0,0.0
143,2,0,0,0.956,2,303,150024,15885,-1,427787,未知,Call,-1499,300.8,Dried Groceries,-1,C,Receiver,263703,40.40313,0.981437,756298,10.75097,0.998167,0,0,5,1,0,0,2,56.04468495785089,22.23437915717134,3.885838958359342,18.746977678032845,0.0935960591133004,0.0666666666666666,0.0,0.0
144,2,0,0,461.019,218,340,139664,453554,-1,-116227,Damage,Vendor Consultation,338214,1815.2,Hardware,-1,Not Known,Consigner,111970,104.5857,0.999991,130747,77.15787,0.931912,1,6,9,0,5,0,2,45.42517437856351,113.6015926645088,,0.0,0.3333333333333333,0.0769230769230769,,0.0
145,2,0,0,213.529,27,5,165135,442415,-1,-33336,未知,Call,-59835,914.34,Miscellaneous Goods,0,Not Known,Unknown,14621,10.16403,0.999998,351892,10.5642,0.985311,0,0,14,3,0,0,2,94.032370683866,79.69800837324867,0.0,530.4827586206897,0.0983606557377049,0.0526315789473684,0.0,0.0
146,2,0,0,54.444,248,178,42471,300000,-1,-188762,未知,Call,813000000,3155.17,Fresh,-1,B,Consigner,1831495,40.56982,0.982786,50265450,5.465381,0.874507,0,0,7,0,6,1,1,52.4860542706416,75.72709977879157,98.59350431373682,163.30068855149273,0.3333333333333333,0.2073170731707317,0.55,0.5474358974358975
147,2,1,0,393.188,102,179,184209,158735,-1,427822,未知,Call,332301,1118.01,Home Improvement and Building Material,0,B,Consigner,53425,37.25013,0.96137,543018,0.0,0.91461,0,0,10,0,5,0,2,84.99396693620673,49.485349035609424,207.5233372303657,0.0,0.1518987341772152,0.17578125,0.4375,0.0
148,2,0,0,353.999,134,214,96978,97067,-1,70346,Damage,Call,1246287,587.68,Jewelry,0,Not Known,Consigner,2,257.1993,0.999996,2580,36.28585,0.999299,1,0,12,0,6,0,2,42.53778943894619,3.584323334857046,40.73712074085794,,0.1538461538461538,0.2857142857142857,0.0,
149,2,0,0,223.206,164,55,185652,362390,1,-30406,Suspected Lost,Call,1044803,1221.89,Jewelry,-1,Not Known,Consigner,220507,24.45308,0.999565,136392,38.09891,0.999765,5,0,12,0,6,0,2,59.72498410518864,119.73828509963953,37.03531100362392,7.326416681233415,0.1617647058823529,0.1538461538461538,0.0,0.0
150,2,0,0,56.915,133,3,183889,220882,-1,427862,未知,Vendor Consultation,-73618,554.32,Pharmaceuticals,-1,B,Consigner,253970,40.52685,0.979719,282880,20.16397,0.969554,0,6,15,0,0,0,2,66.60560181682781,63.81099393925928,83.80393880479427,9.919709906897133,0.1515151515151515,0.1170212765957446,0.2442307692307692,0.0
151,2,1,0,217.589,217,97,187884,196575,-1,427830,Pickup Error,Internal Software,195136,1495.16,Miscellaneous Goods,0,C,Consigner,57768,0.0,0.973877,341280,16.57127,0.964347,3,2,14,0,4,0,2,126.03523867460144,13.791098319222607,0.0,17.091084485435374,0.2,0.0,0.0,0.0
152,2,0,0,287.146,246,2,227346,74408,-1,36344,未知,Vendor Consultation,122076,1003.57,Electronic Product,-1,Not Known,Consigner,181033,11.38117,0.908073,84603,32.67986,0.984264,0,6,6,0,3,0,2,87.28839398654806,93.3192184944359,93.95808297694902,0.0,0.1666666666666666,0.1111111111111111,0.2585987261146497,0.0
153,3,1,0,45.714,113,102,187888,41045,-1,427830,未知,Internal Software,-1763,107.22,Documents & Bills,0,C,Consigner,1663836,24.65662,0.932457,115602,6.392432,0.986505,0,2,4,0,0,0,2,36.24779227893041,127.44248338763862,56.57647470954619,580.2122186495176,0.0909090909090909,0.1789473684210526,0.1428571428571428,0.0
154,2,1,0,346.291,169,157,79911,212438,-1,427817,Pickup Error,Internal Software,316652,2021.85,Miscellaneous Goods,0,B,Consigner,179495,62.00052,0.999761,13884,42.94233,0.975521,3,2,14,0,5,0,2,79.91551653024653,166.21433105480688,0.0,7.084778970570228,0.4285714285714285,0.6428571428571429,0.0,1.0
155,3,0,0,62.978,137,114,201643,371886,-1,427660,Suspected Lost,Internal Software,506250,377.88,Beauty & Daily Essentials,-1,B,Consigner,1083525,2.538915,0.799143,921751,0.0,0.991697,5,2,3,0,5,0,2,58.18470170477054,32.542608500339675,,0.0,0.1707317073170731,0.0909090909090909,,0.0
156,2,0,0,78.558,162,63,209602,300000,-1,-47762,Pickup Error,Internal Software,618000000,2244.97,Miscellaneous Goods,0,B,Receiver,18262694,53.53628,0.967343,60323071,197.2204,0.99978,3,2,14,1,6,0,2,85.80271992814488,52.20261068322199,92.7919306651536,163.30068855149273,0.2352941176470588,0.2941176470588235,0.5909090909090909,0.5474358974358975
157,2,0,0,1150.718,136,109,136102,154824,-1,427861,未知,Mini Program,376223,1391.94,"Apparel, Footwear & Accessories",-1,C,Receiver,21704,55.84593,0.982207,10276,29.87817,0.996458,0,4,1,1,5,0,2,83.60535432076018,30.366206626535966,63.85438839693071,17.315271571005823,0.1632653061224489,0.0952380952380952,0.0,0.1666666666666666
158,2,0,0,198.677,88,54,172836,34206,-1,427858,Suspected Lost,,-11913,658.54,Household Goods,-1,B,Consigner,152685,18.26252,0.945895,542456,9.965246,0.922453,5,5,11,0,0,0,2,116.52863038936586,53.04915549785749,,0.0,0.0925925925925925,0.0,,0.0
159,2,1,0,5.098,25,179,227346,434096,1,427839,Pickup Error,Call,219897,390.29,Miscellaneous Goods,-1,Not Known,Consigner,1634112,0.0,0.868377,2062272,0.0,0.954421,3,0,14,0,4,0,2,88.8237010925776,49.485349035609424,93.95808297694902,0.0,0.1843137254901961,0.17578125,0.2585987261146497,0.0
160,2,0,0,107.869,137,199,120528,423206,-1,427853,未知,Internal Software,218978,120.64,Miscellaneous Goods,-1,B,Consigner,464172,12.58694,0.967286,42345,43.86308,0.992669,0,2,14,0,4,0,2,58.18470170477054,65.33437063477945,122.67463249589416,89.17923123470466,0.1707317073170731,0.3513513513513513,0.0,0.0
161,2,0,0,10.943,197,303,168397,187017,-1,427864,未知,Call,164117,610.5,Miscellaneous Goods,0,C,Consigner,26277,42.45031,0.999479,85141,21.03734,0.992785,0,0,14,0,3,0,2,69.0135805405548,22.23437915717134,26.075142460286333,0.0,0.1162790697674418,0.0666666666666666,0.2,0.0
162,1,0,0,115.157,178,228,198779,300000,1,424616,未知,Call,791000000,1180.33,Miscellaneous Goods,0,B,Receiver,105000000,39.89587,0.988392,35579917,93.09011,0.999972,0,0,14,1,6,0,2,59.71452989301516,177.3461916734879,61.50996322773379,163.30068855149273,0.1660079051383399,0.3846153846153846,0.1714285714285714,0.5474358974358975
163,2,0,0,728.569,38,102,59033,434085,-1,-9522,未知,Call,1348940,857.63,Pharmaceuticals,-1,B,Consigner,183889,40.47998,0.99984,270798,33.97268,0.901597,0,0,15,0,6,0,2,83.3897689719621,127.44248338763862,3.6519432884569336,0.5216576176620572,0.3442622950819672,0.1789473684210526,0.0,0.0
164,7,0,1,9.555,187,179,191817,242425,-1,427854,未知,Call,831223,750.54,Miscellaneous Goods,0,Not Known,Staff,102290,0.740714,0.994295,362498,0.0,0.894698,0,0,14,2,6,0,2,50.57901513935886,49.485349035609424,31.08972808888528,,0.1261261261261261,0.17578125,0.45,
165,2,1,0,54.528,63,12,123138,264711,-1,427820,Pickup Error,Call,-63885,269.95,Dried Groceries,-1,C,Consigner,904,3.104855,0.993684,428378,3.229674,0.998975,3,0,5,0,0,0,2,87.51932180035882,78.44682581792124,43.003328454344825,74.70850169044282,0.2022471910112359,0.2340425531914893,0.25,0.0
166,1,0,0,575.061,240,125,223753,60279,-1,427784,Pickup Error,Call,986480,149.42,Miscellaneous Goods,-1,B,Consigner,17869,106.9355,0.98991,115773,36.46501,0.959502,3,0,14,0,6,0,2,64.25990715391238,73.66751450015366,10.44857907571553,204.02319902319903,0.0,0.1523809523809524,0.25,0.0
167,2,0,0,0.0,242,151,218216,366983,-1,427861,未知,Call,266288,103.14,"Apparel, Footwear & Accessories",-1,Not Known,Receiver,66392,8.215869,0.993937,176585,7.025665,0.988701,0,0,1,1,5,0,2,56.980412292329696,62.91307713975876,218.40923219403984,2.92185423105884,0.1,0.1176470588235294,0.0,0.0
168,2,0,0,18.093,88,222,99555,356548,-1,427804,Damage,Call,176632,276.33,Alcohol,0,C,Receiver,228833,0.0,0.99582,362125,9.142474,0.999677,1,0,0,1,4,0,2,116.52863038936586,77.81584876066215,,5.1220814967974535,0.0925925925925925,0.1598173515981735,,0.0
169,5,0,0,116.746,343,140,176461,394860,-1,427835,Pickup Error,Call,780068,276.98,Furniture,-1,C,Consigner,24311,8.188413,0.983257,355667,24.5123,0.934352,3,0,8,0,6,0,2,117.15655523967644,32.04443699722811,0.0,1.9266346025409549,0.0,0.1515151515151515,0.0,0.0
170,2,1,0,34.544,142,253,183889,199939,-1,427863,Pickup Error,Call,101913,116.5,Dried Groceries,0,B,Unknown,1774950,0.0,0.964636,623963,13.67946,0.968032,3,0,5,3,3,0,2,91.575345523678,69.88451229595863,83.80393880479427,5.026690262321555,0.1756756756756756,0.208955223880597,0.2442307692307692,0.0
171,2,0,0,11.098,13,179,174633,105276,-1,-64707,未知,Vendor Consultation,375192,102.09,Appliances,-1,B,Consigner,98619,12.11902,0.85962,382188,1.298039,0.96664,0,6,2,0,5,0,2,117.72169897217258,49.485349035609424,0.0,0.8896231032794909,0.2748538011695906,0.17578125,0.0,1.0
172,2,1,0,507.789,111,90,162743,15969,-1,2085,Pickup Error,Internal Software,-77933,672.3,Miscellaneous Goods,0,C,Receiver,4048,48.82054,0.956043,187376,56.38008,0.985524,3,2,14,1,0,0,2,55.72588842983137,48.608787432873726,3.7873864559486,81.230076021488,0.0384615384615384,0.1724137931034483,0.0,0.0
173,2,1,0,0.0,2,132,184209,104694,-1,427828,未知,Call,719723,470.55,Miscellaneous Goods,-1,C,Consigner,1603896,0.0,0.930394,877573,0.165106,0.948507,0,0,14,0,6,0,2,56.04468495785089,56.88193748364041,207.5233372303657,,0.0935960591133004,0.1636363636363636,0.4375,
174,2,1,0,228.316,9,13,175887,242425,-1,427626,Damage,Call,1663143,921.25,Miscellaneous Goods,1,B,Consigner,218,117.272,0.971304,5065,123.6661,0.996165,1,0,14,0,6,0,2,183.019796897258,58.69138621086622,103.4,,0.2580645161290322,0.0909090909090909,2.0,
175,2,1,0,535.014,194,121,178390,67706,-1,427864,未知,Call,156727,446.39,Jewelry,-1,Not Known,Consigner,10841,47.50432,0.984598,84885,71.89763,0.987425,0,0,12,0,3,0,2,149.3218894878137,33.63318266760793,1.0806133730404934,,0.375,0.1,0.0,
176,5,0,0,666.302,268,234,87215,382438,-1,427846,未知,Internal Software,4616,1679.69,Household Goods,-1,C,Consigner,300003,27.5823,0.981451,154960,40.1002,0.981694,0,2,11,0,2,0,2,96.84596855953218,23.788597837309357,14.12056817609566,3.882470028573772,0.1823899371069182,0.1052631578947368,0.0,0.0
177,2,1,0,4.752,83,199,205742,300000,-1,420272,Suspected Lost,Call,329000000,898.57,Pharmaceuticals,-1,C,Consigner,9837,67.44987,0.957558,586000000,37.00051,0.925009,5,0,15,0,6,0,2,41.983009764404585,65.33437063477945,213.34987259339945,163.30068855149273,0.5,0.3513513513513513,0.2727272727272727,0.5474358974358975
178,2,0,0,514.845,73,164,69891,232902,-1,-36705,未知,Call,21035,2191.06,Hardware,-1,C,Consigner,1074,37.09005,0.995294,420088,54.45122,0.974746,0,0,9,0,2,0,2,0.0,49.08316346381199,1.345610651680363,0.0,0.0,0.1458333333333333,0.0,0.0
179,2,0,1,436.328,146,243,193886,377324,-1,427405,Damage,Internal Software,101254,1128.51,Pharmaceuticals,0,C,Consigner,15372,37.28066,0.997825,60465,68.67029,0.995831,1,2,15,0,3,0,2,75.50373567911244,61.478185686911466,183.07850421942743,0.0,0.3,0.0625,0.2535211267605634,0.0
180,2,0,0,736.773,12,246,183889,300000,-1,366507,Pickup Error,Call,488000000,4420.58,Home Improvement and Building Material,-1,Staff,Receiver,17715104,121.6178,0.943672,5624243,101.6906,0.996703,3,0,10,1,6,0,2,59.94601001535578,81.33591719373736,83.80393880479427,163.30068855149273,0.2666666666666666,0.4318181818181818,0.2442307692307692,0.5474358974358975
181,2,1,0,5.168,110,89,199261,396336,-1,427746,Pickup Error,Call,22704,1007.66,Dried Groceries,-1,C,Unknown,23,15.40535,0.997852,758561,4.009122,0.999653,3,0,5,3,2,0,2,110.78491220508148,66.91243902018225,70.13925554206644,5.782101973680538,0.2539682539682539,0.1875,0.2222222222222222,0.25
182,2,0,0,244.224,178,125,227346,15885,-1,427828,Damage,Call,-2844,2162.11,Miscellaneous Goods,0,B,Consigner,13,99.08865,0.996159,125163,43.69024,0.986294,1,0,14,0,0,0,2,59.71452989301516,73.66751450015366,93.95808297694902,18.746977678032845,0.1660079051383399,0.1523809523809524,0.2585987261146497,0.0
183,2,0,1,135.646,222,142,125764,55043,-1,427699,未知,Call,135473,170.79,Miscellaneous Goods,1,B,Receiver,20366,1.590696,0.979109,426809,0.0,0.972511,0,0,14,1,3,0,2,44.00935888510234,32.47128749327333,56.0885472184815,2.6595682667686544,0.173469387755102,0.0833333333333333,0.5,0.0
184,2,0,0,195.019,9,4,227346,300000,-1,427027,未知,Call,811000000,834.22,Beauty & Daily Essentials,-1,C,Receiver,32581401,19.27325,0.983157,958000000,22.37479,0.999039,0,0,3,1,6,0,2,183.019796897258,81.2740685764068,93.95808297694902,163.30068855149273,0.2580645161290322,0.2439024390243902,0.2585987261146497,0.5474358974358975
185,2,0,0,164.839,132,151,72682,11780,-1,427849,未知,Call,186996,388.12,Household Goods,-1,B,Consigner,609826,33.17429,0.892574,398229,30.2439,0.9993,0,0,11,0,4,0,2,52.70819341651338,62.91307713975876,314.6607083747104,0.0,0.2071428571428571,0.1176470588235294,0.0,0.0
186,3,0,0,12.315,4,179,218344,231305,-1,427802,未知,Call,356941,369.22,Pharmaceuticals,0,B,Receiver,391804,77.58426,0.992395,190935,21.48393,0.946618,0,0,15,1,5,0,2,60.02737754693536,49.485349035609424,30.70761357920642,0.0,0.1592356687898089,0.17578125,0.0,0.0
187,2,0,0,247.89,137,117,129264,226028,0,427826,Damage,Call,1567748,1346.59,Electronic Product,-1,C,Consigner,173700,33.58453,0.997221,152011,45.60756,0.985843,1,0,6,0,6,0,2,58.18470170477054,66.62484724143525,13.89251990994321,2.301390951856991,0.1707317073170731,0.0689655172413793,0.0,0.0
188,2,0,0,3.306,146,190,195354,405431,-1,427864,未知,Vendor Consultation,193553,637.32,Dried Groceries,0,B,Receiver,1196669,0.598898,0.992557,253869,37.16777,0.998803,0,6,5,1,4,0,2,75.50373567911244,47.29286625931772,5.460861345526273,,0.3,0.1052631578947368,0.0,
189,2,0,0,61.578,25,277,110996,429934,-1,427796,Suspected Lost,Call,1426365,448.93,Pharmaceuticals,-1,Not Known,Consigner,1301183,21.57917,0.995988,114999,55.3155,0.986597,5,0,15,0,6,0,2,88.8237010925776,112.550724583876,47.357171881349046,6.606943346867591,0.1843137254901961,0.0769230769230769,1.0,0.0
190,2,0,0,198.262,190,118,113175,181465,-1,427864,Pickup Error,Call,562722,487.29,Miscellaneous Goods,-1,B,Consigner,481717,4.874919,0.996799,305783,0.0,0.887317,3,0,14,0,5,0,2,73.48402451815683,87.17605904958299,2.1669065838027057,49.66496681459734,0.1560693641618497,0.0833333333333333,0.0,0.3333333333333333
191,2,0,0,461.011,179,292,222926,16532,-1,96695,未知,Call,523875,157.16,Miscellaneous Goods,0,C,Consigner,165661,8.223448,0.976843,199311,29.65934,0.948325,0,0,14,0,5,0,2,56.8349237193444,23.00992930524647,18.790921919096892,0.0,0.1497584541062802,0.4,0.0,0.0
192,2,0,0,30.741,155,190,213368,118898,-1,427863,Pickup Error,Call,518480,1066.52,Pharmaceuticals,-1,B,Consigner,520507,10.37578,0.946401,114738,32.77073,0.998759,3,0,15,0,5,0,2,26.409335201957536,47.29286625931772,0.2735460330087438,0.0,0.1666666666666666,0.1052631578947368,0.0,0.0
193,2,0,1,193.363,192,23,199335,280103,-1,11733,Pickup Error,Internal Software,340172,1518.58,Hardware,0,Not Known,Consigner,167456,48.45918,0.982798,2408,59.70758,0.96779,3,2,9,0,5,0,2,57.1901563024116,61.86596339980573,113.63123993558776,8.998324334388382,0.1951219512195122,0.2222222222222222,0.0,0.0
194,2,0,0,183.786,4,43,117093,430285,-1,168638,未知,Vendor Consultation,55436,1216.14,Hardware,0,C,Consigner,87462,6.478751,0.910214,169608,66.70826,0.973762,0,6,9,0,2,0,2,60.02737754693536,47.014223570793376,,0.0,0.1592356687898089,0.1428571428571428,,0.0
195,2,0,0,228.643,102,26,59776,42971,-1,427855,未知,Call,120252,2381.77,Miscellaneous Goods,0,B,Consigner,207408,61.83893,0.956017,21938,25.61419,0.995362,0,0,14,0,3,0,2,84.99396693620673,68.6759562379523,5.6427675097509935,,0.1518987341772152,0.0769230769230769,0.3333333333333333,
196,2,0,0,152.851,131,178,208985,141082,-1,82440,未知,Internal Software,-22709,721.1,"Apparel, Footwear & Accessories",0,B,Consigner,7585,16.35741,0.955259,1371609,0.0,0.864295,0,2,1,0,0,0,2,25.28414948621409,75.72709977879157,,,0.3529411764705882,0.2073170731707317,,
197,2,0,0,516.812,100,125,154241,313289,-1,427782,未知,Call,-79848,2159.42,Miscellaneous Goods,0,B,Unknown,127268,0.092148,0.94713,2725,193.0546,0.98059,0,0,14,3,0,0,2,57.27817095022288,73.66751450015366,0.0,0.0,0.1162790697674418,0.1523809523809524,0.0,0.0
198,2,0,0,586.304,187,319,104979,448070,-1,427851,Damage,Internal Software,87391,1485.27,Alcohol,-1,B,Unknown,134726,24.37594,0.997096,31326,32.813,0.974854,1,2,0,3,3,0,2,50.57901513935886,150.86048986331326,0.0,267.05,0.1261261261261261,0.275,0.0,1.0
199,2,0,0,113.435,217,256,72691,392937,-1,427851,Suspected Lost,Call,671952,354.58,Furniture,-1,B,Consigner,16171,1.01479,0.999996,6635,53.09113,0.99504,5,0,8,0,6,0,2,126.03523867460144,65.73144639177269,8.409653465346535,4.579838996795759,0.2,0.2105263157894736,1.0,0.0
200,2,1,0,10.99,11,99,215962,270273,-1,427853,未知,Vendor Consultation,511542,576.23,Miscellaneous Goods,-1,C,Consigner,71552,15.19095,0.931071,835961,34.42479,0.974028,0,6,14,0,5,0,2,46.140341664130425,39.75074374258253,,12.138317074197635,0.1724137931034483,0.1505376344086021,,0.0
201,2,0,0,560.994,41,134,15345,215913,-1,18909,未知,Call,318677,1088.94,Hardware,1,C,Consigner,152335,5.331166,0.998185,560132,2.70075,0.969157,0,0,9,0,5,0,2,15.195521366333276,46.10167247042128,0.0,0.0,0.125,0.0869565217391304,0.0,0.0
202,2,1,0,582.421,140,88,96974,333426,-1,-9595,Damage,Call,421912,1286.77,Miscellaneous Goods,0,C,Consigner,34669,33.66079,0.913918,502536,16.93447,0.992144,1,0,14,0,5,0,2,162.4044975941189,79.74310528281981,,0.8385574322509001,0.2,0.2061855670103092,,0.0
203,2,0,0,148.512,99,9,227346,300000,-1,427864,Pickup Error,Call,425000000,1879.75,Electronic Product,0,B,Unknown,79889965,57.33885,0.999852,6306138,107.2435,0.978757,3,0,6,3,6,0,2,65.94900544613762,48.86197232263893,93.95808297694902,163.30068855149273,0.211864406779661,0.5555555555555556,0.2585987261146497,0.5474358974358975
204,2,0,1,3.913,109,137,175556,436769,1,427270,未知,Vendor Consultation,-15228,1001.22,Miscellaneous Goods,0,B,Consigner,5440,17.01555,0.998421,782999,2.15238,0.997526,0,6,14,0,0,0,2,45.374295092323,40.54514853954838,3.665481093223512,0.0,0.25,0.1012658227848101,0.0,0.0
205,5,1,0,125.778,91,164,90514,393619,-1,427783,Damage,Call,192811,214.45,Miscellaneous Goods,0,B,Receiver,25343,2.85905,0.987932,451477,3.7488,0.979675,1,0,14,1,4,0,2,22.138572095820624,49.08316346381199,0.0,8.266772182714993,0.2307692307692307,0.1458333333333333,0.0,0.0
206,2,0,0,641.509,98,151,14084,178270,-1,4914,未知,Internal Software,676466,101.78,Dried Groceries,-1,C,Consigner,69436,37.36567,0.977122,49236,7.12759,0.938388,0,2,5,0,6,0,2,53.41855203788262,62.91307713975876,69.64123028029817,,0.1363636363636363,0.1176470588235294,0.1481481481481481,
207,2,0,0,115.274,356,25,203877,343560,-1,27830,未知,Mini Program,34478,592.68,Furniture,-1,B,Staff,38413,90.56016,0.99037,568136,2.131025,0.985921,0,4,8,2,2,0,2,3.2007643975276423,58.087333342513965,37.018425460636514,0.0,0.5,0.14,0.0,0.0
208,3,0,0,122.959,127,187,202299,45886,-1,427751,Suspected Lost,Call,442388,395.52,Dried Groceries,0,B,Consigner,622015,16.09699,0.985836,345874,40.70597,0.962841,5,0,5,0,5,0,2,59.84735359218162,71.38613126413931,0.0,0.0,0.1397849462365591,0.1777777777777777,0.0,0.0
209,7,1,0,98.686,1,110,45766,187655,-1,427861,未知,Call,1181204,157.45,"Apparel, Footwear & Accessories",-1,Not Known,Consigner,1240602,32.3608,0.968219,430182,58.87042,0.965423,0,0,1,0,6,0,2,69.06443164317325,63.258594293395895,,111.74456345342422,0.1802721088435374,0.1219512195121951,,0.0
210,5,0,0,0.0,74,179,83379,243170,-1,14107,未知,Call,255284,136.83,Furniture,-1,C,Receiver,751421,23.68184,0.913338,1130441,2.769128,0.780674,0,0,8,1,4,0,2,106.27812336968876,49.485349035609424,1.4356115041354935,110.3407850726025,0.4444444444444444,0.17578125,0.0,0.0588235294117647
211,2,1,0,1.507,149,102,67427,263936,1,427601,未知,Mini Program,533076,156.73,Appliances,0,B,Consigner,2048,3.235355,0.997779,60447,84.43026,0.958937,0,4,2,0,5,0,2,66.28256948413345,127.44248338763862,0.0,,0.25,0.1789473684210526,0.0,
212,2,0,0,4.239,178,222,227346,63944,-1,125744,未知,Vendor Consultation,130511,955.06,Pharmaceuticals,0,C,Consigner,1118999,10.09883,0.97618,151250,7.497654,0.997544,0,6,15,0,3,0,2,59.71452989301516,77.81584876066215,93.95808297694902,0.0,0.1660079051383399,0.1598173515981735,0.2585987261146497,0.0
213,2,0,0,70.826,145,164,139307,132342,-1,427860,未知,Call,-2533,723.94,Miscellaneous Goods,0,B,Consigner,10772,23.77264,0.990176,114886,32.36955,0.93463,0,0,14,0,0,0,2,69.30729146363558,49.08316346381199,1.0953877358431865,4.975844968289454,0.1590909090909091,0.1458333333333333,0.0,0.0
214,2,0,0,5.185,0,43,160143,239050,-1,427789,Pickup Error,Vendor Consultation,-50358,726.72,Dried Groceries,-1,C,Consigner,564695,59.48463,0.942073,217502,5.848884,0.993502,3,6,5,0,0,0,2,57.22795965470159,47.014223570793376,25.184185653370843,3.236482526757349,0.1678082191780822,0.1428571428571428,0.0,0.0
215,2,0,0,294.491,188,142,199261,364106,-1,427853,未知,Internal Software,-2474,105.01,Miscellaneous Goods,0,B,Consigner,40373,106.5856,0.999939,444492,19.19861,0.958825,0,2,14,0,0,0,2,47.62317230513968,32.47128749327333,70.13925554206644,0.0,0.2051282051282051,0.0833333333333333,0.2222222222222222,0.0
216,2,1,0,101.78,105,55,135382,395079,-1,-65835,未知,Call,-46587,425.95,Electronic Product,-1,C,Consigner,998517,6.503273,0.961996,1381161,0.0,0.920065,0,0,6,0,0,0,2,20.905244322916747,119.73828509963953,124.7746083933244,0.0,0.0909090909090909,0.1538461538461538,0.0,0.0
217,2,0,1,24.191,178,106,17862,109577,-1,427815,未知,Internal Software,3376001,247.68,Miscellaneous Goods,-1,C,Consigner,483595,3.143566,0.999241,1291510,1.670938,0.93488,0,2,14,0,6,0,2,59.71452989301516,49.82089121674756,5.442206396795705,0.0,0.1660079051383399,0.1538461538461538,0.0,0.0
218,2,0,0,315.684,157,282,143044,177822,-1,104086,未知,Mini Program,-69997,1402.78,Alcohol,0,B,Receiver,190372,19.33838,0.999737,290254,7.790399,0.960943,0,4,0,1,0,0,2,52.75232409840045,79.92843650699533,45.16510751774207,4.1095059530757885,0.2391304347826087,0.1,0.1111111111111111,0.0
219,2,0,0,170.339,189,101,193650,196575,-1,427630,Pickup Error,Call,216942,454.84,Jewelry,0,B,Consigner,1311,8.216567,0.99208,272441,19.90153,0.965163,3,0,12,0,4,0,2,195.03697485801985,58.58878798840541,48.10227495989376,17.091084485435374,0.2619047619047619,0.1323529411764706,0.25,0.0
220,2,1,0,125.34,13,39,1605,427181,-1,-126081,未知,Call,50849,1559.07,Hardware,-1,C,Consigner,325043,12.97476,0.959881,356199,0.0,0.904069,0,0,9,0,2,0,2,117.72169897217258,44.92391936878398,1.821631234173669,5.068270481144344,0.2748538011695906,0.0,0.0,0.0
221,2,1,0,77.613,5,164,183889,61748,-1,427843,Suspected Lost,Call,569357,597.29,Home Improvement and Building Material,-1,B,Consigner,411989,5.506324,0.999825,246594,27.83642,0.987879,5,0,10,0,5,0,2,64.35039757274271,49.08316346381199,83.80393880479427,0.0,0.0975609756097561,0.1458333333333333,0.2442307692307692,0.0
222,2,0,0,29.082,137,199,227346,453758,-1,427864,Suspected Lost,Call,485000000,1022.24,Fresh,-1,B,Consigner,113000000,58.44399,0.997403,28732111,136.9136,0.929236,5,0,7,0,6,1,1,58.18470170477054,65.33437063477945,93.95808297694902,304.07148271608224,0.1707317073170731,0.3513513513513513,0.2585987261146497,0.4090909090909091
223,2,0,0,378.239,1,234,144075,345985,-1,39370,Damage,Call,725707,254.62,Home Improvement and Building Material,0,B,Consigner,274782,25.73281,0.97699,71443,25.30076,0.895228,1,0,10,0,6,0,2,69.06443164317325,23.788597837309357,,6.945488925442299,0.1802721088435374,0.1052631578947368,,0.5
224,2,1,0,247.491,244,5,209955,295932,1,22664,未知,Call,-77708,307.07,Miscellaneous Goods,0,C,Receiver,275333,109.8973,0.851014,153083,117.9987,0.996608,0,0,14,1,0,0,2,62.08371497907519,79.69800837324867,9.90753996363365,0.0,0.1346153846153846,0.0526315789473684,0.0,0.0
225,2,0,0,317.59,1,246,209602,300000,-1,427864,未知,Call,989000000,3298.93,Miscellaneous Goods,0,C,Consigner,9210405,86.92223,0.946553,53981851,2.625307,0.988884,0,0,14,0,6,0,2,69.06443164317325,81.33591719373736,92.7919306651536,163.30068855149273,0.1802721088435374,0.4318181818181818,0.5909090909090909,0.5474358974358975
226,2,1,0,188.571,309,143,193886,300000,-1,427864,Damage,Call,973000000,1657.23,Beauty & Daily Essentials,0,C,Consigner,1515,9.198462,0.997642,464000000,88.39024,0.999013,1,0,3,0,6,0,2,149.60386696145503,101.9632107476282,183.07850421942743,163.30068855149273,0.2777777777777778,0.2075471698113207,0.2535211267605634,0.5474358974358975
227,2,0,0,54.291,179,195,12664,206008,-1,427760,未知,Call,317058,592.48,Miscellaneous Goods,0,B,Receiver,33378,79.5136,0.948873,117705,18.92463,0.999917,0,0,14,1,5,0,2,56.8349237193444,0.0,0.0,316.26,0.1497584541062802,0.0,0.0,0.0
228,2,0,1,267.07,2,134,191495,52409,-1,3237,未知,Complaint,2081545,112.63,Miscellaneous Goods,0,B,Consigner,86160,59.15759,0.888613,545546,3.367841,0.998266,0,1,14,0,6,0,2,56.04468495785089,46.10167247042128,14.877793570755582,274.50218558255483,0.0935960591133004,0.0869565217391304,0.25,0.3333333333333333
229,2,0,0,43.939,132,238,15877,274738,-1,427856,未知,Call,605743,1172.33,Appliances,-1,B,Receiver,107849,50.50919,0.970958,71252,15.5158,0.997236,0,0,2,1,6,0,2,52.70819341651338,84.51278515195959,46.97040480882532,,0.2071428571428571,0.2,0.1827956989247312,
230,2,1,0,85.875,13,100,114529,127708,-1,427819,未知,Call,1062900,992.32,Dried Groceries,0,B,Consigner,1250073,100.0733,0.973707,307353,30.80888,0.998891,0,0,5,0,6,0,2,117.72169897217258,111.92654089931048,2.128796678621594,70.28166834326395,0.2748538011695906,0.1985815602836879,0.0,0.0
231,2,0,0,47.015,6,91,183889,281654,-1,21433,Damage,,367178,530.62,Electronic Product,0,B,Consigner,216008,80.86253,0.997538,204175,10.65209,0.981518,1,5,6,0,5,0,2,32.29956245158629,38.50516592325653,83.80393880479427,,0.0555555555555555,0.3870967741935484,0.2442307692307692,
232,2,0,0,190.466,211,110,131508,282169,-1,427761,未知,Vendor Consultation,933648,248.62,Pharmaceuticals,0,B,Consigner,36711,4.130996,0.964265,366265,0.983826,0.997502,0,6,15,0,6,0,2,95.356323113403,63.258594293395895,3.502319201192287,12.031902100870056,0.1041666666666666,0.1219512195121951,0.0,0.0
233,2,0,0,198.917,99,178,143380,394743,1,427798,未知,Vendor Consultation,-76702,198.05,Miscellaneous Goods,-1,B,Receiver,16668,65.35387,0.994128,665573,1.036707,0.973147,0,6,14,1,0,0,2,65.94900544613762,75.72709977879157,12.101127549629458,0.0,0.211864406779661,0.2073170731707317,0.3333333333333333,0.0
234,3,1,0,127.11,309,64,198058,300000,-1,427864,Pickup Error,Mini Program,323000000,2548.56,Miscellaneous Goods,0,C,Receiver,6266,11.03193,0.943904,5166597,8.004679,0.833525,3,4,14,1,6,0,2,149.60386696145503,57.77796915034717,43.33347943050635,163.30068855149273,0.2777777777777778,0.2,0.3684210526315789,0.5474358974358975
235,2,0,0,13.748,33,246,1030,300000,1,-188762,Pickup Error,Call,616000000,1839.39,"Apparel, Footwear & Accessories",-1,B,Unknown,17731942,67.69874,0.985444,435000000,0.120128,0.973691,3,0,1,3,6,0,2,47.009282338113,81.33591719373736,34.99450868258708,163.30068855149273,0.4375,0.4318181818181818,0.5,0.5474358974358975
236,1,0,0,125.883,366,178,214778,377606,-1,29381,未知,Internal Software,157291,1440.61,Hardware,-1,B,Unknown,146640,0.0,0.999696,602087,1.929292,0.979041,0,2,9,3,3,0,2,100.9598075157956,75.72709977879157,8.453873564735384,6.9975810949444135,0.4,0.2073170731707317,0.0,0.0
237,2,0,0,65.669,215,56,198779,187655,-1,-30538,未知,Call,116765,267.93,Hardware,0,B,Unknown,10127,24.82582,0.998817,66732,33.5741,0.984373,0,0,9,3,3,0,2,29.346301635096104,9.118982064482928,61.50996322773379,111.74456345342422,0.1111111111111111,0.4444444444444444,0.1714285714285714,0.0
238,2,0,0,35.345,134,34,116927,315465,-1,427812,未知,Call,13167,964.33,Miscellaneous Goods,0,B,Consigner,41851,60.95948,0.943875,75542,99.76876,0.984968,0,0,14,0,2,0,2,42.53778943894619,62.51602380669991,88.92271904538744,184.6128769356153,0.1538461538461538,0.3157894736842105,0.0,1.0
239,2,0,1,20.827,110,96,42471,300000,-1,427814,未知,Internal Software,459000000,758.5,Dried Groceries,-1,C,Consigner,111000000,69.7009,0.998373,62547894,8.038523,0.957972,0,2,5,0,6,0,2,110.78491220508148,114.16873400512304,98.59350431373682,163.30068855149273,0.2539682539682539,0.2,0.55,0.5474358974358975
240,2,0,0,122.4,93,109,95374,29315,-1,102848,Pickup Error,Call,-45696,179.59,Beauty & Daily Essentials,0,B,Unknown,558986,3.775579,0.952135,139331,15.23945,0.98325,3,0,3,3,0,0,2,66.74115822236953,30.366206626535966,0.0,,0.1304347826086956,0.0952380952380952,0.0,
241,5,1,0,64.443,179,113,227346,365689,-1,427863,未知,Internal Software,515899,1417.47,Household Goods,-1,B,Consigner,13528,0.8305,0.99001,422060,39.98463,0.883895,0,2,11,0,5,0,2,56.8349237193444,75.03614438246761,93.95808297694902,12.600263383040064,0.1497584541062802,0.2,0.2585987261146497,0.0
242,2,0,0,501.528,230,100,68559,258079,1,427726,Damage,Internal Software,-39014,981.64,Dried Groceries,-1,Not Known,Consigner,391530,9.954418,0.996788,285637,13.19421,0.987156,1,2,5,0,0,0,2,6.301656789495492,111.92654089931048,1.683026607913629,0.0,0.1428571428571428,0.1985815602836879,0.0,0.0
243,2,0,0,1.088,64,99,217103,198483,-1,20345,未知,Vendor Consultation,-65586,196.4,Miscellaneous Goods,0,Not Known,Consigner,309659,13.93658,0.994074,461739,22.51197,0.998238,0,6,14,0,0,0,2,29.26462912623248,39.75074374258253,62.9717255612148,0.0,0.2142857142857142,0.1505376344086021,0.6,0.0
244,2,0,0,101.558,179,152,39857,187017,-1,427858,Pickup Error,Call,639420,147.9,Jewelry,0,B,Consigner,141763,80.35558,0.99748,160594,16.68811,0.988118,3,0,12,0,6,0,2,56.8349237193444,64.80066655532329,74.14570441421586,0.0,0.1497584541062802,0.1458333333333333,0.2,0.0
245,2,0,0,228.533,0,14,106690,317998,-1,427852,未知,Internal Software,293006,1018.84,Documents & Bills,0,B,Consigner,2472,37.23557,0.993186,26803,17.8278,0.985916,0,2,4,0,5,0,2,57.22795965470159,62.29691250575112,0.0,0.324865618780461,0.1678082191780822,0.125,0.0,0.0
246,2,0,0,201.477,190,182,193989,63896,-1,427864,未知,Internal Software,157247,442.06,Dried Groceries,-1,C,Consigner,1918,47.6017,0.986543,895453,10.62713,0.945738,0,2,5,0,3,0,2,73.48402451815683,118.74044016391558,9.4889627967173,0.0,0.1560693641618497,0.3,0.2,0.0
247,2,0,0,209.658,275,100,140887,228252,-1,72072,未知,Mini Program,-76594,1837.16,Miscellaneous Goods,0,C,Consigner,167736,9.510944,0.950842,1197997,5.583317,0.963254,0,4,14,0,0,0,2,133.43321372438515,111.92654089931048,0.0,2.3188007151698526,0.3,0.1985815602836879,0.0,0.0
248,2,0,0,268.981,133,137,222277,428286,-1,427837,未知,Call,38501,163.08,"Apparel, Footwear & Accessories",-1,B,Consigner,857369,6.561617,0.9701,1473467,0.0,0.989669,0,0,1,0,2,0,2,66.60560181682781,40.54514853954838,43.88063407971524,4.272687661064209,0.1515151515151515,0.1012658227848101,0.0,0.0
249,2,0,0,301.666,63,88,227346,39646,-1,-104153,Suspected Lost,Call,-70686,754.46,Hardware,-1,B,Consigner,504345,19.94476,0.881232,163273,2.947021,0.99708,5,0,9,0,0,0,2,87.51932180035882,79.74310528281981,93.95808297694902,0.0,0.2022471910112359,0.2061855670103092,0.2585987261146497,0.0
250,2,0,0,224.509,8,165,89153,195488,-1,427733,未知,Internal Software,-21737,208.29,Maternity & Baby Products,-1,B,Consigner,559441,0.814154,0.987387,781334,0.598304,0.997314,0,2,13,0,0,0,2,53.4968995680882,12.058791888583432,0.0,9.903650304262316,0.12,0.0,0.0,0.5
251,2,1,0,79.071,115,132,183889,168759,-1,427111,未知,Internal Software,392899,228.02,Dried Groceries,-1,B,Unknown,13452,6.585381,0.982858,599003,1.611952,0.964853,0,2,5,3,5,0,2,111.8825499384886,56.88193748364041,83.80393880479427,8.368974954927559,0.4285714285714285,0.1636363636363636,0.2442307692307692,0.0
252,2,1,0,34.858,43,312,208679,320285,-1,-273129,未知,Call,317133,182.23,Documents & Bills,0,C,Consigner,444788,16.74266,0.862999,127011,8.474464,0.999876,0,0,4,0,5,0,2,71.58077320943575,11.59545355040523,11.390866090507476,0.0,0.075,0.0,0.4,0.0
253,2,1,0,13.722,4,152,69936,320779,-1,427862,未知,Call,210132,194.25,Miscellaneous Goods,0,B,Receiver,804440,7.586038,0.999936,364854,14.32096,0.982032,0,0,14,1,4,0,2,60.02737754693536,64.80066655532329,6.820750347383047,1.038121240233301,0.1592356687898089,0.1458333333333333,0.0,0.5
254,2,0,0,365.722,178,100,210238,165194,-1,427779,未知,Call,1281302,1378.7,Pharmaceuticals,0,C,Receiver,191741,36.98604,0.984077,1193658,4.841584,0.990417,0,0,15,1,6,0,2,59.71452989301516,111.92654089931048,7.467450408063128,9.503313111759168,0.1660079051383399,0.1985815602836879,0.0,0.0
255,2,1,0,342.221,1,179,208134,421543,-1,427855,Damage,Call,-14301,1299.94,Fresh,-1,Not Known,Consigner,280923,9.835763,0.998724,263292,5.617102,0.995797,1,0,7,0,0,1,1,69.06443164317325,49.485349035609424,18.989608976862208,1.455355356416322,0.1802721088435374,0.17578125,0.5,0.0
256,2,1,0,51.251,100,25,227346,236968,-1,427841,Pickup Error,Vendor Consultation,711787,1041.84,Miscellaneous Goods,-1,C,Consigner,81859,15.88018,0.99212,457757,0.060626,0.970323,3,6,14,0,6,0,2,57.27817095022288,58.087333342513965,93.95808297694902,0.0,0.1162790697674418,0.14,0.2585987261146497,0.0
257,2,0,0,0.0,211,268,227346,191219,1,427863,Suspected Lost,Internal Software,-80843,235.8,Miscellaneous Goods,0,C,Consigner,24428,0.0,0.977877,587456,0.0,0.974401,5,2,14,0,0,0,2,95.356323113403,130.15540902762945,93.95808297694902,2.417273586146689,0.1041666666666666,0.2727272727272727,0.2585987261146497,0.0
258,2,0,0,63.611,195,137,110996,174205,-1,427715,Suspected Lost,Internal Software,809719,120.06,Miscellaneous Goods,0,C,Consigner,76847,19.02386,0.989856,66946,13.87404,0.997255,5,2,14,0,6,0,2,69.0080565050454,40.54514853954838,47.357171881349046,207.2145488029466,0.125,0.1012658227848101,1.0,0.0
259,2,0,0,0.68,101,100,199261,12225,-1,131106,未知,Call,21775,344.52,Miscellaneous Goods,0,B,Receiver,503477,14.7513,0.967755,184856,15.18667,0.795297,0,0,14,1,2,0,2,94.6704948186992,111.92654089931048,70.13925554206644,0.0,0.2333333333333333,0.1985815602836879,0.2222222222222222,0.0
260,2,1,0,188.501,178,268,5973,228778,-1,-65491,Damage,Call,-18679,1207.82,Jewelry,-1,Not Known,Consigner,91819,129.5801,0.976475,29309,73.22691,0.959765,1,0,12,0,0,0,2,59.71452989301516,130.15540902762945,0.0,246.23665351220905,0.1660079051383399,0.2727272727272727,0.0,0.0
261,3,0,0,25.218,222,179,214638,296558,-1,427789,未知,Call,1184722,1193.16,Miscellaneous Goods,0,C,Consigner,21986,27.8351,0.97796,224502,45.18458,0.988855,0,0,14,0,6,0,2,44.00935888510234,49.485349035609424,2.7313365695141028,45.018880866803634,0.173469387755102,0.17578125,0.0,0.3333333333333333
262,2,1,0,199.858,25,91,62066,183685,-1,427820,未知,Vendor Consultation,98280,818.23,Household Goods,-1,C,Consigner,124554,91.59245,0.996578,148488,1.077332,0.91669,0,6,11,0,3,0,2,88.8237010925776,38.50516592325653,13.543041926777772,13.704681526365146,0.1843137254901961,0.3870967741935484,0.0,0.0
263,2,0,0,630.488,99,198,196587,162450,-1,427856,未知,Call,124863,108.33,Jewelry,-1,B,Consigner,8498,99.61694,0.974145,17364,41.94695,0.928316,0,0,12,0,3,0,2,65.94900544613762,27.951849133840675,19.826428456479725,3.91875777774173,0.211864406779661,0.09375,0.0,0.0
264,2,0,0,70.767,287,150,133479,175480,-1,427862,未知,Call,719375,213.14,Miscellaneous Goods,0,B,Consigner,182993,51.034,0.99956,48162,16.97946,0.96069,0,0,14,0,6,0,2,8.162866826396543,162.57256490877438,10.13316345402984,0.0,0.0,0.1333333333333333,0.0,0.0
265,5,0,0,0.0,272,158,135632,238202,-1,427840,未知,Call,1967128,279.37,Electronic Product,-1,C,Consigner,111730,6.902605,0.99638,186299,25.52894,0.967227,0,0,6,0,6,0,2,7.086745932099015,63.91833902730377,31.06844730191393,0.0,0.0,0.1666666666666666,0.0,0.0
266,2,1,0,294.55,7,271,227346,52910,-1,427833,未知,Call,-49744,155.39,Miscellaneous Goods,-1,B,Consigner,21602,14.32811,0.999028,212833,65.01959,0.988652,0,0,14,0,0,0,2,41.37467782828752,24.09621176644301,93.95808297694902,0.7421298727603949,0.0597014925373134,0.3448275862068966,0.2585987261146497,0.0
267,2,0,0,0.26,178,29,28588,156149,-1,427863,Suspected Lost,Call,1279919,244.62,Pharmaceuticals,-1,C,Consigner,760441,0.514485,0.996057,848645,18.95464,0.983528,5,0,15,0,6,0,2,59.71452989301516,30.86500720980986,20.70409272002897,1.9519670426445488,0.1660079051383399,0.0,0.0,0.0
268,2,0,0,57.533,5,12,22076,11572,-1,-77649,未知,Internal Software,270378,192.06,Jewelry,-1,B,Consigner,228814,56.32848,0.930513,88449,38.46788,0.984934,0,2,12,0,5,0,2,64.35039757274271,78.44682581792124,,0.0,0.0975609756097561,0.2340425531914893,,0.0
269,2,1,0,92.302,25,234,193375,300000,-1,427862,Pickup Error,Internal Software,603000000,1761.76,Pharmaceuticals,-1,B,Consigner,148000000,15.28569,0.99256,100248,15.08303,0.949726,3,2,15,0,6,0,2,88.8237010925776,23.788597837309357,221.39184031958067,163.30068855149273,0.1843137254901961,0.1052631578947368,0.4545454545454545,0.5474358974358975
270,2,0,0,1822.328,181,159,95691,202006,-1,427772,Damage,Call,2371053,3263.18,Miscellaneous Goods,1,B,Unknown,10146,71.53785,0.985973,4959,98.31374,0.992071,1,0,14,3,6,0,2,66.98420127730182,24.26036013092224,32.50150775338351,23.302245674315863,0.1568627450980392,0.25,0.0,0.0
271,2,1,0,6.275,100,200,197461,261188,-1,427853,Suspected Lost,Internal Software,-78310,669.75,Miscellaneous Goods,-1,C,Receiver,106612,4.800883,0.999517,813522,0.0,0.954764,5,2,14,1,0,0,2,57.27817095022288,56.43921018029192,5.520577149658695,2.5573495863010844,0.1162790697674418,0.3333333333333333,0.0,0.0
272,2,0,0,535.644,7,25,14084,152852,-1,427602,Damage,Internal Software,406257,380.37,Furniture,-1,B,Consigner,9988,0.683553,0.955502,794356,10.80225,0.987448,1,2,8,0,5,0,2,41.37467782828752,58.087333342513965,69.64123028029817,5.200611478780669,0.0597014925373134,0.14,0.1481481481481481,0.5
273,2,0,0,39.96,145,178,78181,67701,-1,427802,未知,Call,1125454,478.03,Appliances,-1,B,Consigner,2418,127.6806,0.993553,224533,60.02237,0.937686,0,0,2,0,6,0,2,69.30729146363558,75.72709977879157,4.035261337420945,4.833010073202778,0.1590909090909091,0.2073170731707317,0.0,0.0
274,2,0,0,76.131,3,102,227346,291639,-1,427804,Pickup Error,Internal Software,791626,359.61,Miscellaneous Goods,-1,B,Consigner,36625,60.65213,0.965978,17568,108.5683,0.998393,3,2,14,0,6,0,2,41.966021036266106,127.44248338763862,93.95808297694902,2.002939584315484,0.1538461538461538,0.1789473684210526,0.2585987261146497,0.0
275,2,0,0,157.591,63,42,227346,360543,-1,427863,未知,Vendor Consultation,-82018,326.14,Pharmaceuticals,1,C,Consigner,16685,44.38391,0.99385,384322,3.23867,0.928662,0,6,15,0,0,0,2,87.51932180035882,47.89018349830656,93.95808297694902,0.0,0.2022471910112359,0.0571428571428571,0.2585987261146497,0.0
276,2,0,0,1.456,309,34,223744,300000,-1,427864,Suspected Lost,Internal Software,877000000,796.68,Home Improvement and Building Material,0,B,Consigner,1668,34.54231,0.991885,7660000000,12.14432,0.981166,5,2,10,0,6,0,2,149.60386696145503,62.51602380669991,84.8128817715846,163.30068855149273,0.2777777777777778,0.3157894736842105,0.2727272727272727,0.5474358974358975
277,2,0,0,300.306,125,7,198990,329716,-1,427863,未知,Call,310247,833.16,Fresh,0,C,Consigner,188231,58.4487,0.968824,2805,89.68508,0.988177,0,0,7,0,5,1,1,70.23909957621414,92.30255429171878,0.0,126.86102543779027,0.0793650793650793,0.1935483870967742,0.0,0.0
278,3,0,0,38.583,117,1,171158,399871,-1,427609,未知,Call,132006,548.77,Appliances,0,B,Receiver,187902,27.04965,0.998608,370964,0.0,0.989608,0,0,2,1,3,0,2,57.51283596595224,69.89628878079544,0.0,1.4091893875714776,0.1052631578947368,0.12,0.0,0.0
279,2,0,0,1.072,178,247,183889,261381,-1,-24497,未知,Call,166338,135.18,Miscellaneous Goods,0,B,Consigner,606062,5.959632,0.957477,650969,0.0,0.942723,0,0,14,0,3,0,2,59.71452989301516,125.229724654812,83.80393880479427,0.0,0.1660079051383399,0.0,0.2442307692307692,0.0
280,2,0,0,66.028,3,179,94394,65584,-1,427859,未知,Call,649657,507.47,Pharmaceuticals,0,B,Consigner,39790,47.1102,0.949132,195456,34.37091,0.973573,0,0,15,0,6,0,2,41.966021036266106,49.485349035609424,3.0692083281659173,62.20442571352191,0.1538461538461538,0.17578125,0.0,0.5
281,2,1,0,0.0,140,158,227346,181959,-1,184038,未知,Internal Software,-80596,323.67,Furniture,-1,C,Consigner,232051,0.0,0.992633,621161,0.0,0.94288,0,2,8,0,0,0,2,162.4044975941189,63.91833902730377,93.95808297694902,0.0,0.2,0.1666666666666666,0.2585987261146497,0.0
282,2,0,0,16.453,110,148,64307,102098,-1,427862,未知,Call,801000000,1263.13,Dried Groceries,0,C,Consigner,861082,50.41031,0.977308,446000000,28.12721,0.979762,0,0,5,0,6,0,2,110.78491220508148,186.1115673147385,19.086678377087647,82.94170936782488,0.2539682539682539,0.5,0.1538461538461538,0.4
283,2,0,0,43.233,102,0,101690,415161,-1,427777,未知,Complaint,64150,944.64,"Apparel, Footwear & Accessories",-1,C,Consigner,10,9.271889,0.986926,39882,67.59591,0.992991,0,1,1,0,2,0,2,84.99396693620673,75.01688402479252,4.192613714758773,0.8340294921013357,0.1518987341772152,0.1507692307692307,0.0,0.0
284,2,0,0,57.584,90,222,30767,73158,1,427864,未知,Internal Software,679148,1676.49,Jewelry,0,C,Consigner,330461,65.83984,0.995031,152608,0.0,0.881151,0,2,12,0,6,0,2,70.21834052919762,77.81584876066215,,0.0,0.1290322580645161,0.1598173515981735,,0.0
285,2,0,0,0.0,45,178,227346,384529,-1,427864,Damage,Call,-81474,100.16,Jewelry,-1,C,Consigner,729198,0.0,0.943395,184569,16.19042,0.959936,1,0,12,0,0,0,2,30.36614194836983,75.72709977879157,93.95808297694902,2.396424721523536,0.1666666666666666,0.2073170731707317,0.2585987261146497,0.0
286,5,0,0,56.161,145,103,56171,118269,-1,427827,未知,Call,1484578,245.43,Alcohol,-1,Not Known,Consigner,1676608,2.245703,0.909477,434149,10.64724,0.975188,0,0,0,0,6,0,2,69.30729146363558,65.94505261935754,0.0,56.28676393806101,0.1590909090909091,0.1111111111111111,0.0,0.5
287,2,0,1,236.406,0,144,218512,135173,-1,427840,Pickup Error,Internal Software,19245,2200.04,Dried Groceries,-1,B,Unknown,98110,32.82742,0.906612,236009,37.69887,0.999317,3,2,5,3,2,0,2,57.22795965470159,181.3163918567093,9.04716930918849,52.339392656116935,0.1678082191780822,0.2727272727272727,0.0,0.0
288,2,0,0,0.0,103,179,212779,142469,-1,19207,未知,Internal Software,42008,141.68,Miscellaneous Goods,0,C,Consigner,715624,11.33849,0.947507,1332386,0.0,0.646714,0,2,14,0,2,0,2,63.60914429442057,49.485349035609424,33.320362345409855,0.0,0.0769230769230769,0.17578125,0.1,0.0
289,2,0,0,77.508,127,203,151568,244428,-1,427860,Pickup Error,Call,135105,448.89,Home Improvement and Building Material,0,C,Receiver,1340761,8.182119,0.949348,539894,0.233584,0.990438,3,0,10,1,3,0,2,59.84735359218162,73.82922603912272,4.207527634158423,195.15305157593124,0.1397849462365591,0.25,0.0,0.0
290,2,0,0,0.0,185,89,85626,70597,-1,427797,Suspected Lost,Call,169978,122.1,Alcohol,-1,B,Unknown,794510,6.404663,0.956229,927322,0.0,0.984178,5,0,0,3,3,0,2,64.67006111935692,66.91243902018225,4.537045501875103,0.0,0.1851851851851851,0.1875,0.0,0.0
291,2,1,0,109.871,151,234,165876,75881,-1,427835,未知,Call,28583,103.33,Appliances,0,C,Consigner,666168,8.749763,0.971563,349629,0.276999,0.991912,0,0,2,0,2,0,2,55.000321274151965,23.788597837309357,19.950315514615216,2.262510443375299,0.0828402366863905,0.1052631578947368,0.0,0.0
292,2,0,0,0.019,179,14,224964,62642,-1,61869,未知,Call,836034,848.53,Maternity & Baby Products,-1,Not Known,Consigner,505367,26.92821,0.787629,563583,97.7642,0.997465,0,0,13,0,6,0,2,56.8349237193444,62.29691250575112,0.5038418899805038,,0.1497584541062802,0.125,0.0,
293,2,1,0,107.824,1,164,213815,76332,-1,47851,未知,Call,776246,195.59,Dried Groceries,-1,C,Consigner,79258,12.08782,0.953183,211958,38.83669,0.99855,0,0,5,0,6,0,2,69.06443164317325,49.08316346381199,,7.287222392570853,0.1802721088435374,0.1458333333333333,,0.0
294,3,0,0,0.883,178,178,122382,284913,-1,427861,未知,Call,-72281,113.28,Household Goods,-1,Not Known,Consigner,215605,1.468554,0.988413,2792149,0.0,0.979489,0,0,11,0,0,0,2,59.71452989301516,75.72709977879157,0.0,0.0,0.1660079051383399,0.2073170731707317,0.0,0.0
295,2,0,0,2.252,118,187,162370,124896,-1,-14141,未知,Internal Software,336488,119.25,Maternity & Baby Products,-1,C,Staff,309237,6.450103,0.878437,760921,9.758572,0.962169,0,2,13,2,5,0,2,53.14439242584009,71.38613126413931,0.0,,0.0,0.1777777777777777,0.0,
296,2,0,0,292.545,146,341,227346,132924,-1,427843,Suspected Lost,Call,169979,431.91,Pharmaceuticals,1,Not Known,Receiver,1512,14.03655,0.949611,353565,19.79366,0.998869,5,0,15,1,3,0,2,75.50373567911244,205.6119936530397,93.95808297694902,0.0,0.3,0.5,0.2585987261146497,0.0
297,2,0,0,557.609,1,110,183889,78795,-1,427863,Pickup Error,Mini Program,-75174,1085.82,Miscellaneous Goods,0,B,Consigner,546389,23.55306,0.967762,894845,20.43919,0.92151,3,4,14,0,0,0,2,69.06443164317325,63.258594293395895,83.80393880479427,2.322157335833168,0.1802721088435374,0.1219512195121951,0.2442307692307692,0.0
298,2,0,0,566.218,194,268,130852,367413,-1,427815,Pickup Error,Internal Software,-22283,377.35,Miscellaneous Goods,-1,Not Known,Consigner,211342,15.30243,0.986966,438884,15.09034,0.951091,3,2,14,0,0,0,2,149.3218894878137,130.15540902762945,1.462932685207364,0.0,0.375,0.2727272727272727,0.0,0.0
299,2,0,0,0.0,211,222,227346,170389,-1,427777,未知,Internal Software,-81099,141.72,Miscellaneous Goods,-1,B,Consigner,235375,4.936455,0.999685,2466752,0.0,0.954933,0,2,14,0,0,0,2,95.356323113403,77.81584876066215,93.95808297694902,1.7249309519454428,0.1041666666666666,0.1598173515981735,0.2585987261146497,0.0
300,2,0,0,79.728,268,222,222881,300000,-1,417325,Pickup Error,Call,794000000,5424.79,Jewelry,-1,Not Known,Consigner,67955300,8.849577,0.972206,79720343,22.39821,0.80065,3,0,12,0,6,0,2,96.84596855953218,77.81584876066215,115.49779051682847,163.30068855149273,0.1823899371069182,0.1598173515981735,0.2142857142857142,0.5474358974358975
301,3,1,0,62.055,99,125,200744,217686,-1,427807,Suspected Lost,Internal Software,-73318,715.34,Pharmaceuticals,-1,B,Consigner,250054,51.63177,0.99314,356914,11.52752,0.978495,5,2,15,0,0,0,2,65.94900544613762,73.66751450015366,3.707164575392917,42.351706460927694,0.211864406779661,0.1523809523809524,0.0,0.0
302,2,0,0,216.575,241,47,67327,362093,-1,427837,Damage,Call,147246,2453.0,Documents & Bills,0,Not Known,Receiver,40247,16.73724,0.975792,74834,12.89954,0.995399,1,0,4,1,3,0,2,143.11707551916317,133.85710800365322,1.3196365418957243,119.7402355315706,0.4285714285714285,0.1333333333333333,0.0,0.0
303,5,0,0,64.551,190,83,183889,383361,-1,83405,Suspected Lost,Call,293968,103.17,Fresh,0,C,Receiver,659500,52.21216,0.976954,336164,14.16001,0.99365,5,0,7,1,5,1,1,73.48402451815683,65.91514331433044,83.80393880479427,3.4853975238341746,0.1560693641618497,0.1290322580645161,0.2442307692307692,0.0
304,2,1,0,174.19,209,102,173185,393902,-1,50820,Pickup Error,Call,328182,1815.21,Miscellaneous Goods,-1,B,Consigner,76366,39.30564,0.992044,96406,21.21231,0.890604,3,0,14,0,5,0,2,10.618390271369725,127.44248338763862,47.5324250684767,0.0,0.0,0.1789473684210526,0.3333333333333333,0.0
305,2,0,0,98.805,4,25,217393,400129,-1,427845,Damage,Call,49955,1072.04,Electronic Product,-1,Not Known,Receiver,560601,35.40224,0.999845,550776,12.25387,0.997803,1,0,6,1,2,0,2,60.02737754693536,58.087333342513965,0.0,3.368200836820084,0.1592356687898089,0.14,0.0,0.0
306,2,1,0,168.984,244,253,176599,10693,-1,427861,Damage,Mini Program,-10298,1190.6,Pharmaceuticals,0,B,Consigner,11292,155.6431,0.99753,134127,15.30274,0.963763,1,4,15,0,0,0,2,62.08371497907519,69.88451229595863,17.67623573510669,11.389931484015522,0.1346153846153846,0.208955223880597,0.0,0.25
307,3,0,1,94.178,179,130,41438,337130,-1,427772,未知,Call,888104,947.1,Miscellaneous Goods,-1,C,Consigner,178376,0.0,0.992116,706086,0.304233,0.984558,0,0,14,0,6,0,2,56.8349237193444,42.32195994529707,69.36680837472251,12.625377431837723,0.1497584541062802,0.125,0.0,0.0
308,2,0,0,0.0,151,0,213471,326453,-1,81362,未知,Call,-25035,104.8,Miscellaneous Goods,0,C,Receiver,297173,0.0,0.986677,609254,0.0,0.977353,0,0,14,1,0,0,2,55.000321274151965,75.01688402479252,1.8677763941595376,1.5700000608061682,0.0828402366863905,0.1507692307692307,0.25,0.0
309,2,0,0,20.718,179,41,210224,146014,-1,-44625,未知,Mini Program,61019,743.22,"Apparel, Footwear & Accessories",0,C,Receiver,156340,17.94634,0.998049,375257,14.62133,0.949061,0,4,1,1,2,0,2,56.8349237193444,13.251155129314414,104.2336083369518,3.1581983982435564,0.1497584541062802,0.0,1.0,0.0
310,2,0,0,17.789,185,112,57786,243427,-1,78728,未知,Call,268543,726.42,"Apparel, Footwear & Accessories",-1,B,Receiver,18839,24.49462,0.934664,108560,48.32062,0.971204,0,0,1,1,5,0,2,64.67006111935692,102.38596657017575,0.8733930325833689,11.844888682081754,0.1851851851851851,0.4,0.3333333333333333,0.0
311,2,1,0,307.606,1,278,41690,252348,-1,63166,Suspected Lost,Call,2236230,227.39,Pharmaceuticals,0,C,Consigner,586954,31.90548,0.893162,556228,0.0,0.931763,5,0,15,0,6,0,2,69.06443164317325,46.0922146974701,,0.3490551962584086,0.1802721088435374,0.0434782608695652,,0.0
312,2,0,0,119.29,146,1,183889,65062,-1,427862,Pickup Error,Call,-46725,934.52,Miscellaneous Goods,0,B,Receiver,11202,28.61619,0.984314,87468,20.35967,0.994346,3,0,14,1,0,0,2,75.50373567911244,69.89628878079544,83.80393880479427,0.0,0.3,0.12,0.2442307692307692,0.0
313,2,1,0,9.157,64,0,182715,214699,-1,153228,Pickup Error,Call,35812,137.88,Dried Groceries,0,C,Receiver,624255,19.80712,0.948112,93789,2.727538,0.972299,3,0,5,1,2,0,2,29.26462912623248,75.01688402479252,235.76023391812865,,0.2142857142857142,0.1507692307692307,2.0,
314,2,0,0,448.635,2,1,143044,269455,-1,427847,未知,Internal Software,137024,1011.04,Miscellaneous Goods,-1,C,Consigner,70308,70.27177,0.945769,339216,78.11732,0.982717,0,2,14,0,3,0,2,56.04468495785089,69.89628878079544,45.16510751774207,14.31283579934428,0.0935960591133004,0.12,0.1111111111111111,0.0
315,2,1,0,795.127,187,133,213225,130498,-1,427864,未知,Call,-20186,1637.11,Miscellaneous Goods,0,Not Known,Staff,434565,106.1088,0.942889,16648,46.62862,0.981621,0,0,14,2,0,0,2,50.57901513935886,67.74347839244929,0.0,0.0,0.1261261261261261,0.1929824561403508,0.0,0.0
316,2,0,0,17.743,182,102,162674,432997,-1,427863,Damage,Internal Software,708905,221.47,Fresh,0,C,Receiver,14008,25.53461,0.999724,758887,1.8947,0.92607,1,2,7,1,6,1,1,22.285995961952302,127.44248338763862,34.10366209079756,2.647002958607559,0.1111111111111111,0.1789473684210526,0.0,0.0
317,2,0,0,7.952,146,280,165387,58147,-1,-214104,Pickup Error,Call,311333,326.96,Hardware,0,Not Known,Consigner,264624,3.423649,0.987856,69325,11.15889,0.963121,3,0,9,0,5,0,2,75.50373567911244,7.709991029326747,36.7807246918192,1.32799340749897,0.3,0.25,0.0,0.0
318,2,0,0,860.979,13,164,116485,50054,-1,427844,未知,Call,1407418,1027.46,Miscellaneous Goods,-1,C,Receiver,173028,138.3352,0.983968,19964,26.70731,0.730653,0,0,14,1,6,0,2,117.72169897217258,49.08316346381199,241.5816111653881,6.792938221064384,0.2748538011695906,0.1458333333333333,0.25,0.0
319,2,0,0,490.908,146,0,175901,407733,-1,427854,未知,Call,80298,751.25,Pharmaceuticals,0,B,Consigner,9307,92.3803,0.998878,44361,75.15579,0.999782,0,0,15,0,2,0,2,75.50373567911244,75.01688402479252,513.2553902043193,0.0,0.3,0.1507692307692307,0.3333333333333333,0.0
320,2,0,0,0.0,3,222,183889,1552,-1,427763,Suspected Lost,Call,-67425,129.47,Dried Groceries,-1,C,Consigner,237746,0.0,0.984994,1513794,5.297045,0.995467,5,0,5,0,0,0,2,41.966021036266106,77.81584876066215,83.80393880479427,0.0,0.1538461538461538,0.1598173515981735,0.2442307692307692,0.0
321,2,0,0,1.355,146,198,227346,256961,-1,427752,未知,Call,-69491,181.64,Electronic Product,-1,B,Receiver,29168,6.050351,0.99894,333018,0.588999,0.942714,0,0,6,1,0,0,2,75.50373567911244,27.951849133840675,93.95808297694902,56.39723926380368,0.3,0.09375,0.2585987261146497,0.0
322,2,0,0,660.7,181,178,212392,201314,-1,427864,Pickup Error,Call,276961,280.1,Maternity & Baby Products,0,B,Unknown,26915,14.96183,0.981151,190244,56.12336,0.960627,3,0,13,3,5,0,2,66.98420127730182,75.72709977879157,0.0,0.0,0.1568627450980392,0.2073170731707317,0.0,0.0
323,1,0,0,127.815,151,215,227346,231373,-1,427714,未知,Call,1611051,563.15,Dried Groceries,-1,B,Consigner,74676,29.95475,0.993323,621815,14.24851,0.945265,0,0,5,0,6,0,2,55.000321274151965,76.55751163645215,93.95808297694902,60.438244723745626,0.0828402366863905,0.1515151515151515,0.2585987261146497,0.0
324,2,0,0,16.198,4,211,176209,448380,-1,78939,Suspected Lost,Call,3418302,100.53,Hardware,-1,B,Receiver,75781,11.51266,0.872903,22836,6.820753,0.989491,5,0,9,1,6,0,2,60.02737754693536,74.44213332427378,,,0.1592356687898089,0.2777777777777778,,
325,2,0,0,74.05,43,178,184070,424660,-1,-21501,未知,Internal Software,5569,1128.97,Hardware,0,C,Consigner,7302,38.69858,0.785083,613945,18.59696,0.92268,0,2,9,0,2,0,2,71.58077320943575,75.72709977879157,1.6690801983005978,1.3857254398153729,0.075,0.2073170731707317,0.0,0.0
326,2,1,0,582.038,90,132,224001,270764,-1,427767,未知,Call,207321,141.01,Household Goods,0,B,Receiver,75643,26.40922,0.949219,16425,69.42688,0.999691,0,0,11,1,4,0,2,70.21834052919762,56.88193748364041,27.511436845289797,,0.1290322580645161,0.1636363636363636,0.0,
327,2,0,0,7.175,5,88,227346,300000,1,427836,未知,Call,605000000,3032.13,Miscellaneous Goods,0,B,Staff,21690,48.3978,0.920003,9520000000,3.235288,0.962671,0,0,14,2,6,0,2,64.35039757274271,79.74310528281981,93.95808297694902,163.30068855149273,0.0975609756097561,0.2061855670103092,0.2585987261146497,0.5474358974358975
328,2,0,0,21.402,117,300,149702,79913,-1,-28662,未知,Call,-30423,894.6,Jewelry,0,B,Receiver,232934,0.0,0.839581,248011,3.17356,0.966058,0,0,12,1,0,0,2,57.51283596595224,0.0,,0.0,0.1052631578947368,0.0,,0.0
329,5,0,0,562.885,111,121,187219,35500,-1,57865,Suspected Lost,Complaint,1381753,121.29,Fresh,0,B,Consigner,26093,17.2557,0.927694,253826,29.33781,0.962106,5,1,7,0,6,1,1,55.72588842983137,33.63318266760793,230.099925258773,0.0,0.0384615384615384,0.1,0.0,0.0
330,5,0,0,627.551,151,151,54678,348818,-1,-37440,未知,Internal Software,-31770,292.82,Dried Groceries,0,C,Consigner,113055,49.70364,0.930972,490090,0.0,0.969515,0,2,5,0,0,0,2,55.000321274151965,62.91307713975876,52.45204005107265,,0.0828402366863905,0.1176470588235294,0.0,
331,2,0,0,164.688,217,37,11505,326655,-1,28570,Pickup Error,Call,352786,236.91,Alcohol,0,C,Receiver,63582,62.06525,0.965548,146744,204.5424,0.964977,3,0,0,1,5,0,2,126.03523867460144,71.26297526452987,,0.0,0.2,0.2033898305084746,,0.0
332,2,0,0,499.869,202,79,194774,193312,-1,427802,未知,Internal Software,91749,2270.08,Miscellaneous Goods,0,C,Receiver,5077,28.73281,0.990095,62838,34.82802,0.8567,0,2,14,1,3,0,2,51.83271341060174,41.96640113648718,1.0340034097083013,0.0,0.3333333333333333,0.2758620689655172,0.0,0.0
333,2,0,0,0.0,146,8,198058,217089,-1,427703,未知,Internal Software,1118859,528.76,Miscellaneous Goods,-1,B,Consigner,847247,0.0,0.970725,714546,0.0,0.981892,0,2,14,0,6,0,2,75.50373567911244,37.613581290440536,43.33347943050635,1.841088773435735,0.3,0.0,0.3684210526315789,0.0
334,2,0,0,1.629,268,0,15877,435959,-1,427839,Pickup Error,Call,-36873,361.81,Miscellaneous Goods,1,B,Consigner,165275,34.06621,0.930984,751585,12.37438,0.993044,3,0,14,0,0,0,2,96.84596855953218,75.01688402479252,46.97040480882532,295.24945770065074,0.1823899371069182,0.1507692307692307,0.1827956989247312,0.0
335,2,0,0,356.554,179,20,218116,88417,-1,23974,Damage,Internal Software,-81905,1224.49,Miscellaneous Goods,2,C,Unknown,355484,0.0,0.994699,1073104,0.0,0.809808,1,2,14,3,0,0,2,56.8349237193444,37.02322078222722,0.0,,0.1497584541062802,0.1428571428571428,0.0,
336,2,0,0,1589.782,134,222,157762,291441,-1,427859,Pickup Error,Call,3749632,531.74,Electronic Product,0,B,Consigner,525493,47.14188,0.998013,110813,75.89987,0.945291,3,0,6,0,6,0,2,42.53778943894619,77.81584876066215,0.0,0.0,0.1538461538461538,0.1598173515981735,0.0,0.0
337,2,0,0,0.0,40,190,213678,146495,-1,427840,Damage,Internal Software,795229,1054.49,Documents & Bills,-1,C,Consigner,2707,58.58037,0.994114,109405,13.74658,0.960252,1,2,4,0,6,0,2,13.814102694348689,47.29286625931772,0.5735928645934,173.36900609039634,0.3478260869565217,0.1052631578947368,0.0,0.8
338,2,0,0,0.0,89,97,214688,127111,-1,56791,Damage,Internal Software,236188,454.02,Household Goods,0,C,Consigner,55883,54.38023,0.942511,1032176,10.0808,0.999766,1,2,11,0,4,0,2,56.62852339692903,13.791098319222607,0.0,0.0,0.1,0.0,0.0,0.0
339,2,0,0,807.697,0,253,103956,196521,-1,427864,未知,Call,288555,588.32,Jewelry,0,C,Receiver,52723,14.99965,0.99697,40681,72.82174,0.971962,0,0,12,1,5,0,2,57.22795965470159,69.88451229595863,135.0629053090196,4.538399142791336,0.1678082191780822,0.208955223880597,0.0,0.0
340,2,1,0,4.528,142,99,65103,240001,-1,427748,Pickup Error,Internal Software,332895,560.27,Miscellaneous Goods,0,B,Unknown,82619,35.27767,0.999183,852351,0.0,0.933927,3,2,14,3,5,0,2,91.575345523678,39.75074374258253,8.592378981639552,7.301250868331287,0.1756756756756756,0.1505376344086021,0.0,0.0
341,2,0,0,180.721,0,179,141904,110750,-1,427864,未知,Vendor Consultation,-81928,318.81,Miscellaneous Goods,-1,B,Consigner,198291,26.43083,0.999787,121073,52.62466,0.949446,0,6,14,0,0,0,2,57.22795965470159,49.485349035609424,1.710610715370852,1.3069230195990758,0.1678082191780822,0.17578125,0.0,0.0
342,2,0,0,0.0,155,268,227346,173420,-1,-40695,Pickup Error,Call,176464,1169.67,Electronic Product,0,B,Receiver,110510,57.00009,0.997928,131908,18.13042,0.972397,3,0,6,1,4,0,2,26.409335201957536,130.15540902762945,93.95808297694902,0.4201138195608893,0.1666666666666666,0.2727272727272727,0.2585987261146497,0.0
343,2,0,0,456.979,25,110,198141,415692,-1,235453,Damage,Internal Software,78959,512.34,Home Improvement and Building Material,0,C,Receiver,30,31.9773,0.999972,113795,56.85351,0.972907,1,2,10,1,2,0,2,88.8237010925776,63.258594293395895,0.0,,0.1843137254901961,0.1219512195121951,0.0,
344,2,1,0,24.464,2,135,227346,299478,-1,427804,Pickup Error,Call,-59401,263.3,Dried Groceries,0,B,Consigner,119804,90.58476,0.994748,80057,83.84096,0.988054,3,0,5,0,0,0,2,56.04468495785089,125.17131951667804,93.95808297694902,38.597869803745766,0.0935960591133004,0.3414634146341463,0.2585987261146497,0.0
345,2,0,0,1.345,101,178,135632,449767,-1,427817,Pickup Error,Call,359322,779.56,Miscellaneous Goods,-1,B,Consigner,189050,38.29359,0.998397,348175,18.98708,0.919216,3,0,14,0,5,0,2,94.6704948186992,75.72709977879157,31.06844730191393,344.27,0.2333333333333333,0.2073170731707317,0.0,0.0
346,2,0,0,0.0,146,244,227346,394025,-1,-1699,Suspected Lost,Call,685884,167.15,Hardware,-1,Not Known,Consigner,1052368,0.0,0.613455,436097,24.00169,0.992581,5,0,9,0,6,0,2,75.50373567911244,48.83952358528552,93.95808297694902,7.506490305048142,0.3,0.1923076923076923,0.2585987261146497,0.0
347,1,0,0,97.592,0,222,162674,80496,-1,427864,未知,Internal Software,227545,274.26,Electronic Product,-1,Not Known,Receiver,131010,67.56073,0.990826,126336,19.85622,0.998543,0,2,6,1,4,0,2,57.22795965470159,77.81584876066215,34.10366209079756,2.9542267426771214,0.1678082191780822,0.1598173515981735,0.0,0.5
348,2,0,0,40.513,153,97,220087,158735,-1,427836,Pickup Error,Vendor Consultation,-64313,364.59,Household Goods,1,C,Consigner,126924,8.415415,0.983134,58436,13.11361,0.99411,3,6,11,0,0,0,2,15.382016431597313,13.791098319222607,46.31054781771025,0.0,0.0952380952380952,0.0,0.0,0.0
349,2,0,0,72.774,188,178,124262,67706,-1,10158,Pickup Error,Call,97224,327.33,Hardware,0,B,Consigner,17622,0.104671,0.883556,411309,56.64893,0.973762,3,0,9,0,3,0,2,47.62317230513968,75.72709977879157,,,0.2051282051282051,0.2073170731707317,,
350,2,0,0,66.498,93,83,18422,245424,-1,-22960,Suspected Lost,Call,27530,331.7,Hardware,0,C,Unknown,7501,0.747763,0.891706,606105,11.90957,0.86522,5,0,9,3,2,0,2,66.74115822236953,65.91514331433044,12.643238075552953,0.0,0.1304347826086956,0.1290322580645161,0.0,0.0
351,2,0,0,98.544,183,129,207125,85105,-1,427864,Damage,Call,95523,241.39,Furniture,-1,C,Receiver,40102,0.528662,0.999092,744819,11.66228,0.961954,1,0,8,1,3,0,2,25.522374298572164,32.940966148420515,0.0,0.0,0.1666666666666666,0.2285714285714285,0.0,0.0
352,2,0,0,40.607,243,178,41099,403990,-1,-16193,Pickup Error,Mini Program,1689563,143.69,Pharmaceuticals,0,B,Consigner,28363,51.70828,0.995863,1186845,4.94238,0.946616,3,4,15,0,6,0,2,104.36248190748378,75.72709977879157,0.0,0.0,0.1923076923076923,0.2073170731707317,0.0,0.0
353,2,0,0,648.16,99,2,175922,189373,-1,427757,Damage,Internal Software,-77300,1496.58,"Apparel, Footwear & Accessories",-1,C,Consigner,225727,11.97568,0.933201,131380,130.1265,0.953517,1,2,1,0,0,0,2,65.94900544613762,93.3192184944359,,7.893681929654671,0.211864406779661,0.1111111111111111,,0.3333333333333333
354,2,1,0,160.841,1,268,224826,36370,-1,427831,未知,Call,350323,434.64,Miscellaneous Goods,-1,B,Consigner,140861,0.0,0.954627,29918,16.25378,0.895523,0,0,14,0,5,0,2,69.06443164317325,130.15540902762945,52.8716761853076,0.2249858499465442,0.1802721088435374,0.2727272727272727,0.0909090909090909,0.0
355,2,0,0,55.217,140,109,127164,17506,-1,427752,Damage,Vendor Consultation,460829,1873.62,"Apparel, Footwear & Accessories",1,B,Consigner,1081452,11.81453,0.954357,1008549,5.980656,0.975519,1,6,1,0,5,0,2,162.4044975941189,30.366206626535966,1.7525480854925215,0.0,0.2,0.0952380952380952,2.0,0.0
356,2,0,1,26.176,63,222,46301,426693,-1,427855,Damage,Internal Software,58579,3596.33,Miscellaneous Goods,-1,B,Receiver,24856,38.80939,0.996018,520112,80.54864,0.99133,1,2,14,1,2,0,2,87.51932180035882,77.81584876066215,101.81004319129738,211.0576789437109,0.2022471910112359,0.1598173515981735,0.0,0.0
357,2,0,0,42.148,268,6,114566,171638,-1,427827,未知,Call,1307091,106.61,Electronic Product,0,B,Consigner,1154305,2.182923,0.933805,910905,0.948863,0.955051,0,0,6,0,6,0,2,96.84596855953218,77.94187064631588,2.5337101384307994,0.0,0.1823899371069182,0.1875,0.2,0.0
358,2,0,0,0.0,25,53,183889,234631,-1,427770,Damage,Call,409856,399.42,Miscellaneous Goods,-1,B,Consigner,103309,40.4636,0.995798,263939,39.74665,0.975213,1,0,14,0,5,0,2,88.8237010925776,13.911678238445312,83.80393880479427,0.0,0.1843137254901961,0.2,0.2442307692307692,0.0
359,2,0,0,166.097,165,25,68300,358938,-1,427862,未知,Internal Software,-57554,108.9,Dried Groceries,0,C,Consigner,403845,21.41566,0.988081,580588,17.87183,0.990884,0,2,5,0,0,0,2,17.28062430122183,58.087333342513965,0.0,,0.0,0.14,0.0,
360,2,1,0,396.082,143,181,103615,9346,-1,427853,未知,Call,64666,543.76,Jewelry,0,C,Receiver,101571,49.37223,0.993509,156168,18.33384,0.990233,0,0,12,1,2,0,2,38.45695991907031,45.1926466370765,13.963463921970147,49.39352069303981,0.1136363636363636,0.2325581395348837,0.0,0.0
361,2,0,0,444.752,190,42,3081,70719,-1,427828,Damage,Call,-55519,364.3,Dried Groceries,-1,C,Consigner,50545,7.014075,0.962076,602302,1.52097,0.959731,1,0,5,0,0,0,2,73.48402451815683,47.89018349830656,,0.5117753829217143,0.1560693641618497,0.0571428571428571,,0.0
362,2,0,0,99.444,25,185,48993,43207,-1,-37105,Suspected Lost,Call,24986,277.2,Electronic Product,-1,C,Receiver,238186,12.67413,0.985517,546001,5.943217,0.958153,5,0,6,1,2,0,2,88.8237010925776,82.10025254899978,0.0,8.248267238452911,0.1843137254901961,0.2025316455696202,0.0,0.0
363,1,0,0,467.047,179,76,38496,300000,-1,427864,Pickup Error,Call,348000000,1006.22,Home Improvement and Building Material,-1,C,Consigner,1516,63.90291,0.955918,3930000000,37.22813,0.8737,3,0,10,0,6,0,2,56.8349237193444,104.46696466604024,48.405517965292255,163.30068855149273,0.1497584541062802,0.3043478260869565,0.4545454545454545,0.5474358974358975
364,2,0,0,45.284,13,2,227346,187848,-1,41767,Damage,Internal Software,115236,972.36,Pharmaceuticals,-1,B,Consigner,484775,6.376203,0.966956,393717,29.01203,0.973801,1,2,15,0,3,0,2,117.72169897217258,93.3192184944359,93.95808297694902,0.0,0.2748538011695906,0.1111111111111111,0.2585987261146497,0.0
365,2,0,0,518.352,0,180,32380,189373,-1,-6769,Pickup Error,Call,387602,771.07,Furniture,0,B,Consigner,46729,323.7143,0.700629,2048,129.446,0.996514,3,0,8,0,5,0,2,57.22795965470159,113.61191858430128,,7.893681929654671,0.1678082191780822,0.0,,0.3333333333333333
366,2,0,0,121.148,185,145,130131,49445,-1,427842,未知,Call,1075680,2080.9,Alcohol,0,B,Consigner,183326,26.00337,0.994858,100813,37.45167,0.995015,0,0,0,0,6,0,2,64.67006111935692,51.36364548905606,0.0,0.0,0.1851851851851851,0.1290322580645161,0.0,0.0
367,2,0,0,158.571,88,13,205623,413582,-1,427860,Pickup Error,Internal Software,75883,120.18,Maternity & Baby Products,0,B,Receiver,113677,1.030623,0.998015,281286,23.0416,0.825299,3,2,13,1,2,0,2,116.52863038936586,58.69138621086622,0.0,0.0,0.0925925925925925,0.0909090909090909,0.0,0.0
368,2,0,0,32.309,190,0,139364,44781,1,427835,未知,Mini Program,5472775,173.51,Beauty & Daily Essentials,-1,B,Consigner,1234873,15.94824,0.919421,400109,21.8802,0.801744,0,4,3,0,6,0,2,73.48402451815683,75.01688402479252,4.243700519791513,143.91374346261514,0.1560693641618497,0.1507692307692307,0.0,0.0
369,2,0,0,554.464,163,0,217837,107382,-1,427838,未知,Call,48315,2772.67,Alcohol,0,Not Known,Consigner,352420,56.68129,0.98435,198700,49.16915,0.999434,0,0,0,0,2,0,2,18.32935505173457,75.01688402479252,19.34282065712325,0.0,0.0,0.1507692307692307,0.0,0.0
370,2,1,1,38.277,101,102,81282,325603,-1,-130690,未知,Internal Software,49023,682.63,Hardware,-1,C,Consigner,155130,20.54722,0.896879,469291,0.0,0.936967,0,2,9,0,2,0,2,94.6704948186992,127.44248338763862,0.0,552.0071118135126,0.2333333333333333,0.1789473684210526,0.0,0.0
371,3,1,0,121.109,320,187,93121,383954,-1,-93656,未知,Internal Software,621020,1174.17,Home Improvement and Building Material,0,B,Consigner,236345,12.21391,0.931183,721175,9.481036,0.988209,0,2,10,0,6,0,2,7.997851046799347,71.38613126413931,11.624038050973112,0.0,0.1428571428571428,0.1777777777777777,0.0,0.0
372,2,1,0,53.089,218,99,212632,243427,-1,427864,未知,Call,172861,303.8,Alcohol,0,Not Known,Consigner,174663,2.006244,0.978111,932398,27.36569,0.972221,0,0,0,0,4,0,2,45.42517437856351,39.75074374258253,5.844615892648074,11.844888682081754,0.3333333333333333,0.1505376344086021,0.0,0.0
373,2,0,0,9.303,107,6,134361,147967,-1,-168072,未知,Vendor Consultation,1171281,200.1,Hardware,-1,B,Consigner,455808,0.667831,0.966727,497668,3.379872,0.994899,0,6,9,0,6,0,2,69.59539401792847,77.94187064631588,,0.0,0.135593220338983,0.1875,,0.0
374,2,0,0,195.2,164,0,15877,399276,-1,53179,未知,Vendor Consultation,-25091,1051.83,Fresh,-1,C,Consigner,4713,48.66252,0.998373,28871,15.05565,0.935687,0,6,7,0,0,1,1,59.72498410518864,75.01688402479252,46.97040480882532,39.595190727445726,0.1617647058823529,0.1507692307692307,0.1827956989247312,0.0
375,2,0,0,741.373,121,226,184209,211466,-1,427862,Damage,Call,-79195,318.96,Miscellaneous Goods,-1,Not Known,Consigner,265974,71.28515,0.966002,381459,8.247784,0.999216,1,0,14,0,0,0,2,13.574390773595596,33.376562481963404,207.5233372303657,0.0,0.0,0.0980392156862745,0.4375,0.0
376,2,0,0,394.412,27,178,227346,300000,-1,427864,Suspected Lost,Call,162000000,1276.57,Appliances,0,C,Consigner,53877738,1.779063,0.95396,560000000,40.34659,0.98156,5,0,2,0,6,0,2,94.032370683866,75.72709977879157,93.95808297694902,163.30068855149273,0.0983606557377049,0.2073170731707317,0.2585987261146497,0.5474358974358975
377,2,1,0,53.759,187,158,107736,260576,-1,33273,未知,Call,67825,1091.15,Hardware,0,C,Unknown,190076,7.971388,0.995908,341746,13.17104,0.86399,0,0,9,3,2,0,2,50.57901513935886,63.91833902730377,,,0.1261261261261261,0.1666666666666666,,
378,2,0,0,304.862,309,32,71914,177473,-1,427864,Damage,Call,143630,703.34,Maternity & Baby Products,0,B,Unknown,409984,9.91265,0.988003,315607,13.5679,0.996862,1,0,13,3,3,0,2,149.60386696145503,47.11867262884511,23.579723569924496,53.49979344365872,0.2777777777777778,0.0625,0.0,0.0
379,2,0,0,37.621,0,39,205604,413191,-1,-12674,Pickup Error,Internal Software,21421,226.01,Beauty & Daily Essentials,-1,C,Consigner,44302,24.70102,0.870315,5835,62.70945,0.999976,3,2,3,0,2,0,2,57.22795965470159,44.92391936878398,61.82169041782026,,0.1678082191780822,0.0,0.4166666666666667,
380,2,1,0,327.991,88,38,183889,401945,-1,427830,Pickup Error,Vendor Consultation,-26681,658.69,Furniture,0,C,Receiver,117699,34.52521,0.995094,164066,2.035214,0.998668,3,6,8,1,0,0,2,116.52863038936586,37.71779182770192,83.80393880479427,17.23283015095471,0.0925925925925925,0.125,0.2442307692307692,0.0
381,2,1,0,35.267,252,197,181526,426803,-1,427863,Suspected Lost,Vendor Consultation,-30133,380.44,Home Improvement and Building Material,-1,Not Known,Consigner,35632,10.46911,0.868726,70629,94.16303,0.999163,5,6,10,0,0,0,2,76.44545977535991,63.769979151069016,9.531390416037546,0.0,0.2105263157894736,0.208955223880597,0.0,0.0
382,2,0,0,4.483,185,0,126695,208406,-1,427809,Damage,Complaint,-60045,438.06,Electronic Product,-1,C,Consigner,15211,23.13544,0.974215,441097,19.47918,0.822169,1,1,6,0,0,0,2,64.67006111935692,75.01688402479252,57.06973849851224,0.0,0.1851851851851851,0.1507692307692307,0.0,0.0
383,2,1,1,288.512,134,88,178240,208272,1,427861,Damage,Call,-76264,516.49,Documents & Bills,0,B,Consigner,106539,60.17062,0.98646,69550,4.666298,0.808403,1,0,4,0,0,0,2,42.53778943894619,79.74310528281981,31.682952422817607,25.554361454415183,0.1538461538461538,0.2061855670103092,0.0,0.0
384,2,0,0,0.0,38,33,227346,300000,-1,427853,未知,Call,347000000,969.09,Household Goods,-1,C,Consigner,26277208,2.817649,0.948412,39627090,7.182489,0.995579,0,0,11,0,6,0,2,83.3897689719621,36.78825873504067,93.95808297694902,163.30068855149273,0.3442622950819672,0.3225806451612903,0.2585987261146497,0.5474358974358975
385,1,0,0,391.576,1,4,206540,373853,-1,12992,未知,Internal Software,812625,1113.02,Hardware,-1,B,Consigner,180969,47.23337,0.962695,34314,46.33341,0.977941,0,2,9,0,6,0,2,69.06443164317325,81.2740685764068,,0.0,0.1802721088435374,0.2439024390243902,,0.0
386,2,0,1,1.14,92,2,193615,443934,-1,-108864,未知,Call,729786,763.25,Electronic Product,1,Not Known,Consigner,255348,0.583382,0.989314,313147,18.76428,0.864214,0,0,6,0,6,0,2,81.28282427291707,93.3192184944359,44.1771958531737,0.0,0.3529411764705882,0.1111111111111111,0.0,0.0
387,2,0,0,186.112,136,158,227346,324279,-1,180625,Suspected Lost,Internal Software,37330,869.31,Jewelry,0,Not Known,Receiver,189144,58.99668,0.999373,152730,18.53479,0.956698,5,2,12,1,2,0,2,83.60535432076018,63.91833902730377,93.95808297694902,130.37367937194816,0.1632653061224489,0.1666666666666666,0.2585987261146497,0.0
388,2,0,0,988.402,224,212,105827,326099,-1,-45484,Suspected Lost,Internal Software,-16494,811.04,Household Goods,-1,B,Consigner,240243,0.30328,0.998906,263206,64.94912,0.993171,5,2,11,0,0,0,2,1.1863996230597198,133.2668484517222,3.782482794930616,0.0,0.0,0.36,2.0,0.0
389,5,0,0,18.837,126,185,227346,188868,-1,-12281,Pickup Error,Internal Software,-15772,160.08,Fresh,0,B,Consigner,342026,0.0,0.983732,1845613,0.0,0.862817,3,2,7,0,0,1,1,90.36311397696744,82.10025254899978,93.95808297694902,185.91481770542975,0.5,0.2025316455696202,0.2585987261146497,0.0
390,2,1,0,0.0,0,187,36111,46409,-1,427785,Suspected Lost,Call,16236,690.38,Household Goods,0,C,Consigner,1306960,28.90671,0.946213,990156,5.70756,0.958404,5,0,11,0,2,0,2,57.22795965470159,71.38613126413931,0.0,0.981699086351836,0.1678082191780822,0.1777777777777777,0.0,1.0
391,2,0,0,551.72,187,2,213490,452982,1,427848,Damage,Call,933659,3022.54,Miscellaneous Goods,-1,C,Consigner,5294,38.2609,0.951552,48446,125.5189,0.991098,1,0,14,0,6,0,2,50.57901513935886,93.3192184944359,8.863761978097944,22.0406909114852,0.1261261261261261,0.1111111111111111,0.0,0.0
392,2,0,0,340.064,132,197,76397,229278,-1,427812,未知,Call,149492,261.27,Miscellaneous Goods,0,C,Consigner,36967,119.164,0.999004,165598,35.49223,0.979001,0,0,14,0,3,0,2,52.70819341651338,63.769979151069016,42.199225082026594,3.733403100268167,0.2071428571428571,0.208955223880597,0.3333333333333333,0.0
393,2,1,0,3.649,100,59,97672,263807,-1,427795,Pickup Error,Call,-75848,2324.35,Miscellaneous Goods,0,B,Consigner,58660,5.266431,0.997941,175378,7.891923,0.998253,3,0,14,0,0,0,2,57.27817095022288,24.23624720180503,0.0,2.423141408831436,0.1162790697674418,0.0,0.0,0.0
394,2,0,0,0.0,99,4,94975,133217,-1,427850,Suspected Lost,Internal Software,177535,732.35,Miscellaneous Goods,0,B,Consigner,41612,32.76287,0.999664,114408,4.148328,0.994628,5,2,14,0,4,0,2,65.94900544613762,81.2740685764068,33.89253719308238,1.8761046100995764,0.211864406779661,0.2439024390243902,0.5,0.0
395,2,0,0,420.739,14,1,227346,110622,-1,427844,未知,Call,1217357,680.81,Dried Groceries,-1,B,Consigner,284029,10.37598,0.986928,189583,121.0846,0.989126,0,0,5,0,6,0,2,46.7451960537384,69.89628878079544,93.95808297694902,0.0,0.0555555555555555,0.12,0.2585987261146497,0.0
396,2,0,1,0.477,277,203,212637,300000,-1,-176455,未知,Vendor Consultation,326000000,920.86,Electronic Product,0,C,Consigner,58708460,0.007119,0.955944,823283,36.44433,0.978217,0,6,6,0,6,0,2,70.53199433944796,73.82922603912272,367.4191677341794,163.30068855149273,0.25,0.25,0.3809523809523809,0.5474358974358975
397,2,0,0,56.729,40,15,188777,320959,-1,56210,Suspected Lost,Internal Software,259951,859.88,Home Improvement and Building Material,-1,B,Consigner,190718,28.60047,0.999993,24376,44.05072,0.987812,5,2,10,0,5,0,2,13.814102694348689,76.467556088998,12.783269534664282,14.844460483579937,0.3478260869565217,0.1296296296296296,0.0,0.0
398,2,0,0,353.423,25,76,227346,300000,-1,427864,未知,Call,81945558,1749.48,Home Improvement and Building Material,0,C,Receiver,263145,43.6637,0.99795,95674906,6.697268,0.995015,0,0,10,1,6,0,2,88.8237010925776,104.46696466604024,93.95808297694902,163.30068855149273,0.1843137254901961,0.3043478260869565,0.2585987261146497,0.5474358974358975
399,2,0,1,62.971,217,52,222142,70129,-1,427845,Pickup Error,Call,-77459,168.91,Jewelry,-1,B,Unknown,74184,6.514679,0.966694,562647,2.197861,0.965167,3,0,12,3,0,0,2,126.03523867460144,6.234133319375015,155.27,146.34772217416597,0.2,0.0,1.0,0.0
400,2,0,0,6.495,42,199,183889,137096,-1,-104905,未知,Internal Software,314817,421.9,Electronic Product,0,B,Receiver,39214,4.014804,0.986882,1161162,21.23102,0.998698,0,2,6,1,5,0,2,106.19017586084024,65.33437063477945,83.80393880479427,25.297156837233015,0.145631067961165,0.3513513513513513,0.2442307692307692,0.0
401,2,0,0,106.016,2,179,203895,32396,-1,427714,Damage,Call,527644,983.82,Alcohol,0,Not Known,Consigner,71916,113.2211,0.989643,127969,6.628898,0.993872,1,0,0,0,5,0,2,56.04468495785089,49.485349035609424,311.945,10.323696600826826,0.0935960591133004,0.17578125,0.5,0.0
402,2,0,1,71.01,281,158,161906,265506,-1,427858,Suspected Lost,Internal Software,-62020,420.91,Miscellaneous Goods,0,B,Consigner,656397,0.18744,0.995762,361202,5.341146,0.993337,5,2,14,0,0,0,2,24.254512758557915,63.91833902730377,140.98470779763628,,0.0625,0.1666666666666666,0.217391304347826,
403,2,1,0,479.372,268,12,205742,300000,-1,427864,未知,Call,788000000,1005.41,Miscellaneous Goods,0,C,Consigner,24076668,4.811322,0.996669,319000000,44.95699,0.973855,0,0,14,0,6,0,2,96.84596855953218,78.44682581792124,213.34987259339945,163.30068855149273,0.1823899371069182,0.2340425531914893,0.2727272727272727,0.5474358974358975
404,2,0,0,38.385,125,93,192198,258079,-1,-220706,未知,Call,30204,973.86,Miscellaneous Goods,-1,Not Known,Receiver,279626,138.9774,0.960255,223777,36.05155,0.864085,0,0,14,1,2,0,2,70.23909957621414,41.18230514125912,123.41317555003356,0.0,0.0793650793650793,0.0357142857142857,0.5,0.0
405,2,1,0,0.115,25,0,128593,423206,-1,427789,Suspected Lost,Call,-74948,175.47,Alcohol,0,C,Consigner,19006,7.368938,0.988136,152064,23.65174,0.956217,5,0,0,0,0,0,2,88.8237010925776,75.01688402479252,25.648278600275468,89.17923123470466,0.1843137254901961,0.1507692307692307,0.0,0.0
406,2,0,0,27.907,129,268,183889,300000,-1,427864,Damage,Call,180000000,1440.61,Maternity & Baby Products,0,C,Consigner,159000000,2.03607,0.994556,9291410,53.49585,0.99287,1,0,13,0,6,0,2,111.99462456548208,130.15540902762945,83.80393880479427,163.30068855149273,0.53125,0.2727272727272727,0.2442307692307692,0.5474358974358975
407,2,1,0,274.718,63,153,169356,198723,-1,427843,Damage,Call,370352,447.94,Electronic Product,-1,Not Known,Consigner,404078,3.523087,0.957076,693145,0.0,0.99374,1,0,6,0,5,0,2,87.51932180035882,52.38805426785157,0.0,9.13265120977133,0.2022471910112359,0.1818181818181818,0.0,0.0
408,2,0,0,581.537,2,129,53910,429020,-1,427802,未知,Call,592581,129.23,Pharmaceuticals,-1,B,Unknown,101499,11.40152,0.991365,219878,14.21556,0.936111,0,0,15,3,5,0,2,56.04468495785089,32.940966148420515,1.9437801875177572,0.0,0.0935960591133004,0.2285714285714285,0.0,0.0
409,2,0,0,4.237,25,3,193778,29684,-1,-165687,Damage,Call,289206,102.4,Jewelry,0,B,Consigner,33124,70.96797,0.965643,275481,17.37215,0.91872,1,0,12,0,5,0,2,88.8237010925776,63.81099393925928,0.0,0.0,0.1843137254901961,0.1170212765957446,0.0,0.0
410,2,1,0,323.947,291,307,201787,300000,-1,359482,Suspected Lost,Call,850000000,1522.56,Furniture,-1,C,Consigner,3989226,0.0,0.9616,882000000,0.0,0.955425,5,0,8,0,6,0,2,256.15858058802274,107.26414159528828,151.60579744998205,163.30068855149273,0.6,0.4666666666666667,0.4444444444444444,0.5474358974358975
411,2,0,0,675.957,128,25,139632,212899,-1,427829,未知,Call,-82016,676.58,Jewelry,0,B,Receiver,19673,92.70354,0.998186,475118,74.3809,0.925137,0,0,12,1,0,0,2,109.49184404232932,58.087333342513965,0.0,80.54197037289836,0.3043478260869565,0.14,0.0,0.3103448275862069
412,2,1,0,0.0,3,3,182022,406013,-1,427811,未知,Call,1423118,507.9,Miscellaneous Goods,0,C,Consigner,274541,0.0,0.965469,1362537,0.0,0.883685,0,0,14,0,6,0,2,41.966021036266106,63.81099393925928,172.11868320297572,4.7305855792859575,0.1538461538461538,0.1170212765957446,0.55,0.0
413,3,0,0,15.319,13,179,15877,367998,-1,427853,Pickup Error,Vendor Consultation,825532,781.37,Miscellaneous Goods,-1,C,Consigner,1023,14.85513,0.958452,17122,15.10746,0.997571,3,6,14,0,6,0,2,117.72169897217258,49.485349035609424,46.97040480882532,0.0,0.2748538011695906,0.17578125,0.1827956989247312,0.0
414,2,0,0,134.408,4,88,204056,209351,1,427849,Pickup Error,Internal Software,854092,1515.12,Miscellaneous Goods,0,C,Consigner,193401,32.91771,0.950157,792056,5.409605,0.943203,3,2,14,0,6,0,2,60.02737754693536,79.74310528281981,0.0,4.792074726470834,0.1592356687898089,0.2061855670103092,0.0,0.0
415,2,0,0,54.499,218,11,69117,373033,-1,427863,Damage,Call,-62225,373.85,Beauty & Daily Essentials,0,B,Consigner,838045,2.270287,0.999842,460083,7.202023,0.941213,1,0,3,0,0,0,2,45.42517437856351,31.253102632101324,0.0,3.309093339165512,0.3333333333333333,0.0476190476190476,0.0,0.0
416,2,0,0,48.699,100,103,174691,173939,-1,427847,未知,Call,-73611,231.29,Jewelry,-1,B,Receiver,374962,38.22651,0.999444,858912,0.0,0.86158,0,0,12,1,0,0,2,57.27817095022288,65.94505261935754,0.0,9.324004334506148,0.1162790697674418,0.1111111111111111,0.0,0.0
417,1,0,0,1.824,222,0,176433,82841,-1,-11149,Damage,Call,541404,446.29,Appliances,1,C,Receiver,133592,8.392768,0.995796,437881,31.89405,0.997659,1,0,2,1,5,0,2,44.00935888510234,75.01688402479252,181.90733037581083,10.164079475239486,0.173469387755102,0.1507692307692307,0.125,0.0
418,2,0,0,579.995,297,291,191817,300000,-1,427860,未知,Vendor Consultation,620000000,3625.8,Furniture,0,C,Consigner,6791,17.17457,0.971741,36859164,30.02357,0.984577,0,6,8,0,6,0,2,28.535314885327075,67.74750724681486,31.08972808888528,163.30068855149273,0.0,0.4782608695652174,0.45,0.5474358974358975
419,5,0,1,231.058,2,344,215795,317862,-1,427864,Damage,Call,-39519,1173.58,Pharmaceuticals,0,B,Consigner,214705,73.87307,0.976545,201459,79.54539,0.983095,1,0,15,0,0,0,2,56.04468495785089,39.2423650364136,12.710742086325316,0.0,0.0935960591133004,0.32,0.6666666666666666,0.0
420,2,1,1,9.525,142,253,103956,385507,-1,427807,未知,Call,154530,114.21,Miscellaneous Goods,0,C,Receiver,1094079,1.810365,0.996885,1462632,37.83464,0.912305,0,0,14,1,3,0,2,91.575345523678,69.88451229595863,135.0629053090196,0.0,0.1756756756756756,0.208955223880597,0.0,0.0
421,2,0,0,182.075,217,15,138144,142469,-1,427829,未知,Call,-58043,297.05,Miscellaneous Goods,0,B,Consigner,329304,16.10541,0.987693,200084,0.0,0.966371,0,0,14,0,0,0,2,126.03523867460144,76.467556088998,91.51978877517804,0.0,0.2,0.1296296296296296,0.0,0.0
422,2,0,0,50.034,5,268,71214,406973,-1,427857,未知,Call,-63624,298.14,Appliances,0,B,Consigner,117350,7.483304,0.984502,577104,24.37552,0.989051,0,0,2,0,0,0,2,64.35039757274271,130.15540902762945,5.890701097294701,3.852931080514131,0.0975609756097561,0.2727272727272727,0.0,1.0
423,1,0,0,0.0,55,146,191501,217089,-1,-52603,未知,Call,-59695,100.99,Hardware,1,C,Receiver,886721,0.0,0.932265,1353561,0.0,0.941585,0,0,9,1,0,0,2,35.60364621033194,100.44850004559429,16.732429655796487,1.841088773435735,0.1212121212121212,0.1071428571428571,0.0,0.0
424,1,0,0,21.581,181,7,216040,246828,-1,427842,未知,Internal Software,320932,1136.78,Miscellaneous Goods,0,B,Consigner,66369,29.73541,0.991396,9388,99.5628,0.994608,0,2,14,0,5,0,2,66.98420127730182,92.30255429171878,6.111103717209897,0.0,0.1568627450980392,0.1935483870967742,0.0,0.0
425,2,0,0,77.507,96,143,216178,371405,-1,427863,未知,Call,-78113,314.92,Miscellaneous Goods,-1,C,Consigner,1011467,2.379744,0.995474,1925359,0.0,0.967778,0,0,14,0,0,0,2,94.34474150468614,101.9632107476282,3.1864253567719354,3.878136630911384,0.1764705882352941,0.2075471698113207,0.0,0.0
426,3,0,0,691.527,100,137,81802,291307,-1,427848,Damage,Vendor Consultation,-67223,1360.22,Dried Groceries,0,Not Known,Consigner,594527,17.6325,0.995466,320544,8.967654,0.956533,1,6,5,0,0,0,2,57.27817095022288,40.54514853954838,,4.49229981488046,0.1162790697674418,0.1012658227848101,,0.0
427,2,1,0,7.232,55,0,102870,300526,-1,120056,未知,Call,383824,113.75,Furniture,0,C,Receiver,20040,0.0,0.973118,1019763,1.734741,0.950111,0,0,8,1,5,0,2,35.60364621033194,75.01688402479252,26.05943252523688,3.408079718254112,0.1212121212121212,0.1507692307692307,0.0,0.0
428,2,0,0,0.0,22,102,191336,15671,-1,13141,未知,Internal Software,217863,100.03,Pharmaceuticals,-1,C,Consigner,525869,0.0,0.935016,652162,0.0,0.979892,0,2,15,0,4,0,2,196.6185309081795,127.44248338763862,180.7374456919535,8.188766746822397,0.1818181818181818,0.1789473684210526,0.3846153846153846,0.0
429,2,1,0,91.321,99,143,182022,18101,-1,427851,Pickup Error,Call,-73503,151.29,Home Improvement and Building Material,-1,B,Consigner,2382,5.041403,0.992811,776103,2.078114,0.9971,3,0,10,0,0,0,2,65.94900544613762,101.9632107476282,172.11868320297572,0.0,0.211864406779661,0.2075471698113207,0.55,0.0
430,2,0,0,6.774,32,154,52532,276092,-1,427831,未知,,889906,464.51,Maternity & Baby Products,-1,C,Receiver,1633844,19.16795,0.983146,526989,0.052968,0.960444,0,5,13,1,6,0,2,57.76408111082597,50.479144433344814,0.0,25.10144022366928,0.1666666666666666,0.3076923076923077,0.0,0.0
431,5,0,0,208.152,99,109,52939,57048,-1,427766,未知,Internal Software,-72698,338.78,Maternity & Baby Products,-1,B,Consigner,1192388,0.0,0.996702,821096,2.020911,0.889138,0,2,13,0,0,0,2,65.94900544613762,30.366206626535966,0.0,0.0,0.211864406779661,0.0952380952380952,0.0,0.0
432,2,0,0,333.42,64,164,27315,440818,-1,427854,Damage,Call,625497,430.87,Miscellaneous Goods,-1,B,Consigner,48369,10.82211,0.984364,1053532,8.902791,0.989219,1,0,14,0,6,0,2,29.26462912623248,49.08316346381199,393.02,7.4303808980386945,0.2142857142857142,0.1458333333333333,0.0,0.0
433,1,1,0,361.367,230,146,175138,140224,-1,-42399,Suspected Lost,Mini Program,1553754,413.62,Hardware,0,B,Consigner,58011,97.23042,0.976665,380627,14.69603,0.981758,5,4,9,0,6,0,2,6.301656789495492,100.44850004559429,3.894145149263984,39.90040294989736,0.1428571428571428,0.1071428571428571,0.0,0.0
434,2,0,0,126.927,95,64,223752,300000,-1,427864,未知,Call,977000000,1780.66,Electronic Product,0,B,Consigner,6307696,10.33919,0.9436,8780000000,42.00344,0.95304,0,0,6,0,6,0,2,81.89649653587233,57.77796915034717,247.3830924887306,163.30068855149273,0.3333333333333333,0.2,0.3902439024390244,0.5474358974358975
435,2,0,0,0.0,3,227,183889,402687,-1,-47817,Damage,Call,383567,492.67,Electronic Product,0,B,Consigner,801555,3.545482,0.958971,522686,1.637452,0.94444,1,0,6,0,5,0,2,41.966021036266106,20.902623722887064,83.80393880479427,2.3514256731888463,0.1538461538461538,0.1764705882352941,0.2442307692307692,0.0
436,2,0,0,134.281,117,133,94913,227809,-1,427643,未知,Vendor Consultation,535770,1084.76,Alcohol,0,Not Known,Consigner,815347,0.436382,0.978861,341271,2.009441,0.985428,0,6,0,0,5,0,2,57.51283596595224,67.74347839244929,269.06842333721426,0.2880849914574074,0.1052631578947368,0.1929824561403508,0.0,1.0
437,2,0,0,701.496,12,3,204835,109237,1,427836,未知,Call,987690,321.08,Miscellaneous Goods,-1,C,Consigner,2256,122.7967,0.941229,705744,41.10888,0.970808,0,0,14,0,6,0,2,59.94601001535578,63.81099393925928,103.65,0.0,0.2666666666666666,0.1170212765957446,2.0,0.0
438,3,1,1,0.0,221,14,187888,450488,-1,427848,Damage,Call,15310,119.49,Miscellaneous Goods,-1,C,Receiver,204874,34.64336,0.993225,325122,3.968098,0.926382,1,0,14,1,2,0,2,43.16496241200946,62.29691250575112,56.57647470954619,198.50328477577835,0.25,0.125,0.1428571428571428,0.0
439,2,0,1,233.877,31,66,170123,404818,-1,427864,未知,Call,475766,222.95,Household Goods,-1,Not Known,Consigner,75073,74.74788,0.997146,174394,34.45466,0.952552,0,0,11,0,5,0,2,68.5036860803531,5.394290114031302,75.64841498559079,393.02,0.0833333333333333,0.0,1.0,0.0
440,2,1,0,193.55,0,228,14084,234631,-1,427832,未知,Internal Software,148280,589.52,Dried Groceries,-1,C,Consigner,1648560,5.431523,0.91959,761527,0.883686,0.9167,0,2,5,0,3,0,2,57.22795965470159,177.3461916734879,69.64123028029817,0.0,0.1678082191780822,0.3846153846153846,0.1481481481481481,0.0
441,2,0,0,1144.698,58,100,164488,363691,-1,427864,Pickup Error,Call,-58041,2308.63,Pharmaceuticals,0,B,Consigner,30104,137.7399,0.996408,10365,103.6082,0.965772,3,0,15,0,0,0,2,56.49645910069927,111.92654089931048,3.263675145491051,2.1631544546393484,0.6,0.1985815602836879,0.0,0.0
442,1,0,0,331.611,1,91,211449,300000,1,424320,Pickup Error,Call,389000000,824.5,Miscellaneous Goods,0,C,Receiver,877349,26.312,0.964155,844849,71.66024,0.993444,3,0,14,1,6,0,2,69.06443164317325,38.50516592325653,77.2949522714683,163.30068855149273,0.1802721088435374,0.3870967741935484,0.5384615384615384,0.5474358974358975
443,2,1,0,0.0,187,107,68967,271248,-1,36554,未知,Call,202042,274.17,Electronic Product,0,C,Consigner,644023,0.108443,0.925491,323808,0.0,0.978731,0,0,6,0,4,0,2,50.57901513935886,103.77469026595364,0.4764116116142869,0.5092370321470724,0.1261261261261261,0.1846153846153846,0.0,0.0
444,5,0,0,361.646,127,3,173828,237969,1,427864,未知,Internal Software,-67828,447.49,Dried Groceries,0,C,Consigner,103437,108.7445,0.98803,40494,101.8459,0.980837,0,2,5,0,0,0,2,59.84735359218162,63.81099393925928,80.34986949798083,23.15687464546417,0.1397849462365591,0.1170212765957446,0.0,0.0
445,2,0,1,30.604,15,0,77067,428023,-1,427855,未知,Internal Software,425676,919.92,Miscellaneous Goods,0,B,Consigner,66527,21.5292,0.928428,204073,11.28969,0.990614,0,2,14,0,5,0,2,80.35899212714475,75.01688402479252,7.776199004580669,190.54,0.0909090909090909,0.1507692307692307,0.0,1.0
446,2,0,0,125.091,186,1,183889,220194,-1,427842,未知,Internal Software,1992941,584.75,Pharmaceuticals,0,B,Receiver,43201,72.64231,0.982843,72366,31.81853,0.890201,0,2,15,1,6,0,2,26.671001699995884,69.89628878079544,83.80393880479427,0.0,0.0,0.12,0.2442307692307692,0.0
447,2,0,0,7.383,217,117,185443,150857,-1,427816,未知,Call,103940,353.23,Alcohol,0,C,Receiver,312254,34.55829,0.984088,61863,34.73484,0.986492,0,0,0,1,3,0,2,126.03523867460144,66.62484724143525,0.0,0.0,0.2,0.0689655172413793,0.0,0.0
448,2,0,0,35.121,222,39,15877,407880,-1,427823,Damage,Call,16728,951.33,Dried Groceries,0,C,Receiver,618250,71.03097,0.990473,1118915,3.633753,0.970316,1,0,5,1,2,0,2,44.00935888510234,44.92391936878398,46.97040480882532,0.0,0.173469387755102,0.0,0.1827956989247312,0.0
449,2,1,0,878.242,301,137,68454,99771,-1,87079,Pickup Error,Internal Software,1602128,1210.23,Hardware,1,B,Consigner,190983,35.06888,0.999333,78431,27.25123,0.991261,3,2,9,0,6,0,2,10.601398241668935,40.54514853954838,7.3568241409448465,1.4438440581581735,0.0,0.1012658227848101,0.0,0.0
450,2,1,0,734.71,32,131,197553,425951,-1,427862,未知,Call,1347948,763.92,Electronic Product,0,B,Receiver,7611,27.29407,0.936137,14505,26.74668,0.91549,0,0,6,1,6,0,2,57.76408111082597,28.874682913956747,312.78449282805343,8.376106834031555,0.1666666666666666,0.1176470588235294,0.2608695652173913,0.0
451,2,0,0,172.021,366,221,223744,300000,-1,427864,未知,Call,479000000,2438.69,Miscellaneous Goods,-1,C,Consigner,8555750,0.0,0.917401,910000000,0.0,0.876337,0,0,14,0,6,0,2,100.9598075157956,124.92080405843552,84.8128817715846,163.30068855149273,0.4,0.3333333333333333,0.2727272727272727,0.5474358974358975
452,2,1,0,20.985,43,201,174717,153162,-1,427859,Pickup Error,Internal Software,999004,291.12,Miscellaneous Goods,0,C,Unknown,8798,32.37099,0.947602,484480,25.4952,0.935968,3,2,14,3,6,0,2,71.58077320943575,1.658891460748924,25.677436993383683,10.745650856378608,0.075,0.0,0.0,0.0
453,2,0,0,0.0,146,266,26843,1226,-1,427824,未知,Internal Software,-81363,102.82,Household Goods,-1,B,Consigner,537286,16.58152,0.999883,95444,4.802346,0.979637,0,2,11,0,0,0,2,75.50373567911244,7.004084275191492,7.331522505281211,0.0,0.3,0.0,0.0,0.0
454,2,0,1,40.13,232,15,227346,300000,-1,427864,未知,Call,783000000,1212.84,Pharmaceuticals,0,C,Consigner,114000000,2.59691,0.981762,5658649,49.97311,0.992442,0,0,15,0,6,0,2,47.355810569472624,76.467556088998,93.95808297694902,163.30068855149273,0.4210526315789473,0.1296296296296296,0.2585987261146497,0.5474358974358975
455,2,0,0,62.377,365,98,131784,201314,1,427861,未知,Call,2401173,566.21,Miscellaneous Goods,0,B,Unknown,3299,26.02962,0.993651,361249,37.4829,0.997603,0,0,14,3,6,0,2,37.278575072205086,65.32592348952949,4.33233031080235,0.0,0.0769230769230769,0.0638297872340425,0.0,0.0
456,2,1,0,0.0,182,110,217151,59007,-1,56189,Damage,Call,24344,849.36,Beauty & Daily Essentials,-1,C,Receiver,287328,0.606849,0.889308,492955,0.0,0.928387,1,0,3,1,2,0,2,22.285995961952302,63.258594293395895,7.660080194588598,2.032798592651077,0.1111111111111111,0.1219512195121951,0.0,0.0
457,2,0,0,76.478,6,110,195552,254868,-1,427806,未知,Vendor Consultation,145572,1049.51,Furniture,0,B,Consigner,655660,22.10744,0.976803,649458,7.273184,0.99777,0,6,8,0,3,0,2,32.29956245158629,63.258594293395895,0.0,0.0,0.0555555555555555,0.1219512195121951,0.0,0.0
458,2,1,0,467.143,143,49,48513,448362,-1,427851,未知,Call,254180,1277.1,Dried Groceries,0,C,Consigner,420493,9.999064,0.937894,329478,0.0,0.921281,0,0,5,0,4,0,2,38.45695991907031,18.494049091362537,0.0,1.8631968893529784,0.1136363636363636,0.3333333333333333,0.0,0.0
459,2,0,0,0.0,337,99,199261,172379,-1,427852,Damage,Vendor Consultation,-51691,172.54,Miscellaneous Goods,0,C,Receiver,776896,12.16083,0.995389,861607,0.0,0.991575,1,6,14,1,0,0,2,88.95815087072324,39.75074374258253,70.13925554206644,8.88192384470439,0.4,0.1505376344086021,0.2222222222222222,0.0
460,2,0,0,5.475,44,299,181154,44591,-1,21388,未知,Call,184963,403.94,Beauty & Daily Essentials,0,B,Consigner,287266,23.86966,0.85075,177599,0.754023,0.980947,0,0,3,0,4,0,2,54.68123268224992,132.21543972380903,3.970770500912786,,0.1818181818181818,0.1875,0.5,
461,2,0,0,36.682,199,88,191495,133616,-1,427804,Damage,Internal Software,906860,1299.11,Pharmaceuticals,-1,B,Staff,52676,1.748369,0.994065,104041,28.6065,0.996063,1,2,15,2,6,0,2,85.77074119936532,79.74310528281981,14.877793570755582,170.51147805074507,0.1063829787234042,0.2061855670103092,0.25,0.0
462,1,1,0,140.466,222,3,30604,36370,-1,-164761,未知,Internal Software,98407,189.69,Appliances,-1,C,Consigner,440908,0.300098,0.721215,510170,0.0,0.982461,0,2,2,0,3,0,2,44.00935888510234,63.81099393925928,20.152775340703048,0.2249858499465442,0.173469387755102,0.1170212765957446,0.0,0.0
463,2,0,0,58.551,11,0,179687,4031,-1,427862,Suspected Lost,Vendor Consultation,316771,705.97,Miscellaneous Goods,-1,B,Receiver,1455427,0.238241,0.994468,392837,3.792867,0.964929,5,6,14,1,5,0,2,46.140341664130425,75.01688402479252,25.049158444155267,0.0,0.1724137931034483,0.1507692307692307,0.0,0.0
464,2,0,0,430.968,2,13,179332,294847,-1,427859,未知,Internal Software,-33611,1992.14,Miscellaneous Goods,-1,B,Consigner,83192,48.6314,0.998398,889348,0.0,0.965002,0,2,14,0,0,0,2,56.04468495785089,58.69138621086622,3.309093339165512,0.9548748959767934,0.0935960591133004,0.0909090909090909,0.0,0.0
465,3,1,0,286.117,264,62,115419,221099,-1,427606,Pickup Error,Call,1324297,206.05,Home Improvement and Building Material,0,C,Consigner,244568,0.536118,0.975931,519960,5.170195,0.977239,3,0,10,0,6,0,2,10.196754333140523,26.44942264549353,0.0,0.0,0.0,0.1111111111111111,0.0,0.0
466,2,0,0,161.743,88,226,206325,17506,-1,427863,未知,Call,-34870,364.91,Jewelry,0,B,Receiver,48492,21.8074,0.987696,823,121.9058,0.998962,0,0,12,1,0,0,2,116.52863038936586,33.376562481963404,136.1021352810473,0.0,0.0925925925925925,0.0980392156862745,0.4,0.0
467,2,0,0,100.573,1,50,222881,300000,-1,421289,未知,Call,306000000,2207.15,Appliances,0,B,Consigner,2849650,12.3645,0.97952,6824854,21.55531,0.988286,0,0,2,0,6,0,2,69.06443164317325,39.67417888170578,115.49779051682847,163.30068855149273,0.1802721088435374,0.1666666666666666,0.2142857142857142,0.5474358974358975
468,2,0,0,3.81,1,191,190863,412270,-1,-24672,未知,Call,-17673,181.56,Hardware,-1,C,Receiver,1353835,19.63006,0.736631,363749,0.232261,0.969579,0,0,9,1,0,0,2,69.06443164317325,73.86479360994409,0.0,0.0,0.1802721088435374,0.25,0.0,0.0
469,2,0,0,181.126,2,268,176047,12749,-1,13313,Suspected Lost,Vendor Consultation,61107,749.04,Alcohol,0,B,Consigner,965350,45.14395,0.996362,511780,12.48297,0.923712,5,6,0,0,2,0,2,56.04468495785089,130.15540902762945,50.955929077725926,50.15900759802723,0.0935960591133004,0.2727272727272727,0.0909090909090909,0.2307692307692307
470,2,0,0,159.825,189,15,212074,361253,-1,427864,Damage,Internal Software,367554,790.35,Miscellaneous Goods,-1,B,Consigner,188651,12.68589,0.99195,14093,33.32501,0.998781,1,2,14,0,5,0,2,195.03697485801985,76.467556088998,29.13960702874665,115.13575648728572,0.2619047619047619,0.1296296296296296,0.0,0.0
471,2,0,0,45.205,3,11,199232,244906,-1,427837,未知,Call,490647,136.42,Home Improvement and Building Material,0,Not Known,Consigner,110144,0.590843,0.995984,498824,17.57903,0.958734,0,0,10,0,5,0,2,41.966021036266106,31.253102632101324,24.09526926861039,7.005278505776826,0.1538461538461538,0.0476190476190476,0.0,0.0
472,2,0,0,62.87,253,0,155267,175063,-1,-17897,Pickup Error,Internal Software,1134093,573.71,Dried Groceries,0,B,Receiver,152181,10.81233,0.862245,56960,4.255618,0.998469,3,2,5,1,6,0,2,63.03159537877947,75.01688402479252,0.0,,0.1228070175438596,0.1507692307692307,0.0,
473,2,1,0,32.918,42,101,193650,331003,-1,104181,未知,Internal Software,927756,410.57,Beauty & Daily Essentials,-1,C,Consigner,5986,20.03673,0.999969,668593,0.0,0.892129,0,2,3,0,6,0,2,106.19017586084024,58.58878798840541,48.10227495989376,3.828214377685303,0.145631067961165,0.1323529411764706,0.25,0.3333333333333333
474,2,0,0,104.086,55,122,214078,46748,-1,427864,Suspected Lost,Call,1308102,190.62,Furniture,-1,C,Consigner,779751,4.093706,0.997337,203149,10.53926,0.99413,5,0,8,0,6,0,2,35.60364621033194,202.9059672850224,0.0,5.710964722657697,0.1212121212121212,0.0,0.0,0.0
475,2,0,0,223.258,152,179,191817,300000,-1,427864,Damage,Call,646000000,1312.3,Miscellaneous Goods,-1,C,Receiver,15210,2.198799,0.997584,39332042,41.04229,0.99547,1,0,14,1,6,0,2,97.86133232302556,49.485349035609424,31.08972808888528,163.30068855149273,0.2702702702702703,0.17578125,0.45,0.5474358974358975
476,1,0,0,722.878,217,180,197553,824,1,427731,未知,Internal Software,-28312,359.24,Furniture,0,B,Unknown,271104,173.1957,0.998688,195847,57.14142,0.986755,0,2,8,3,0,0,2,126.03523867460144,113.61191858430128,312.78449282805343,7.34362561334432,0.2,0.0,0.2608695652173913,0.5
477,2,0,0,1.139,278,98,35731,43793,-1,427857,未知,Internal Software,-40016,2139.87,Miscellaneous Goods,1,C,Consigner,1775265,39.90295,0.973629,1629213,0.720879,0.923925,0,2,14,0,0,0,2,86.14768587401899,65.32592348952949,0.0,,0.2307692307692307,0.0638297872340425,0.0,
478,2,0,0,122.66,1,151,227346,453758,-1,427862,Suspected Lost,Call,334000000,1016.2,Furniture,0,B,Consigner,1985092,18.75191,0.993021,755000000,52.89054,0.960379,5,0,8,0,6,0,2,69.06443164317325,62.91307713975876,93.95808297694902,304.07148271608224,0.1802721088435374,0.1176470588235294,0.2585987261146497,0.4090909090909091
479,2,0,0,142.327,117,34,64463,45911,-1,427843,Damage,Mini Program,28372,104.9,Miscellaneous Goods,0,C,Receiver,131954,5.0619,0.993186,247311,4.011113,0.996797,1,4,14,1,2,0,2,57.51283596595224,62.51602380669991,294.95,28.11937664254828,0.1052631578947368,0.3157894736842105,0.0,0.1
480,2,1,0,3.148,146,185,211449,352359,-1,427864,Damage,Vendor Consultation,444000000,1634.8,Jewelry,0,B,Consigner,38296340,43.1577,0.99462,613401,55.81801,0.928885,1,6,12,0,6,0,2,75.50373567911244,82.10025254899978,77.2949522714683,115.9880379226179,0.3,0.2025316455696202,0.5384615384615384,0.4444444444444444
481,2,0,0,0.0,0,190,188771,361334,-1,427856,未知,Call,-78696,543.59,Documents & Bills,0,B,Consigner,1224488,17.14373,0.966325,825483,0.794193,0.979286,0,0,4,0,0,0,2,57.22795965470159,47.29286625931772,34.879334311052624,0.0,0.1678082191780822,0.1052631578947368,0.0833333333333333,0.0
482,2,0,0,21.423,198,63,166592,381781,-1,427861,Pickup Error,Call,1222041,1214.04,Furniture,-1,B,Unknown,1127833,0.0,0.99327,606693,19.04202,0.992,3,0,8,3,6,0,2,47.532725738254,52.20261068322199,14.204238728381489,0.0,0.1111111111111111,0.2941176470588235,0.0,0.0
483,2,0,1,149.882,100,100,18422,378371,-1,427800,Damage,Internal Software,1605163,645.93,Household Goods,-1,B,Consigner,39993,46.50971,0.991807,3602,67.14754,0.997765,1,2,11,0,6,0,2,57.27817095022288,111.92654089931048,12.643238075552953,223.61781536395304,0.1162790697674418,0.1985815602836879,0.0,0.25
484,5,1,0,83.294,200,14,2537,415057,-1,427864,未知,Call,440051,1686.12,Home Improvement and Building Material,0,B,Consigner,414810,12.93496,0.973865,981021,4.30315,0.974268,0,0,10,0,5,0,2,49.37484041958838,62.29691250575112,0.0,457.51,0.2333333333333333,0.125,0.0,0.0
485,3,1,0,0.0,282,51,190708,375446,0,427863,未知,Call,21233,121.23,Dried Groceries,0,Not Known,Receiver,21374,31.30148,0.997431,193919,4.731,0.965298,0,0,5,1,2,0,2,0.0,156.03692117956203,0.0,406.55,0.0,0.0,0.0,1.0
486,2,0,0,512.876,179,3,123364,42718,-1,76167,Damage,Complaint,106662,1151.15,Maternity & Baby Products,0,B,Consigner,245364,26.32673,0.999755,27735,71.77171,0.92793,1,1,13,0,3,0,2,56.8349237193444,63.81099393925928,67.47068676716918,0.6555921337607208,0.1497584541062802,0.1170212765957446,0.0,0.0
487,2,0,0,604.422,151,79,185314,320779,-1,427775,未知,Internal Software,-81194,1754.06,Pharmaceuticals,0,B,Consigner,50913,52.459,0.956907,136211,56.42577,0.982387,0,2,15,0,0,0,2,55.000321274151965,41.96640113648718,17.682922688645558,1.038121240233301,0.0828402366863905,0.2758620689655172,0.0,0.5
488,2,0,0,49.726,48,151,197443,16991,1,-19709,Damage,Call,454546,1653.2,Miscellaneous Goods,-1,B,Consigner,97607,24.26673,0.854638,192046,0.425655,0.981349,1,0,14,0,5,0,2,57.93111130768895,62.91307713975876,4.12668635937189,,0.25,0.1176470588235294,0.0,
489,2,1,0,0.0,196,133,147891,381819,-1,427863,Suspected Lost,Call,82833,820.78,Miscellaneous Goods,-1,C,Consigner,165979,0.0,0.970024,463411,22.44104,0.99268,5,0,14,0,2,0,2,25.80494767740001,67.74347839244929,140.10735373054212,0.0,0.2666666666666666,0.1929824561403508,0.0,0.0
490,2,0,0,0.0,1,76,115369,162954,-1,427564,Suspected Lost,Internal Software,20319,1942.73,Pharmaceuticals,0,B,Consigner,32306,3.616499,0.998044,89333,35.06543,0.955993,5,2,15,0,2,0,2,69.06443164317325,104.46696466604024,27.238909491723955,145.49479166666666,0.1802721088435374,0.3043478260869565,0.3333333333333333,0.0
491,2,0,0,21.611,112,249,152710,207026,-1,427725,Suspected Lost,Call,662651,813.77,Miscellaneous Goods,-1,B,Consigner,223907,26.3552,0.999685,1280499,5.204818,0.952698,5,0,14,0,6,0,2,120.16911840370844,68.90840414854678,67.8378867951636,27.767557864713822,0.2142857142857142,0.2,0.5,0.0
492,2,1,0,268.618,253,146,209070,75764,-1,427853,未知,Internal Software,34448,256.43,Fresh,0,C,Receiver,560353,12.91832,0.946726,408800,0.192347,0.934497,0,2,7,1,2,1,1,63.03159537877947,100.44850004559429,1.293960250988197,0.0,0.1228070175438596,0.1071428571428571,0.0,0.0
493,2,1,0,589.134,253,135,89136,311386,-1,427849,Pickup Error,Call,327177,1274.66,Dried Groceries,-1,C,Consigner,255113,100.5186,0.994203,124868,85.46988,0.962073,3,0,5,0,5,0,2,63.03159537877947,125.17131951667804,10.738282647292742,0.3419267299864315,0.1228070175438596,0.3414634146341463,0.0,0.0
494,2,0,0,16.905,147,15,141904,274457,1,427864,未知,Complaint,1938585,115.56,Jewelry,0,B,Consigner,888502,26.51851,0.993366,162886,4.235827,0.862886,0,1,12,0,6,0,2,45.57215363038746,76.467556088998,1.710610715370852,0.0,0.2,0.1296296296296296,0.0,0.0
495,2,0,0,1467.793,13,211,15290,8756,-1,427809,Pickup Error,Internal Software,196623,982.05,Miscellaneous Goods,-1,C,Consigner,416555,103.0046,0.990387,740852,10.38563,0.999965,3,2,14,0,4,0,2,117.72169897217258,74.44213332427378,133.44,2.0869600016007364,0.2748538011695906,0.2777777777777778,2.0,0.0
496,2,1,0,103.102,18,268,196665,380190,-1,427810,Pickup Error,Call,107679,1058.3,Furniture,0,B,Unknown,423118,8.045069,0.984885,512801,1.491648,0.903489,3,0,8,3,3,0,2,100.08069432330922,130.15540902762945,0.0,143.04772488543668,0.0,0.2727272727272727,0.0,0.3333333333333333
497,2,0,0,275.661,187,137,18279,61801,-1,427863,未知,Call,460979,365.15,"Apparel, Footwear & Accessories",-1,B,Unknown,124756,25.51076,0.95604,709661,3.682802,0.977098,0,0,1,3,5,0,2,50.57901513935886,40.54514853954838,23.006980590234573,0.0,0.1261261261261261,0.1012658227848101,0.0,0.0
498,2,0,0,627.885,251,100,144080,68200,-1,427856,未知,Internal Software,166200,100.42,Miscellaneous Goods,0,C,Consigner,105118,20.83718,0.973103,295735,0.0,0.907234,0,2,14,0,3,0,2,111.85858001386802,111.92654089931048,8.368974954927559,82.8515253463403,0.75,0.1985815602836879,0.0,0.0
499,2,0,0,107.693,102,5,211479,127493,-1,427714,Suspected Lost,Call,-42456,681.2,"Apparel, Footwear & Accessories",0,C,Receiver,68468,61.08707,0.999612,389193,18.89023,0.970891,5,0,1,1,0,0,2,84.99396693620673,79.69800837324867,0.0,0.0,0.1518987341772152,0.0526315789473684,0.0,0.0
500,2,0,0,3.745,218,0,224848,28122,1,427848,未知,Call,252564,459.6,Maternity & Baby Products,0,C,Receiver,6499,9.852128,0.978896,1697693,0.0,0.935126,0,0,13,1,4,0,2,45.42517437856351,75.01688402479252,11.81154720788021,0.0,0.3333333333333333,0.1507692307692307,0.0714285714285714,0.0
501,1,0,0,1.78,41,178,205604,300000,-1,384927,未知,Call,405000000,960.91,"Apparel, Footwear & Accessories",-1,B,Consigner,1924,31.30105,0.955542,762000000,27.09919,0.982849,0,0,1,0,6,0,2,15.195521366333276,75.72709977879157,61.82169041782026,163.30068855149273,0.125,0.2073170731707317,0.4166666666666667,0.5474358974358975
502,6,1,0,77.144,231,253,183889,211466,0,427852,未知,Internal Software,-10720,376.53,Miscellaneous Goods,-1,C,Consigner,75162,0.0,0.98693,403929,8.950806,0.914049,0,2,14,0,0,0,2,186.153782404103,69.88451229595863,83.80393880479427,0.0,0.0,0.208955223880597,0.2442307692307692,0.0
503,2,0,0,399.473,178,6,227346,103664,-1,427763,Damage,Internal Software,15459,917.5,Home Improvement and Building Material,-1,B,Consigner,793,0.0,0.987679,387682,2.995382,0.967562,1,2,10,0,2,0,2,59.71452989301516,77.94187064631588,93.95808297694902,6.800010826318781,0.1660079051383399,0.1875,0.2585987261146497,0.0
504,2,0,0,1027.42,194,118,63038,343921,-1,427787,未知,Call,386523,2091.32,Miscellaneous Goods,-1,B,Receiver,38987,78.95311,0.995588,46941,73.98348,0.985057,0,0,14,1,5,0,2,149.3218894878137,87.17605904958299,25.436037915046825,0.0,0.375,0.0833333333333333,0.0,0.0
505,1,1,0,0.181,244,152,33270,114756,-1,427860,未知,Call,932796,1935.84,Pharmaceuticals,-1,B,Consigner,104437,5.244286,0.995967,96944,32.8588,0.869713,0,0,15,0,6,0,2,62.08371497907519,64.80066655532329,0.4816509940284511,0.0,0.1346153846153846,0.1458333333333333,0.0,0.0
506,2,0,0,0.0,115,100,205525,154824,-1,61682,Pickup Error,Call,-53123,594.67,Dried Groceries,0,B,Consigner,2891898,0.265302,0.934636,849539,50.77042,0.92925,3,0,5,0,0,0,2,111.8825499384886,111.92654089931048,185.9951346207422,17.315271571005823,0.4285714285714285,0.1985815602836879,0.3333333333333333,0.1666666666666666
507,2,0,0,132.654,109,132,176609,241996,-1,427764,Suspected Lost,Call,53208,623.43,Miscellaneous Goods,-1,B,Consigner,6045,0.0,0.99281,1164731,0.207893,0.953514,5,0,14,0,2,0,2,45.374295092323,56.88193748364041,,0.0,0.25,0.1636363636363636,,0.0
508,2,1,0,0.934,146,3,13740,53737,-1,427852,未知,Vendor Consultation,73002,164.66,"Apparel, Footwear & Accessories",-1,B,Consigner,488031,1.677726,0.966666,279472,1.768519,0.967919,0,6,1,0,2,0,2,75.50373567911244,63.81099393925928,521.33,70.43975206850244,0.3,0.1170212765957446,2.0,0.5
509,2,0,0,470.663,244,43,181672,354660,-1,427518,未知,Call,-70774,240.08,Home Improvement and Building Material,-1,C,Consigner,859792,26.3757,0.998787,33382,32.59367,0.999997,0,0,10,0,0,0,2,62.08371497907519,47.014223570793376,274.2792605181726,21.865658747300216,0.1346153846153846,0.1428571428571428,0.0,0.0
510,5,0,0,928.866,190,101,114270,165870,-1,-46750,Damage,Internal Software,120005,1531.5,Beauty & Daily Essentials,0,B,Consigner,326613,5.363437,0.996925,735019,8.46301,0.952697,1,2,3,0,3,0,2,73.48402451815683,58.58878798840541,,0.0,0.1560693641618497,0.1323529411764706,,0.0
511,2,0,0,0.0,0,16,83412,287737,-1,427753,Suspected Lost,Call,49663,146.97,Appliances,-1,Not Known,Receiver,291903,17.65155,0.997595,1007642,0.572133,0.999913,5,0,2,1,2,0,2,57.22795965470159,27.43363821810541,4.350473205135933,19.278148891162665,0.1678082191780822,0.0,0.0,0.125
512,2,0,1,511.776,179,42,227346,102098,-1,427836,Damage,Call,35742,903.92,Miscellaneous Goods,-1,B,Consigner,3782,13.54939,0.939746,293373,35.80536,0.911673,1,0,14,0,2,0,2,56.8349237193444,47.89018349830656,93.95808297694902,82.94170936782488,0.1497584541062802,0.0571428571428571,0.2585987261146497,0.4
513,2,0,0,351.902,146,265,205035,183090,-1,427833,未知,Internal Software,687726,291.32,Household Goods,0,C,Consigner,65543,8.043922,0.994296,268242,60.63367,0.919004,0,2,11,0,6,0,2,75.50373567911244,47.01000912481557,14.1543583749513,0.0,0.3,0.0,0.0,0.0
514,2,0,0,440.193,5,79,192621,165870,-1,427760,未知,Call,-41204,1377.24,Dried Groceries,0,Staff,Consigner,60621,32.68103,0.999001,282473,47.82303,0.990367,0,0,5,0,0,0,2,64.35039757274271,41.96640113648718,4.191708391303503,0.0,0.0975609756097561,0.2758620689655172,0.0,0.0
515,2,0,0,809.135,117,132,183889,211546,-1,427857,未知,Call,320375,1863.7,Miscellaneous Goods,0,B,Receiver,252072,38.40287,0.989523,239692,56.86941,0.98404,0,0,14,1,5,0,2,57.51283596595224,56.88193748364041,83.80393880479427,0.4365899117732442,0.1052631578947368,0.1636363636363636,0.2442307692307692,0.0
516,2,0,0,392.016,151,100,224840,300000,-1,421801,未知,Call,739000000,3155.72,Miscellaneous Goods,0,C,Consigner,122220,0.39021,0.999681,17197355,85.30051,0.957599,0,0,14,0,6,0,2,55.000321274151965,111.92654089931048,65.31524207556211,163.30068855149273,0.0828402366863905,0.1985815602836879,0.4782608695652174,0.5474358974358975
517,2,0,0,676.544,22,271,26298,240789,-1,427858,Suspected Lost,Mini Program,104449,822.95,Miscellaneous Goods,0,Staff,Consigner,15515,11.12106,0.985085,139386,42.90643,0.986318,5,4,14,0,3,0,2,196.6185309081795,24.09621176644301,9.568128241395568,0.0,0.1818181818181818,0.3448275862068966,2.0,0.0
518,3,0,0,16.585,132,193,3778,137905,-1,427795,Damage,Call,-53334,144.39,Home Improvement and Building Material,0,Not Known,Consigner,649227,24.21375,0.993404,200849,8.019964,0.999201,1,0,10,0,0,0,2,52.70819341651338,27.46228828491764,3.935805422647528,1.6756357063632257,0.2071428571428571,0.217391304347826,0.0,0.0
519,2,0,0,4.263,198,222,63940,252374,1,203068,Damage,Call,-66498,511.82,Hardware,-1,C,Consigner,111765,11.91376,0.90259,230024,27.69054,0.992659,1,0,9,0,0,0,2,47.532725738254,77.81584876066215,68.33529181355269,0.0,0.1111111111111111,0.1598173515981735,1.0,0.0
520,2,0,0,1281.195,151,178,23605,332906,1,427824,Pickup Error,Internal Software,1189454,3414.75,Miscellaneous Goods,1,C,Receiver,81,113.7123,0.995782,8341,230.7222,0.994801,3,2,14,1,6,0,2,55.000321274151965,75.72709977879157,32.26880053668856,10.922083772276336,0.0828402366863905,0.2073170731707317,0.375,0.0
521,2,0,0,16.199,13,132,45995,305329,-1,-15835,Pickup Error,Call,814179,313.83,Fresh,-1,B,Consigner,55892,50.42155,0.994246,397226,9.473127,0.925955,3,0,7,0,6,1,1,117.72169897217258,56.88193748364041,261.385,55.393905657139584,0.2748538011695906,0.1636363636363636,0.0,0.5
522,5,0,0,306.804,207,0,227346,300000,1,427114,Pickup Error,Internal Software,843000000,4011.57,Pharmaceuticals,0,B,Consigner,4661,29.80569,0.982403,3914107,60.50901,0.937018,3,2,15,0,6,0,2,74.1529936661414,75.01688402479252,93.95808297694902,163.30068855149273,0.4594594594594595,0.1507692307692307,0.2585987261146497,0.5474358974358975
523,2,1,0,129.801,43,2,67785,436934,-1,75146,未知,Vendor Consultation,312565,158.81,Fresh,-1,B,Consigner,76345,13.90593,0.999989,487673,2.950385,0.972142,0,6,7,0,5,1,1,71.58077320943575,93.3192184944359,0.0,5.188786957848654,0.075,0.1111111111111111,0.0,0.0
524,2,0,0,10.367,43,235,201311,450906,-1,-55780,未知,Internal Software,559687,238.12,Household Goods,-1,C,Receiver,1734472,69.79257,0.763472,291556,19.94785,0.943869,0,2,11,1,5,0,2,71.58077320943575,58.86124754081313,0.0,0.0,0.075,0.25,0.0,0.0
525,2,1,0,586.917,28,309,64534,241933,1,427863,Suspected Lost,Call,-81991,457.59,Miscellaneous Goods,-1,B,Consigner,191834,0.0,0.887077,292488,36.54235,0.970552,5,0,14,0,0,0,2,13.882312037163258,8.616176162363148,0.0,7.277597618213417,0.0,0.0,0.0,0.0
526,2,1,0,13.286,106,222,181360,6240,-1,42616,Damage,Call,749728,100.2,Documents & Bills,-1,C,Consigner,152220,5.192025,0.95552,116687,35.03165,0.953753,1,0,4,0,6,0,2,36.14329446399336,77.81584876066215,17.793523844052274,,0.2692307692307692,0.1598173515981735,0.0,
527,2,0,0,861.132,145,173,183889,393600,-1,45131,Damage,Call,93705,1427.76,Dried Groceries,-1,C,Consigner,145876,76.19593,0.985201,53166,103.5553,0.999429,1,0,5,0,3,0,2,69.30729146363558,33.92099111754214,83.80393880479427,0.0,0.1590909090909091,0.0,0.2442307692307692,0.0
528,2,0,0,181.348,2,125,185890,22458,-1,-3584,未知,Call,773281,660.89,Hardware,1,B,Consigner,456224,35.37398,0.972,164207,38.64225,0.947588,0,0,9,0,6,0,2,56.04468495785089,73.66751450015366,5.359993903252233,0.0,0.0935960591133004,0.1523809523809524,0.0,0.0
529,2,0,0,44.101,179,91,75124,164856,-1,-130230,Damage,Call,-63880,371.08,Furniture,0,C,Consigner,882525,3.873875,0.975579,46796,14.85366,0.989809,1,0,8,0,0,0,2,56.8349237193444,38.50516592325653,,5.357733872530553,0.1497584541062802,0.3870967741935484,,0.0
530,2,0,0,37.08,3,88,184070,146691,-1,427860,Damage,Call,903324,504.86,Electronic Product,1,B,Consigner,248707,30.79346,0.977773,160909,27.19366,0.965239,1,0,6,0,6,0,2,41.966021036266106,79.74310528281981,1.6690801983005978,,0.1538461538461538,0.2061855670103092,0.0,
531,2,0,0,259.956,220,134,119485,266156,-1,427565,Pickup Error,Call,1562008,807.61,Alcohol,0,Staff,Consigner,23969,79.11241,0.985637,127924,67.97536,0.973333,3,0,0,0,6,0,2,72.30195311537067,46.10167247042128,0.581473968897904,3.282851038503713,0.1304347826086956,0.0869565217391304,0.0,0.0
532,2,0,0,0.0,127,169,199330,232780,-1,427789,未知,Call,1123118,110.5,Jewelry,0,B,Consigner,1416014,19.04652,0.965354,848916,0.0,0.927521,0,0,12,0,6,0,2,59.84735359218162,4.134345806536753,40.2113409098725,0.0,0.1397849462365591,0.2222222222222222,0.0,0.0
533,2,1,1,59.72,1,28,219553,91624,-1,-49756,Pickup Error,Mini Program,190802,182.86,Jewelry,0,B,Consigner,104096,3.751481,0.892925,741084,0.479896,0.993436,3,4,12,0,4,0,2,69.06443164317325,22.12545076564436,0.0,0.0,0.1802721088435374,0.2857142857142857,0.0,0.0
534,2,0,0,0.0,4,134,16304,82422,-1,29868,Suspected Lost,Vendor Consultation,381,189.48,Electronic Product,-1,C,Consigner,140034,7.403257,0.904623,940042,2.382058,0.964256,5,6,6,0,2,0,2,60.02737754693536,46.10167247042128,3.101405345825296,,0.1592356687898089,0.0869565217391304,0.0,
535,2,1,0,493.265,3,222,223753,229373,-1,-83732,Pickup Error,Call,553814,811.48,Documents & Bills,-1,B,Consigner,130350,63.95445,0.741773,102182,8.59467,0.996207,3,0,4,0,5,0,2,41.966021036266106,77.81584876066215,10.44857907571553,20.883859186734828,0.1538461538461538,0.1598173515981735,0.25,0.0
536,2,1,0,1010.059,132,100,300000,300000,-1,427864,Damage,Call,174000000,2992.28,Dried Groceries,-1,B,Consigner,93273,192.6964,0.980615,85232350,39.07164,0.986962,1,0,5,0,6,0,2,52.70819341651338,111.92654089931048,37.641990060787286,163.30068855149273,0.2071428571428571,0.1985815602836879,0.52,0.5474358974358975
537,2,0,0,2.968,94,215,205945,439028,-1,427647,未知,Call,-26771,721.14,Dried Groceries,0,C,Consigner,68489,37.05492,0.992053,689832,13.20707,0.982838,0,0,5,0,0,0,2,53.703811704376186,76.55751163645215,17.79907778006222,144.56117287987792,0.1428571428571428,0.1515151515151515,0.0,0.5
538,1,0,0,63.638,207,291,183889,300000,-1,300975,Suspected Lost,Call,423000000,1486.32,Miscellaneous Goods,-1,C,Unknown,5321198,13.00391,0.950509,7120000000,7.683388,0.998537,5,0,14,3,6,0,2,74.1529936661414,67.74750724681486,83.80393880479427,163.30068855149273,0.4594594594594595,0.4782608695652174,0.2442307692307692,0.5474358974358975
539,2,1,0,162.552,4,211,98222,27455,-1,-38670,未知,Call,284612,1356.67,Hardware,0,C,Consigner,678042,0.749153,0.895842,1408321,0.0,0.968217,0,0,9,0,5,0,2,60.02737754693536,74.44213332427378,0.0,,0.1592356687898089,0.2777777777777778,0.0,
540,2,1,0,60.176,55,97,180886,134733,-1,427864,未知,Call,-40230,517.98,Appliances,0,B,Consigner,17107,2.514002,0.985551,335655,50.37104,0.980067,0,0,2,0,0,0,2,35.60364621033194,13.791098319222607,0.0,0.4036252126609396,0.1212121212121212,0.0,0.0,0.0
541,2,0,0,354.841,161,35,227346,278548,-1,427780,未知,Call,295151,105.67,Appliances,1,B,Consigner,50424,14.31359,0.979793,63805,27.20621,0.892437,0,0,2,0,5,0,2,14.338865474259906,268.8286369301284,93.95808297694902,0.0,0.0,0.0,0.2585987261146497,0.0
542,2,1,0,1.174,151,57,187060,326016,-1,427828,未知,Call,15205,140.91,Electronic Product,-1,C,Consigner,1626333,2.393682,0.990349,268419,0.939626,0.933464,0,0,6,0,2,0,2,55.000321274151965,23.13001228133217,31.54323815340765,226.70138888888889,0.0828402366863905,0.75,0.0,0.0
543,2,0,0,140.816,232,274,191336,300000,-1,427848,Pickup Error,Vendor Consultation,662000000,2956.6,Home Improvement and Building Material,-1,B,Consigner,36048117,27.01758,0.978452,3874926,0.522593,0.908584,3,6,10,0,6,0,2,47.355810569472624,126.32811879679848,180.7374456919535,163.30068855149273,0.4210526315789473,0.5,0.3846153846153846,0.5474358974358975
544,2,1,0,230.737,99,199,185333,334413,-1,427782,Damage,Mini Program,260419,512.38,Electronic Product,0,C,Consigner,26556,111.2328,0.999429,51259,50.72873,0.999945,1,4,6,0,5,0,2,65.94900544613762,65.33437063477945,32.688566436982946,0.0,0.211864406779661,0.3513513513513513,0.0,0.0
545,2,0,0,387.911,1,97,97270,68688,-1,-46082,Suspected Lost,Call,919279,603.18,Hardware,0,C,Unknown,34554,26.23635,0.998118,374900,46.75793,0.990986,5,0,9,3,6,0,2,69.06443164317325,13.791098319222607,46.16707782866526,5.020909222596568,0.1802721088435374,0.0,0.0,0.0
546,1,0,0,42.324,127,179,21746,230032,-1,427860,未知,Call,963504,178.73,Dried Groceries,0,C,Consigner,187124,14.37893,0.997086,335260,5.098541,0.994501,0,0,5,0,6,0,2,59.84735359218162,49.485349035609424,8.663020678690126,5.206807528215208,0.1397849462365591,0.17578125,1.0,0.0
547,2,0,1,66.261,168,177,41387,268424,-1,427859,Damage,Internal Software,77212,122.22,Miscellaneous Goods,-1,B,Consigner,105565,11.90581,0.985354,28024,60.13953,0.930986,1,2,14,0,2,0,2,114.70883773869524,30.715102919262318,154.73839662447256,28.910387871552828,0.064516129032258,0.25,0.0,0.0
548,2,0,0,34.815,222,41,183889,31858,-1,179234,未知,Call,1023291,428.4,Documents & Bills,0,B,Consigner,11808,9.52867,0.972022,670129,8.502229,0.874966,0,0,4,0,6,0,2,44.00935888510234,13.251155129314414,83.80393880479427,1.0487107182560127,0.173469387755102,0.0,0.2442307692307692,1.0
549,5,0,0,104.634,55,1,136373,147158,-1,427631,未知,Call,563530,106.24,Maternity & Baby Products,-1,B,Consigner,16671,116.0901,0.980225,994830,14.73991,0.993583,0,0,13,0,5,0,2,35.60364621033194,69.89628878079544,368.83,39.81377719182598,0.1212121212121212,0.12,0.0,0.0
550,2,0,0,141.281,8,100,100424,325168,-1,427861,Pickup Error,Internal Software,983437,400.62,"Apparel, Footwear & Accessories",0,B,Unknown,114579,16.28868,0.993298,193905,24.61246,0.923733,3,2,1,3,6,0,2,53.4968995680882,111.92654089931048,,111.8726840353138,0.12,0.1985815602836879,,1.0
551,2,0,0,122.07,3,151,17584,394815,-1,5554,未知,Internal Software,111173,199.99,Hardware,-1,B,Consigner,345144,4.29043,0.947979,420284,42.07565,0.99945,0,2,9,0,3,0,2,41.966021036266106,62.91307713975876,8.147865232899328,8.247989513543457,0.1538461538461538,0.1176470588235294,0.0,0.0
552,2,1,0,526.204,189,3,210258,290644,-1,427864,Suspected Lost,Call,-4766,494.93,Household Goods,0,C,Consigner,12229,19.0361,0.991218,496539,9.607351,0.848385,5,0,11,0,0,0,2,195.03697485801985,63.81099393925928,0.0,6.7983254255388745,0.2619047619047619,0.1170212765957446,0.0,0.0
553,2,0,0,4.767,201,154,61257,253312,-1,13046,未知,Internal Software,63756,1102.03,Miscellaneous Goods,-1,C,Consigner,561368,18.56562,0.999405,268616,2.63803,0.969961,0,2,14,0,2,0,2,116.26723222288638,50.479144433344814,15.683285959855455,,0.4814814814814814,0.3076923076923077,0.25,
554,2,0,0,34.064,100,222,227346,418289,1,427849,未知,Call,80474,539.14,Electronic Product,0,C,Consigner,631219,26.42072,0.990401,526549,17.4491,0.918484,0,0,6,0,2,0,2,57.27817095022288,77.81584876066215,93.95808297694902,13.130491759211036,0.1162790697674418,0.1598173515981735,0.2585987261146497,0.0
555,2,1,0,61.033,14,110,201489,438042,-1,-78790,未知,Call,-18860,1080.47,Furniture,-1,C,Consigner,175794,11.825,0.952082,301769,12.46719,0.984293,0,0,8,0,0,0,2,46.7451960537384,63.258594293395895,157.55368793219986,0.0,0.0555555555555555,0.1219512195121951,0.0,0.0
556,2,0,0,169.058,132,179,10093,207548,-1,427798,未知,Vendor Consultation,839380,371.88,Pharmaceuticals,0,C,Consigner,314998,18.02146,0.982592,276609,9.668828,0.9349,0,6,15,0,6,0,2,52.70819341651338,49.485349035609424,2.4333184928964595,4.039526147866586,0.2071428571428571,0.17578125,0.0,0.0
557,2,0,0,86.976,115,3,224848,27347,-1,427779,未知,Call,11686,637.62,Dried Groceries,-1,Not Known,Consigner,6847,179.4677,0.999159,51346,132.1835,0.999357,0,0,5,0,2,0,2,111.8825499384886,63.81099393925928,11.81154720788021,0.0,0.4285714285714285,0.1170212765957446,0.0714285714285714,0.0
558,2,1,0,95.124,147,215,112771,430285,-1,427840,未知,Call,421169,139.15,Jewelry,-1,B,Consigner,700,50.71686,0.984726,220527,64.5834,0.99405,0,0,12,0,5,0,2,45.57215363038746,76.55751163645215,0.0,0.0,0.2,0.1515151515151515,0.0,0.0
559,2,0,1,109.794,168,1,156557,279068,-1,427864,Damage,Call,1580895,470.34,Furniture,0,C,Unknown,163858,13.59588,0.956402,324297,22.56442,0.993021,1,0,8,3,6,0,2,114.70883773869524,69.89628878079544,122.48751697959452,0.0,0.064516129032258,0.12,0.2,0.0
560,2,0,0,10.042,19,271,69151,138466,-1,427861,未知,Call,5648838,238.88,Home Improvement and Building Material,0,B,Consigner,1117469,19.86932,0.95577,6793,10.18349,0.991626,0,0,10,0,6,0,2,9.293604846134908,24.09621176644301,2.437210975528202,0.0,0.0,0.3448275862068966,0.0,0.0
561,5,1,0,28.671,101,110,114186,148488,0,427837,Damage,Call,-43142,258.29,Pharmaceuticals,-1,C,Consigner,496032,21.22379,0.989174,334776,36.05146,0.973097,1,0,15,0,0,0,2,94.6704948186992,63.258594293395895,6.130247311295039,2.4298484080541867,0.2333333333333333,0.1219512195121951,0.0,0.0
562,2,0,0,34.851,180,190,160517,399343,-1,427807,未知,Internal Software,26524,100.25,Furniture,1,B,Consigner,1484091,0.0,0.961084,676925,0.622204,0.93923,0,2,8,0,2,0,2,50.83458178883807,47.29286625931772,0.0,4.944565444152056,0.1333333333333333,0.1052631578947368,0.0,0.25
563,2,0,0,254.745,91,79,202248,73249,-1,427823,未知,Mini Program,2255362,783.14,Dried Groceries,0,C,Consigner,1223133,0.0,0.962592,236569,29.51558,0.990884,0,4,5,0,6,0,2,22.138572095820624,41.96640113648718,7.831567858605958,1.5078785875012168,0.2307692307692307,0.2758620689655172,0.0,0.0
564,2,0,0,157.179,30,158,83871,302344,-1,427857,未知,Call,1127170,103.83,Home Improvement and Building Material,-1,Not Known,Consigner,1512855,0.0,0.995992,141686,9.427642,0.982695,0,0,10,0,6,0,2,175.3065209946958,63.91833902730377,0.0,,0.0,0.1666666666666666,0.0,
565,2,1,0,269.295,185,343,191336,300000,-1,427829,未知,Mini Program,766000000,3219.92,Pharmaceuticals,0,B,Consigner,4381,33.32355,0.999876,59672376,40.06026,0.997935,0,4,15,0,6,0,2,64.67006111935692,140.5540846324199,180.7374456919535,163.30068855149273,0.1851851851851851,0.4761904761904761,0.3846153846153846,0.5474358974358975
566,2,0,0,746.555,102,153,210274,140378,-1,427864,未知,Internal Software,210133,625.81,Dried Groceries,-1,B,Receiver,378643,0.73846,0.983343,190301,17.33303,0.967372,0,2,5,1,4,0,2,84.99396693620673,52.38805426785157,15.726402533319122,203.9518051869039,0.1518987341772152,0.1818181818181818,0.0,0.0
567,2,0,0,1141.349,146,43,106371,408019,-1,-139103,Suspected Lost,Internal Software,-59828,1586.84,Documents & Bills,-1,Staff,Consigner,318394,22.52427,0.90995,55036,5.670289,0.968423,5,2,4,0,0,0,2,75.50373567911244,47.014223570793376,0.0,0.7710389274392693,0.3,0.1428571428571428,0.0,0.0
568,2,0,0,155.688,164,99,958,97774,-1,-142102,Pickup Error,Internal Software,881408,639.38,Hardware,-1,C,Receiver,51228,7.706712,0.984281,874841,11.00792,0.99746,3,2,9,1,6,0,2,59.72498410518864,39.75074374258253,4.667841920871176,0.0,0.1617647058823529,0.1505376344086021,0.0,0.0
569,2,1,0,6.785,187,1,176522,380533,-1,-61447,未知,Internal Software,1896724,333.73,Home Improvement and Building Material,-1,Not Known,Consigner,1768652,0.0,0.754837,119541,7.997287,0.805736,0,2,10,0,6,0,2,50.57901513935886,69.89628878079544,67.75924776122132,5.5424644728844585,0.1261261261261261,0.12,0.2,0.5
570,2,1,0,0.555,175,178,120054,133280,-1,427676,Damage,Vendor Consultation,80446,672.91,Dried Groceries,-1,Not Known,Consigner,147333,2.490277,0.980233,1256312,14.56011,0.803238,1,6,5,0,2,0,2,110.32680013625952,75.72709977879157,3.001246292129321,0.0,0.3333333333333333,0.2073170731707317,0.0,0.0
571,2,0,0,37.388,256,265,197553,71036,-1,-88649,Suspected Lost,Call,169523,410.88,Pharmaceuticals,0,B,Consigner,20202,4.661974,0.99955,34931,82.73577,0.972033,5,0,15,0,3,0,2,63.02678114229304,47.01000912481557,312.78449282805343,0.0,0.125,0.0,0.2608695652173913,0.0
572,2,0,0,117.555,117,151,222763,22896,-1,427445,未知,Internal Software,469805,164.41,Home Improvement and Building Material,-1,B,Receiver,416917,14.1372,0.967896,334535,2.909423,0.991389,0,2,10,1,5,0,2,57.51283596595224,62.91307713975876,143.506494146642,184.77,0.1052631578947368,0.1176470588235294,0.0,0.0
573,2,0,0,109.903,1,329,227346,362093,-1,427850,Pickup Error,Vendor Consultation,-3654,395.86,Jewelry,-1,B,Consigner,233464,4.372854,0.925169,59360,4.364835,0.970416,3,6,12,0,0,0,2,69.06443164317325,50.90380172087939,93.95808297694902,119.7402355315706,0.1802721088435374,0.5,0.2585987261146497,0.0
574,2,0,0,145.586,207,106,72009,300000,-1,427864,Suspected Lost,Internal Software,309000000,3427.32,Appliances,-1,B,Receiver,4598539,28.09738,0.994446,610000000,13.58627,0.910421,5,2,2,1,6,0,2,74.1529936661414,49.82089121674756,88.98416554029349,163.30068855149273,0.4594594594594595,0.1538461538461538,0.3333333333333333,0.5474358974358975
575,2,0,0,17.021,142,238,210232,234667,-1,-28115,未知,Call,-78560,783.04,Appliances,0,B,Consigner,79386,19.22507,0.889074,56073,8.195337,0.995115,0,0,2,0,0,0,2,91.575345523678,84.51278515195959,139.9140213055044,0.6722621955683944,0.1756756756756756,0.2,0.1481481481481481,0.0
576,5,0,0,252.338,242,99,66685,8331,-1,6933,Pickup Error,Call,372432,1501.27,Miscellaneous Goods,0,Not Known,Receiver,6737,100.9955,0.999991,513142,95.13065,0.959901,3,0,14,1,5,0,2,56.980412292329696,39.75074374258253,7.463209029861409,0.0,0.1,0.1505376344086021,0.0,0.0
577,2,0,0,5.17,145,189,142831,11353,1,427847,Damage,Call,9943,225.36,Alcohol,0,B,Consigner,11237,2.26395,0.96485,979937,0.0,0.96188,1,0,0,0,2,0,2,69.30729146363558,58.29261195317029,,2.171985573996857,0.1590909090909091,0.1521739130434782,,0.0
578,2,1,0,449.381,146,1,199261,300000,1,427864,未知,Call,735000000,1418.71,Home Improvement and Building Material,0,B,Consigner,242562,139.6145,0.994116,172000000,119.5363,0.996565,0,0,10,0,6,0,2,75.50373567911244,69.89628878079544,70.13925554206644,163.30068855149273,0.3,0.12,0.2222222222222222,0.5474358974358975
579,2,0,0,94.693,13,203,23677,284173,-1,-74676,Damage,Call,1424841,146.88,Alcohol,0,Staff,Consigner,13556,18.51485,0.966131,5527,59.36339,0.997555,1,0,0,0,6,0,2,117.72169897217258,73.82922603912272,0.5013326803356659,140.4582859635262,0.2748538011695906,0.25,0.0,0.0
580,2,1,0,36.049,186,57,175660,249642,-1,2499,未知,Internal Software,958235,118.42,Maternity & Baby Products,-1,C,Receiver,8358,5.985871,0.99997,379083,0.0,0.888635,0,2,13,1,6,0,2,26.671001699995884,23.13001228133217,10.692410687253826,9.665886134706197,0.0,0.75,0.0,0.0
581,5,0,0,8.408,211,137,206750,149966,-1,427864,未知,Mini Program,639736,158.77,Alcohol,0,C,Consigner,1293865,0.0,0.988242,1508712,0.0,0.873124,0,4,0,0,6,0,2,95.356323113403,40.54514853954838,29.280215769519717,55.09717264355918,0.1041666666666666,0.1012658227848101,0.0,1.0
582,2,0,0,204.753,99,319,193886,300000,-1,427854,Pickup Error,Call,539000000,2112.36,Miscellaneous Goods,0,B,Unknown,2075007,47.31568,0.994018,4400000000,18.82408,0.920736,3,0,14,3,6,0,2,65.94900544613762,150.86048986331326,183.07850421942743,163.30068855149273,0.211864406779661,0.275,0.2535211267605634,0.5474358974358975
583,2,0,1,63.243,211,3,1030,208538,-1,427824,未知,Call,-47605,298.92,"Apparel, Footwear & Accessories",-1,B,Consigner,338256,27.97002,0.976976,65000,73.29841,0.848277,0,0,1,0,0,0,2,95.356323113403,63.81099393925928,34.99450868258708,0.0,0.1041666666666666,0.1170212765957446,0.5,0.0
584,2,0,0,392.914,193,319,183035,300000,-1,427864,Pickup Error,Call,396000000,4501.5,Fresh,-1,B,Unknown,16293100,13.26742,0.983974,95315144,19.08739,0.989022,3,0,7,3,6,1,1,99.9740257904606,150.86048986331326,78.04631246771224,163.30068855149273,0.2307692307692307,0.275,0.25,0.5474358974358975
585,2,0,0,256.981,134,190,32229,337722,-1,427664,Damage,Call,-30211,1030.87,Appliances,0,B,Consigner,173949,49.92264,0.990495,17003,103.0227,0.979661,1,0,2,0,0,0,2,42.53778943894619,47.29286625931772,0.0,30.198595032762533,0.1538461538461538,0.1052631578947368,0.0,0.25
586,2,0,0,385.519,253,93,214668,299367,-1,139431,未知,Call,-68500,699.39,Documents & Bills,0,B,Consigner,25973,54.4076,0.987141,52102,30.71957,0.997562,0,0,4,0,0,0,2,63.03159537877947,41.18230514125912,13.02378667220046,,0.1228070175438596,0.0357142857142857,0.0,
587,2,0,0,504.308,218,34,183889,300000,-1,427597,Pickup Error,Call,945000000,2751.68,Electronic Product,-1,Not Known,Consigner,14879821,58.89077,0.991863,203000000,112.2719,0.994538,3,0,6,0,6,0,2,45.42517437856351,62.51602380669991,83.80393880479427,163.30068855149273,0.3333333333333333,0.3157894736842105,0.2442307692307692,0.5474358974358975
588,2,1,0,145.182,102,136,209602,300000,-1,427864,未知,Internal Software,725000000,1453.66,Maternity & Baby Products,0,B,Consigner,14614,100.4556,0.988633,7630000000,0.0,0.998897,0,2,13,0,6,0,2,84.99396693620673,153.9090693587367,92.7919306651536,163.30068855149273,0.1518987341772152,0.1428571428571428,0.5909090909090909,0.5474358974358975
589,2,0,0,4.381,151,110,204915,250443,-1,427796,Damage,Call,791137,780.52,Pharmaceuticals,-1,Not Known,Consigner,364811,0.0,0.926494,778485,0.0,0.966013,1,0,15,0,6,0,2,55.000321274151965,63.258594293395895,59.62575890788686,28.693245354250436,0.0828402366863905,0.1219512195121951,0.0,0.0
590,2,0,0,257.231,0,63,49830,298971,-1,40926,Pickup Error,Internal Software,27268,770.18,Miscellaneous Goods,1,C,Consigner,9164,38.64338,0.943342,300607,0.0,0.958594,3,2,14,0,2,0,2,57.22795965470159,52.20261068322199,0.0,0.0,0.1678082191780822,0.2941176470588235,0.0,0.0
591,3,0,0,140.797,190,97,54552,192975,-1,427823,Pickup Error,Call,1083744,1648.08,Appliances,-1,C,Unknown,43165,7.233469,0.999354,116790,21.03342,0.99558,3,0,2,3,6,0,2,73.48402451815683,13.791098319222607,6.046191461751252,97.1959102471162,0.1560693641618497,0.0,0.0,0.25
592,2,0,0,48.572,169,199,211449,300000,-1,347304,Damage,Call,316000000,2791.16,Home Improvement and Building Material,1,B,Consigner,8019863,73.66663,0.986575,5602520,32.54106,0.99849,1,0,10,0,6,0,2,79.91551653024653,65.33437063477945,77.2949522714683,163.30068855149273,0.4285714285714285,0.3513513513513513,0.5384615384615384,0.5474358974358975
593,2,0,0,27.952,142,0,176820,358198,1,427863,Pickup Error,Call,-52994,522.53,Miscellaneous Goods,0,B,Consigner,296010,11.04103,0.962209,1071863,18.20716,0.969291,3,0,14,0,0,0,2,91.575345523678,75.01688402479252,25.94352246299482,421.4185389398872,0.1756756756756756,0.1507692307692307,0.0,0.3333333333333333
594,2,1,0,173.792,318,1,122304,1844,-1,-168974,未知,Vendor Consultation,-73162,959.91,Hardware,-1,B,Consigner,2833313,4.539583,0.618669,1267692,0.0,0.871762,0,6,9,0,0,0,2,101.98257796760824,69.89628878079544,0.0,0.0,0.0869565217391304,0.12,0.0,0.0
595,2,1,0,8.376,305,20,183889,138645,-1,427843,Suspected Lost,Call,319149,738.4,Appliances,-1,B,Receiver,700555,4.493696,0.978664,493394,20.60441,0.988648,5,0,2,1,5,0,2,12.56695782993954,37.02322078222722,83.80393880479427,0.0,0.25,0.1428571428571428,0.2442307692307692,0.0
596,2,0,0,115.4,207,178,215974,300000,-1,427168,Damage,Call,715000000,1776.82,Miscellaneous Goods,0,C,Receiver,13930059,28.8024,0.992193,6060000000,2.808456,0.946109,1,0,14,1,6,0,2,74.1529936661414,75.72709977879157,81.4699013359998,163.30068855149273,0.4594594594594595,0.2073170731707317,0.4375,0.5474358974358975
597,7,1,0,86.859,88,178,227346,120546,1,427819,Damage,Call,110501,127.05,Miscellaneous Goods,0,B,Receiver,71247,189.267,0.952533,14699,66.22009,0.982237,1,0,14,1,3,0,2,116.52863038936586,75.72709977879157,93.95808297694902,0.0,0.0925925925925925,0.2073170731707317,0.2585987261146497,0.0
598,2,1,0,346.72,143,25,208059,218897,-1,427864,未知,Call,-75142,126.1,Alcohol,0,B,Receiver,132761,47.37555,0.982478,93103,57.98478,0.992466,0,0,0,1,0,0,2,38.45695991907031,58.087333342513965,0.0,0.0,0.1136363636363636,0.14,0.0,0.0
599,3,0,0,151.148,110,222,13085,130810,-1,427861,Damage,Call,-23647,2167.52,Household Goods,0,B,Consigner,134803,3.281286,0.961795,389744,47.16523,0.984742,1,0,11,0,0,0,2,110.78491220508148,77.81584876066215,0.0,0.0,0.2539682539682539,0.1598173515981735,0.0,0.0
600,2,0,0,246.277,146,134,173857,120976,-1,159144,Pickup Error,Call,95,550.52,Household Goods,-1,B,Consigner,130380,44.96166,0.89382,21020,54.21555,0.98604,3,0,11,0,2,0,2,75.50373567911244,46.10167247042128,16.543789678460513,44.56020427130762,0.3,0.0869565217391304,0.0,1.0
601,2,0,0,16.827,179,136,181711,65584,-1,427857,未知,Call,-6556,517.89,Dried Groceries,0,C,Receiver,89783,13.87992,0.997343,153571,51.84843,0.994816,0,0,5,1,0,0,2,56.8349237193444,153.9090693587367,72.79076587900117,62.20442571352191,0.1497584541062802,0.1428571428571428,0.0,0.5
602,2,0,0,353.577,146,178,223744,203595,-1,427845,Pickup Error,Mini Program,431561,1060.79,Miscellaneous Goods,0,B,Receiver,42736,19.33562,0.985247,11302,119.3115,0.942406,3,4,14,1,5,0,2,75.50373567911244,75.72709977879157,84.8128817715846,0.0,0.3,0.2073170731707317,0.2727272727272727,0.0
603,2,0,0,804.748,14,23,197856,47928,-1,427806,未知,Call,-79716,493.47,Miscellaneous Goods,0,C,Consigner,111547,88.28591,0.9958,135567,4.526594,0.98877,0,0,14,0,0,0,2,46.7451960537384,61.86596339980573,113.01676336156989,0.0,0.0555555555555555,0.2222222222222222,0.5,0.0
604,2,0,0,853.2,151,14,199576,28587,-1,427859,未知,Call,824411,487.79,Jewelry,0,B,Consigner,151163,85.40805,0.9858,27780,104.0666,0.996747,0,0,12,0,6,0,2,55.000321274151965,62.29691250575112,0.5574316267445077,0.3106756843721366,0.0828402366863905,0.125,0.0,0.0
605,2,0,0,574.981,1,25,216702,357011,-1,-114933,未知,Mini Program,977089,113.36,Hardware,-1,B,Consigner,282422,91.3405,0.995172,732626,1.461139,0.974748,0,4,9,0,6,0,2,69.06443164317325,58.087333342513965,26.27265531001053,4.47167453651448,0.1802721088435374,0.14,0.6666666666666666,0.0
606,2,0,0,237.872,101,199,15877,30661,-1,427852,未知,Call,279168,2403.56,Home Improvement and Building Material,0,C,Receiver,744957,0.0,0.988102,854365,1.921892,0.923516,0,0,10,1,5,0,2,94.6704948186992,65.33437063477945,46.97040480882532,,0.2333333333333333,0.3513513513513513,0.1827956989247312,
607,2,0,1,102.452,146,152,183889,300000,-1,427843,Pickup Error,Call,975000000,2823.94,Maternity & Baby Products,0,B,Consigner,36233909,8.413544,0.972713,1393361,2.904744,0.927308,3,0,13,0,6,0,2,75.50373567911244,64.80066655532329,83.80393880479427,163.30068855149273,0.3,0.1458333333333333,0.2442307692307692,0.5474358974358975
608,2,0,0,45.538,155,3,15877,419445,1,427744,未知,Internal Software,1325697,2601.95,Furniture,-1,B,Consigner,49538,81.45291,0.997928,474328,27.54193,0.982771,0,2,8,0,6,0,2,26.409335201957536,63.81099393925928,46.97040480882532,0.0,0.1666666666666666,0.1170212765957446,0.1827956989247312,0.0
609,2,0,0,274.132,125,0,15877,355607,-1,137412,未知,Call,56438,447.65,Hardware,0,C,Consigner,520,53.96283,0.997988,123506,7.90569,0.995002,0,0,9,0,2,0,2,70.23909957621414,75.01688402479252,46.97040480882532,0.0,0.0793650793650793,0.1507692307692307,0.1827956989247312,0.0
610,2,0,0,1675.552,187,133,220883,343424,-1,427794,未知,Call,874100,666.76,Dried Groceries,-1,B,Consigner,1412,70.84823,0.992054,36329,183.3468,0.915406,0,0,5,0,6,0,2,50.57901513935886,67.74347839244929,135.84925416861563,41.668841488709965,0.1261261261261261,0.1929824561403508,0.1,0.0
611,3,0,0,1100.732,15,215,135223,358703,-1,427851,Damage,Vendor Consultation,-79688,352.89,Dried Groceries,-1,B,Receiver,318671,20.58093,0.97294,625276,8.802971,0.951314,1,6,5,1,0,0,2,80.35899212714475,76.55751163645215,32.78037724813569,0.0,0.0909090909090909,0.1515151515151515,0.0,0.0
612,2,0,0,1.964,218,99,162743,384484,-1,427857,Pickup Error,Call,616111,1119.05,Fresh,0,B,Unknown,2810,0.0,0.986869,899095,20.03062,0.961118,3,0,7,3,6,1,1,45.42517437856351,39.75074374258253,3.7873864559486,234.0,0.3333333333333333,0.1505376344086021,0.0,1.0
613,6,0,1,0.0,151,132,72009,421262,-1,427842,未知,Call,591986,298.08,Beauty & Daily Essentials,-1,B,Consigner,629983,12.15674,0.981574,254918,35.04275,0.996661,0,0,3,0,5,0,2,55.000321274151965,56.88193748364041,88.98416554029349,0.0,0.0828402366863905,0.1636363636363636,0.3333333333333333,0.0
614,2,1,0,8.174,78,88,166513,336568,-1,427815,未知,Call,493910,344.97,Dried Groceries,-1,C,Receiver,1110801,7.132277,0.990503,523291,2.388219,0.997728,0,0,5,1,5,0,2,2.015461461026643,79.74310528281981,1.036307569879638,0.0,0.0,0.2061855670103092,0.0,0.0
615,1,0,0,91.981,137,5,87215,323756,0,427864,Damage,Call,55791,290.37,Jewelry,-1,C,Consigner,1923124,2.663297,0.937114,35216,0.46258,0.968432,1,0,12,0,2,0,2,58.18470170477054,79.69800837324867,14.12056817609566,0.3047609633587591,0.1707317073170731,0.0526315789473684,0.0,0.0
616,3,1,0,2.034,146,178,215140,86952,-1,103134,Pickup Error,Call,395904,1066.75,"Apparel, Footwear & Accessories",0,C,Consigner,420285,1.692036,0.999981,658472,12.54572,0.952888,3,0,1,0,5,0,2,75.50373567911244,75.72709977879157,65.58547197175105,118.646977478665,0.3,0.2073170731707317,1.0,0.0
617,2,0,0,60.303,98,107,15877,331721,-1,427856,未知,Call,786481,329.76,Miscellaneous Goods,-1,B,Consigner,360872,96.09747,0.973699,360855,11.70597,0.887942,0,0,14,0,6,0,2,53.41855203788262,103.77469026595364,46.97040480882532,33.981858473170675,0.1363636363636363,0.1846153846153846,0.1827956989247312,0.0
618,2,1,0,18.976,14,102,179508,318886,-1,-44256,未知,Internal Software,534906,446.06,Documents & Bills,-1,Not Known,Consigner,98786,12.61001,0.966192,605120,55.70314,0.994982,0,2,4,0,5,0,2,46.7451960537384,127.44248338763862,0.0,16.72785580006635,0.0555555555555555,0.1789473684210526,0.0,0.0
619,2,1,0,705.013,220,120,196994,156068,-1,48323,Pickup Error,Call,2428274,702.3,Pharmaceuticals,-1,C,Consigner,93377,29.33888,0.949994,1473,44.54086,0.98552,3,0,15,0,6,0,2,72.30195311537067,58.82366816997872,,,0.1304347826086956,0.2352941176470588,,
620,2,0,0,0.0,107,132,118759,27534,-1,-1195,未知,Call,1009928,137.4,Hardware,-1,C,Receiver,35013,6.734071,0.965909,372279,1.04018,0.996135,0,0,9,1,6,0,2,69.59539401792847,56.88193748364041,0.0,0.0,0.135593220338983,0.1636363636363636,0.0,0.0
621,2,0,0,28.901,88,282,62085,403864,-1,427864,未知,Mini Program,1238253,681.88,Furniture,0,C,Consigner,4283,17.94826,0.962831,249071,45.61903,0.988579,0,4,8,0,6,0,2,116.52863038936586,79.92843650699533,0.0,0.0,0.0925925925925925,0.1,0.0,0.0
622,2,0,0,0.0,55,268,92749,4373,-1,427861,未知,Call,-48359,155.67,Alcohol,-1,B,Consigner,1348499,14.0816,0.937135,860688,0.487764,0.995346,0,0,0,0,0,0,2,35.60364621033194,130.15540902762945,1.5742620773705278,0.0,0.1212121212121212,0.2727272727272727,0.0,0.0
623,2,0,0,22.728,222,137,129800,182765,0,427842,Damage,Call,1445,150.94,Miscellaneous Goods,-1,B,Receiver,232614,68.12483,0.944776,14502,52.43452,0.999145,1,0,14,1,2,0,2,44.00935888510234,40.54514853954838,1.7303130618612097,0.0,0.173469387755102,0.1012658227848101,0.0,0.0
624,2,0,0,102.553,145,243,227346,415859,-1,427863,未知,Vendor Consultation,255526,785.65,Furniture,-1,B,Consigner,258124,2.822222,0.968288,91132,120.3718,0.97805,0,6,8,0,4,0,2,69.30729146363558,61.478185686911466,93.95808297694902,0.9145341977164654,0.1590909090909091,0.0625,0.2585987261146497,0.5
625,2,0,0,21.882,246,214,210232,129408,-1,427863,未知,Call,-26435,165.32,Pharmaceuticals,0,Staff,Receiver,9,78.06732,0.997323,631069,0.0,0.953067,0,0,15,1,0,0,2,87.28839398654806,3.584323334857046,139.9140213055044,,0.1666666666666666,0.2857142857142857,0.1481481481481481,
626,2,0,0,102.431,246,193,191866,79828,-1,9260,Pickup Error,Internal Software,-65661,1194.16,Beauty & Daily Essentials,0,C,Receiver,1438567,0.0,0.803089,133475,17.80731,0.992559,3,2,3,1,0,0,2,87.28839398654806,27.46228828491764,,4.917524712125787,0.1666666666666666,0.217391304347826,,0.25
627,2,0,0,138.16,12,34,227346,212933,-1,60080,Pickup Error,Call,1412249,1409.24,Fresh,-1,C,Receiver,2715,3.335682,0.990543,113092,7.649876,0.9786,3,0,7,1,6,1,1,59.94601001535578,62.51602380669991,93.95808297694902,27.166156982670746,0.2666666666666666,0.3157894736842105,0.2585987261146497,0.0
628,2,0,0,14.776,110,63,227346,90025,-1,427842,未知,Call,251838,100.21,Miscellaneous Goods,0,C,Receiver,43130,42.47133,0.995267,483357,3.070244,0.934462,0,0,14,1,4,0,2,110.78491220508148,52.20261068322199,93.95808297694902,0.0,0.2539682539682539,0.2941176470588235,0.2585987261146497,0.0
629,5,0,0,0.0,151,1,165214,402212,-1,427796,Suspected Lost,Internal Software,272462,234.32,Miscellaneous Goods,0,C,Consigner,901472,0.0,0.97788,3444940,0.0,0.985762,5,2,14,0,5,0,2,55.000321274151965,69.89628878079544,20.50731966994943,112.7653165952468,0.0828402366863905,0.12,0.0,0.0
630,2,0,0,53.935,25,3,74967,257563,-1,53370,未知,Call,-20467,1131.12,Household Goods,-1,B,Consigner,528325,1.465638,0.882195,290983,28.99569,0.973411,0,0,11,0,0,0,2,88.8237010925776,63.81099393925928,0.0,0.0,0.1843137254901961,0.1170212765957446,0.0,0.0
631,2,1,0,0.0,261,37,221060,274426,-1,-12362,Damage,Call,226960,201.5,Hardware,0,B,Unknown,126865,24.57452,0.997884,615372,0.0,0.984644,1,0,9,3,4,0,2,21.984869906697988,71.26297526452987,568.6122125297383,0.0,0.5,0.2033898305084746,0.0,0.0
632,2,0,0,15.925,2,178,33197,41229,-1,427742,未知,Call,-81031,630.34,Miscellaneous Goods,0,B,Consigner,961810,38.07179,0.974803,555091,111.1954,0.998724,0,0,14,0,0,0,2,56.04468495785089,75.72709977879157,0.0,0.0,0.0935960591133004,0.2073170731707317,0.0,0.0
633,2,0,0,238.813,210,343,227346,102098,-1,-126292,未知,Call,979000000,2019.41,Dried Groceries,-1,B,Consigner,2608522,108.8362,0.9967,487000000,10.09193,0.993885,0,0,5,0,6,0,2,36.96542033785124,140.5540846324199,93.95808297694902,82.94170936782488,0.0,0.4761904761904761,0.2585987261146497,0.4
634,5,1,0,62.244,2,137,175660,38904,-1,59557,Suspected Lost,Call,575601,151.54,Furniture,0,B,Consigner,955,34.23782,0.997701,83980,0.0,0.98929,5,0,8,0,5,0,2,56.04468495785089,40.54514853954838,10.692410687253826,12.905043875294284,0.0935960591133004,0.1012658227848101,0.0,0.0
635,2,0,0,98.427,38,0,227346,300000,-1,427864,未知,Mini Program,245000000,1538.14,Beauty & Daily Essentials,0,C,Consigner,85705689,1.163507,0.999133,335000000,2.651103,0.931762,0,4,3,0,6,0,2,83.3897689719621,75.01688402479252,93.95808297694902,163.30068855149273,0.3442622950819672,0.1507692307692307,0.2585987261146497,0.5474358974358975
636,1,0,0,3.442,93,178,183889,191208,-1,427810,未知,Call,496853,117.31,Home Improvement and Building Material,0,B,Consigner,659092,0.0,0.957857,207634,1.488805,0.973251,0,0,10,0,5,0,2,66.74115822236953,75.72709977879157,83.80393880479427,131.2599763328134,0.1304347826086956,0.2073170731707317,0.2442307692307692,0.0
637,2,0,0,584.196,64,152,212182,211546,-1,427864,Damage,Call,304204,1102.28,Furniture,0,Not Known,Consigner,72012,55.73139,0.98961,44331,78.34387,0.999685,1,0,8,0,5,0,2,29.26462912623248,64.80066655532329,62.71522772083796,0.4365899117732442,0.2142857142857142,0.1458333333333333,0.5833333333333334,0.0
638,2,1,0,109.028,42,127,219467,393473,-1,427786,未知,Call,-9419,729.54,Home Improvement and Building Material,0,C,Consigner,184901,40.3855,0.968551,4544,70.40334,0.999658,0,0,10,0,0,0,2,106.19017586084024,63.45537171576693,0.0,33.71581043871142,0.145631067961165,0.2325581395348837,0.0,0.0
639,2,0,0,92.684,6,276,227346,141926,-1,-160437,未知,Call,-70790,609.58,Electronic Product,-1,Not Known,Consigner,1322886,77.3505,0.990749,125748,15.85996,0.870847,0,0,6,0,0,0,2,32.29956245158629,10.135786229263095,93.95808297694902,0.0,0.0555555555555555,0.0,0.2585987261146497,0.0
640,2,1,0,5.644,102,190,185696,301946,1,427863,未知,Call,13839,372.49,Alcohol,0,B,Receiver,1028211,39.15081,0.959589,273154,18.02258,0.999134,0,0,0,1,2,0,2,84.99396693620673,47.29286625931772,15.894726175651249,6.981497522544465,0.1518987341772152,0.1052631578947368,0.0,0.2857142857142857
641,2,0,0,200.32,48,151,73319,108526,-1,35113,Suspected Lost,Call,101346,288.87,Documents & Bills,0,B,Receiver,951875,2.866999,0.922429,578876,5.701352,0.970378,5,0,4,1,3,0,2,57.93111130768895,62.91307713975876,0.0,2.7555807875230305,0.25,0.1176470588235294,0.0,0.0
642,5,0,0,406.036,42,136,104302,151924,-1,427713,Damage,Call,-7236,228.26,Miscellaneous Goods,0,B,Receiver,84047,71.5082,0.992851,88947,6.39026,0.915727,1,0,14,1,0,0,2,106.19017586084024,153.9090693587367,0.444877320471472,,0.145631067961165,0.1428571428571428,0.0,
643,2,0,0,69.964,49,146,49139,406423,-1,21411,Damage,Call,363528,1845.84,Household Goods,0,C,Consigner,899501,23.1441,0.99456,63240,54.9338,0.973952,1,0,11,0,5,0,2,42.30040028980651,100.44850004559429,,10.971941843251152,0.4666666666666667,0.1071428571428571,,0.0
644,2,1,0,162.852,194,11,127520,306491,-1,427807,未知,Call,-80173,1841.09,Fresh,-1,C,Consigner,27795,2.053962,0.993231,768540,70.4051,0.94438,0,0,7,0,0,1,1,149.3218894878137,31.253102632101324,274.769866705464,0.0,0.375,0.0476190476190476,0.0,0.0
645,2,1,0,118.694,187,133,183889,202819,-1,427861,未知,Call,-21263,995.51,Dried Groceries,0,B,Unknown,143068,7.61162,0.99891,288815,0.290718,0.939189,0,0,5,3,0,0,2,50.57901513935886,67.74347839244929,83.80393880479427,4.87082313727548,0.1261261261261261,0.1929824561403508,0.2442307692307692,0.0
646,2,0,1,44.512,132,181,184209,300000,-1,427864,Damage,Call,747000000,1477.78,Miscellaneous Goods,-1,B,Consigner,780018,0.0,0.972105,73552086,21.98424,0.936655,1,0,14,0,6,0,2,52.70819341651338,45.1926466370765,207.5233372303657,163.30068855149273,0.2071428571428571,0.2325581395348837,0.4375,0.5474358974358975
647,2,1,0,215.041,43,98,203720,438250,-1,3257,Suspected Lost,Call,380669,941.38,Hardware,-1,B,Consigner,29988,0.0,0.965965,687425,0.0,0.918527,5,0,9,0,5,0,2,71.58077320943575,65.32592348952949,1.5496407977121611,68.30064438722172,0.075,0.0638297872340425,0.0,0.0
648,2,0,1,56.097,241,94,88308,18342,1,427864,未知,Internal Software,-80592,1028.36,Miscellaneous Goods,-1,C,Consigner,195354,1.893855,0.994844,145350,40.2317,0.997957,0,2,14,0,0,0,2,143.11707551916317,36.228085028893005,2.79719111646132,2.602362305160846,0.4285714285714285,0.25,0.0,1.0
649,2,1,0,88.916,1,298,95055,183010,-1,427843,未知,Call,153022,483.45,Pharmaceuticals,-1,B,Consigner,27947,29.28421,0.945413,457730,41.45416,0.947157,0,0,15,0,3,0,2,69.06443164317325,14.527090133859522,4.9171806353379575,13.89251990994321,0.1802721088435374,0.0,0.0,0.0
650,2,1,0,149.469,270,137,179544,96962,-1,427864,未知,Mini Program,37216,441.69,Jewelry,-1,Not Known,Receiver,38669,15.39527,0.99173,56839,23.03414,0.989136,0,4,12,1,2,0,2,3.568973830235347,40.54514853954838,15.220344705991334,0.0,0.3333333333333333,0.1012658227848101,0.0,0.0
651,2,0,0,478.978,137,125,20262,391645,-1,427715,未知,Call,-74506,358.9,Electronic Product,-1,C,Unknown,52751,64.61929,0.961218,1202709,15.63623,0.851987,0,0,6,3,0,0,2,58.18470170477054,73.66751450015366,2.541776585024819,,0.1707317073170731,0.1523809523809524,0.0,
652,2,0,0,110.41,100,140,2473,128007,-1,-13206,未知,Call,298617,800.39,Hardware,-1,B,Consigner,50586,7.721653,0.990572,21354,28.15662,0.974624,0,0,9,0,5,0,2,57.27817095022288,32.04443699722811,3.281920667838959,0.0,0.1162790697674418,0.1515151515151515,0.0,0.0
653,2,1,1,209.185,4,187,12749,309354,-1,-85401,未知,Call,3436,341.21,Hardware,0,B,Receiver,311792,1.472834,0.999857,288836,14.19493,0.95573,0,0,9,1,2,0,2,60.02737754693536,71.38613126413931,0.0,,0.1592356687898089,0.1777777777777777,0.0,
654,2,0,0,34.318,244,62,183889,230032,-1,427629,Suspected Lost,Call,924483,104.97,Dried Groceries,-1,B,Consigner,498849,0.0,0.993573,219679,14.25223,0.858574,5,0,5,0,6,0,2,62.08371497907519,26.44942264549353,83.80393880479427,5.206807528215208,0.1346153846153846,0.1111111111111111,0.2442307692307692,0.0
655,2,0,0,2.475,193,66,186033,213998,-1,-77510,Pickup Error,Call,379042,110.15,Household Goods,-1,B,Consigner,1234071,5.945151,0.905445,381683,0.0,0.864573,3,0,11,0,5,0,2,99.9740257904606,5.394290114031302,98.11407964408215,,0.2307692307692307,0.0,1.0,
656,2,0,0,14.568,132,1,186970,217304,-1,427803,未知,Call,12747,301.22,Home Improvement and Building Material,0,B,Consigner,2020878,0.0,0.991767,541856,3.223153,0.952603,0,0,10,0,2,0,2,52.70819341651338,69.89628878079544,0.0,0.0,0.2071428571428571,0.12,0.0,0.0
657,2,0,0,738.394,8,291,185443,404076,-1,71750,未知,Call,668896,776.39,Hardware,0,C,Consigner,6533,11.18901,0.811319,8921,98.52636,0.999971,0,0,9,0,6,0,2,53.4968995680882,67.74750724681486,0.0,399.05036115025285,0.12,0.4782608695652174,0.0,0.0
658,2,0,0,7.821,34,93,41311,63944,-1,427848,未知,Call,-70266,189.12,Miscellaneous Goods,-1,Not Known,Consigner,743444,17.84183,0.955958,521927,2.109161,0.947481,0,0,14,0,0,0,2,21.581383370738404,41.18230514125912,8.03278016799836,0.0,0.1538461538461538,0.0357142857142857,0.0,0.0
659,3,0,0,10.138,3,168,177345,188868,-1,427831,Damage,Vendor Consultation,565454,541.66,Maternity & Baby Products,-1,C,Receiver,229754,22.93063,0.941613,615849,2.93551,0.97762,1,6,13,1,5,0,2,41.966021036266106,122.833580311983,148.44571275964702,185.91481770542975,0.1538461538461538,0.2608695652173913,0.0,0.0
660,2,0,0,1188.491,151,0,73524,267236,1,77485,未知,Vendor Consultation,732552,999.4,Dried Groceries,-1,B,Consigner,46253,0.553863,0.781641,329857,64.62867,0.884743,0,6,5,0,6,0,2,55.000321274151965,75.01688402479252,0.0,1.9176440604492828,0.0828402366863905,0.1507692307692307,0.0,0.5
661,2,0,0,13.478,18,20,1030,444864,-1,427675,未知,Vendor Consultation,-49041,1021.71,Miscellaneous Goods,-1,Not Known,Consigner,271274,0.0,0.999417,490327,19.44019,0.892173,0,6,14,0,0,0,2,100.08069432330922,37.02322078222722,34.99450868258708,0.0,0.0,0.1428571428571428,0.5,0.0
662,2,1,0,176.621,129,88,183889,277907,-1,427850,Damage,Internal Software,168412,2593.19,Beauty & Daily Essentials,-1,Not Known,Receiver,51154,6.64968,0.99936,52189,13.24117,0.990531,1,2,3,1,3,0,2,111.99462456548208,79.74310528281981,83.80393880479427,232.737222239784,0.53125,0.2061855670103092,0.2442307692307692,0.0
663,2,0,0,24.25,13,11,79758,275316,-1,427797,未知,Call,20467,488.94,Dried Groceries,0,C,Staff,139414,53.69842,0.995771,168647,32.19075,0.998818,0,0,5,2,2,0,2,117.72169897217258,31.253102632101324,0.0,0.0,0.2748538011695906,0.0476190476190476,0.0,0.0
664,2,0,0,308.804,0,198,21570,79286,-1,427795,Pickup Error,Vendor Consultation,211429,361.4,Fresh,-1,Not Known,Consigner,66949,146.9293,0.974717,22559,100.8141,0.986522,3,6,7,0,4,1,1,57.22795965470159,27.951849133840675,170.7844270974749,4.773632452774989,0.1678082191780822,0.09375,0.0,0.0
665,2,1,0,0.0,43,243,127081,429955,-1,427761,未知,Vendor Consultation,15859,783.4,Dried Groceries,-1,C,Consigner,2667043,0.0,0.998221,597691,0.641707,0.965678,0,6,5,0,2,0,2,71.58077320943575,61.478185686911466,81.1020263064344,0.7297560150534906,0.075,0.0625,0.0,0.0
666,2,0,0,229.391,102,179,18598,114629,-1,427863,未知,Call,-4837,320.62,Miscellaneous Goods,-1,C,Unknown,292253,35.12975,0.974382,1135373,1.148004,0.984961,0,0,14,3,0,0,2,84.99396693620673,49.485349035609424,0.0,,0.1518987341772152,0.17578125,0.0,
667,2,0,0,66.844,106,29,155682,217285,-1,-33597,Damage,Call,64022,323.65,Hardware,0,Not Known,Consigner,117053,33.93665,0.999987,140046,55.82184,0.999433,1,0,9,0,2,0,2,36.14329446399336,30.86500720980986,0.0,4.739570730602305,0.2692307692307692,0.0,0.0,0.0
668,3,0,0,48.87,132,1,161969,420562,-1,427860,Pickup Error,Call,6465,561.62,Miscellaneous Goods,-1,C,Consigner,22231,40.12295,0.96059,266673,31.87116,0.978375,3,0,14,0,2,0,2,52.70819341651338,69.89628878079544,0.6642823607215285,25.52453400915652,0.2071428571428571,0.12,0.0,0.0
669,2,0,0,220.586,13,199,227346,324546,-1,-30981,未知,Complaint,-17758,100.35,Maternity & Baby Products,-1,B,Consigner,606,22.51586,0.97457,39924,22.1388,0.99144,0,1,13,0,0,0,2,117.72169897217258,65.33437063477945,93.95808297694902,0.0,0.2748538011695906,0.3513513513513513,0.2585987261146497,0.0
670,2,0,0,338.032,268,25,159104,240788,-1,-17287,未知,Internal Software,-12784,1113.68,Hardware,-1,Not Known,Consigner,74412,19.5019,0.998629,265038,13.65169,0.925576,0,2,9,0,0,0,2,96.84596855953218,58.087333342513965,0.0,9.43765082123721,0.1823899371069182,0.14,0.0,0.0
671,2,0,0,11.655,229,222,183889,89886,-1,427821,Damage,Call,424723,564.25,Appliances,1,B,Staff,17591,22.61148,0.984216,331700,7.694912,0.971465,1,0,2,2,5,0,2,75.08980122759718,77.81584876066215,83.80393880479427,0.0,0.1875,0.1598173515981735,0.2442307692307692,0.0
672,2,0,0,24.669,132,272,30445,420839,-1,427862,Suspected Lost,Internal Software,521049,790.01,Electronic Product,0,B,Receiver,65491,27.04776,0.92111,2401,122.167,0.999533,5,2,6,1,5,0,2,52.70819341651338,13.424800452724666,40.80228141620843,0.0,0.2071428571428571,0.0625,0.5,0.0
673,2,0,0,3.627,102,92,112771,275717,-1,427677,Pickup Error,Call,-51640,544.97,Alcohol,0,C,Receiver,107904,0.0,0.93929,566509,0.0,0.98061,3,0,0,1,0,0,2,84.99396693620673,40.2168723640722,0.0,5.139362675763375,0.1518987341772152,0.2222222222222222,0.0,0.0
674,3,1,0,259.01,39,222,175660,355892,-1,427861,未知,Call,-81437,1383.47,Miscellaneous Goods,-1,B,Receiver,30724,37.36948,0.993635,970921,21.88333,0.995239,0,0,14,1,0,0,2,118.98890217190385,77.81584876066215,10.692410687253826,0.0,0.1538461538461538,0.1598173515981735,0.0,0.0
675,2,0,0,220.778,140,319,14084,213803,-1,427820,Suspected Lost,Call,-38898,475.22,Pharmaceuticals,1,B,Consigner,1046760,5.706595,0.994138,481109,3.253473,0.952823,5,0,15,0,0,0,2,162.4044975941189,150.86048986331326,69.64123028029817,0.0,0.2,0.275,0.1481481481481481,0.0
676,2,0,0,20.815,0,152,64307,417260,1,427810,Pickup Error,Internal Software,-79694,468.22,Pharmaceuticals,0,C,Receiver,254483,8.084748,0.971034,444388,4.172549,0.984103,3,2,15,1,0,0,2,57.22795965470159,64.80066655532329,19.086678377087647,444.3606206527555,0.1678082191780822,0.1458333333333333,0.1538461538461538,1.0
677,2,0,0,186.763,128,40,217998,331750,-1,427788,未知,Call,197130,330.36,Dried Groceries,-1,B,Consigner,526710,24.67052,0.980734,24304,43.99219,0.988956,0,0,5,0,4,0,2,109.49184404232932,43.97922503279143,11.330528714671916,20.034266666666667,0.3043478260869565,0.1333333333333333,0.25,0.0
678,2,0,0,320.48,0,108,156557,377099,-1,427791,Pickup Error,Call,1535219,504.88,Alcohol,-1,C,Receiver,76019,13.50352,0.954449,186711,8.322981,0.997352,3,0,0,1,6,0,2,57.22795965470159,84.18931730634625,122.48751697959452,47.99349064279903,0.1678082191780822,0.16,0.2,0.0
679,5,0,0,0.0,18,1,227346,368618,-1,427863,Pickup Error,Call,157327,129.34,Jewelry,-1,C,Consigner,699881,18.9413,0.945402,296145,1.033295,0.921865,3,0,12,0,3,0,2,100.08069432330922,69.89628878079544,93.95808297694902,0.0,0.0,0.12,0.2585987261146497,0.0
680,2,0,0,60.119,27,31,193259,22896,-1,427861,Suspected Lost,Internal Software,-21181,288.32,Home Improvement and Building Material,0,C,Consigner,95933,14.44586,0.968493,521832,1.4448,0.990782,5,2,10,0,0,0,2,94.032370683866,64.94709665704212,1.841670853369698,184.77,0.0983606557377049,0.1379310344827586,0.0,0.0
681,2,0,0,49.544,145,128,27944,258255,-1,427854,Damage,Internal Software,-81420,101.92,Miscellaneous Goods,0,C,Consigner,5689,3.381245,0.981552,84248,44.74237,0.980081,1,2,14,0,0,0,2,69.30729146363558,33.50686422306136,11.58220599040498,299.52,0.1590909090909091,0.1428571428571428,1.0,0.0
682,5,1,0,28.616,240,190,13177,298355,-1,427817,Suspected Lost,Call,45112,129.29,Dried Groceries,1,C,Receiver,244855,3.681228,0.996547,130819,79.16736,0.997656,5,0,5,1,2,0,2,64.25990715391238,47.29286625931772,4.4518783919924605,0.0,0.0,0.1052631578947368,0.0,0.0
683,2,1,0,0.0,226,1,222108,439310,-1,-47862,Pickup Error,Call,895673,804.69,Hardware,-1,C,Unknown,1498607,3.931073,0.996305,785723,8.845257,0.994873,3,0,9,3,6,0,2,26.215935350622463,69.89628878079544,0.0,0.5329240035842865,0.0,0.12,0.0,0.0
684,2,0,0,53.553,127,222,28448,384939,-1,-58653,Damage,Call,-48731,252.37,Jewelry,-1,Not Known,Consigner,45064,38.46054,0.987391,124612,54.29914,0.991667,1,0,12,0,0,0,2,59.84735359218162,77.81584876066215,0.2680585076575505,0.0,0.1397849462365591,0.1598173515981735,1.0,0.0
685,2,0,0,19.448,0,132,183000,229782,-1,427733,Suspected Lost,Call,193008,313.31,Household Goods,-1,C,Consigner,22427,49.80287,0.973309,418825,77.8331,0.996488,5,0,11,0,4,0,2,57.22795965470159,56.88193748364041,9.81951537382848,7.330538267232623,0.1678082191780822,0.1636363636363636,0.0,0.0
686,5,1,0,10.292,198,1,212637,410087,-1,427818,未知,Internal Software,-37416,102.11,Beauty & Daily Essentials,-1,C,Unknown,387286,8.092733,0.987977,719771,0.0,0.974914,0,2,3,3,0,0,2,47.532725738254,69.89628878079544,367.4191677341794,5.900406504065041,0.1111111111111111,0.12,0.3809523809523809,0.0
687,2,0,1,182.072,216,1,189755,51358,-1,427820,Damage,Vendor Consultation,24256,333.0,"Apparel, Footwear & Accessories",-1,B,Receiver,491015,17.1083,0.995493,931538,19.57057,0.913559,1,6,1,1,2,0,2,14.71817851823966,69.89628878079544,11.793400942672449,0.0,0.4285714285714285,0.12,0.0,0.0
688,5,0,0,0.612,7,187,178273,55502,-1,427744,未知,Call,48119,214.88,Household Goods,0,B,Receiver,427464,0.289941,0.932478,621281,2.977253,0.997426,0,0,11,1,2,0,2,41.37467782828752,71.38613126413931,3.4672920276054686,85.88783815717002,0.0597014925373134,0.1777777777777777,0.5,0.0
689,5,0,0,41.432,187,178,206847,249642,-1,427859,未知,Call,658726,469.49,Miscellaneous Goods,0,B,Receiver,614602,4.107715,0.998349,607596,5.923205,0.927697,0,0,14,1,6,0,2,50.57901513935886,75.72709977879157,0.0,9.665886134706197,0.1261261261261261,0.2073170731707317,0.0,0.0
690,2,0,0,194.554,27,178,173828,200781,-1,427856,Suspected Lost,Call,1313809,503.79,Beauty & Daily Essentials,-1,C,Consigner,149925,32.40747,0.999399,252615,37.00365,0.943791,5,0,3,0,6,0,2,94.032370683866,75.72709977879157,80.34986949798083,0.0,0.0983606557377049,0.2073170731707317,0.0,0.0
691,2,1,0,512.542,190,215,189879,42914,-1,427832,Damage,Vendor Consultation,278860,846.13,Furniture,-1,Not Known,Consigner,41335,9.544891,0.998443,534387,4.391333,0.98801,1,6,8,0,5,0,2,73.48402451815683,76.55751163645215,92.78701339329284,19.475273960367137,0.1560693641618497,0.1515151515151515,0.4,0.0
692,2,0,0,0.631,150,178,183889,81395,-1,427857,Pickup Error,Call,209030,991.5,Miscellaneous Goods,-1,B,Consigner,678740,1.342853,0.998147,1336099,0.0,0.939766,3,0,14,0,4,0,2,68.02774724414232,75.72709977879157,83.80393880479427,0.0,0.15,0.2073170731707317,0.2442307692307692,0.0
693,2,0,0,523.943,102,71,209602,300000,-1,422912,未知,Call,233000000,2743.03,Maternity & Baby Products,0,B,Consigner,27693849,9.873433,0.990563,901000000,55.16569,0.981775,0,0,13,0,6,0,2,84.99396693620673,60.78127493377559,92.7919306651536,163.30068855149273,0.1518987341772152,0.5714285714285714,0.5909090909090909,0.5474358974358975
694,2,0,0,254.621,1,178,15877,290168,-1,36519,Pickup Error,Internal Software,-74828,1543.5,Hardware,-1,C,Consigner,392195,12.5895,0.989609,1054687,0.0,0.995386,3,2,9,0,0,0,2,69.06443164317325,75.72709977879157,46.97040480882532,1361.63,0.1802721088435374,0.2073170731707317,0.1827956989247312,0.0
695,2,1,1,435.578,176,88,15441,417330,-1,427712,Damage,Call,57881,163.08,Dried Groceries,0,B,Consigner,715345,57.8047,0.992571,130959,3.441248,0.975469,1,0,5,0,2,0,2,11.134250333055126,79.74310528281981,18.778108340157527,313.4582843675341,0.0,0.2061855670103092,0.7777777777777778,0.5
696,2,1,0,32.719,178,199,52192,119457,-1,427848,Damage,Vendor Consultation,-20205,220.83,Miscellaneous Goods,-1,B,Consigner,66946,26.49328,0.960311,142650,8.265278,0.961342,1,6,14,0,0,0,2,59.71452989301516,65.33437063477945,2.483799619727601,0.0,0.1660079051383399,0.3513513513513513,0.0,0.0
697,2,1,0,11.193,56,13,195046,190415,-1,427858,未知,Internal Software,-60789,412.12,Miscellaneous Goods,0,C,Consigner,1006296,20.23518,0.984507,1024013,31.42021,0.997676,0,2,14,0,0,0,2,56.811578165689504,58.69138621086622,12.221182945955912,152.17248366976295,0.0833333333333333,0.0909090909090909,0.3333333333333333,0.0
698,2,1,1,20.976,25,178,74603,96962,-1,427833,未知,Internal Software,156114,135.98,Miscellaneous Goods,0,B,Receiver,157393,0.0,0.969069,350770,3.510388,0.867576,0,2,14,1,3,0,2,88.8237010925776,75.72709977879157,5.111992134955053,0.0,0.1843137254901961,0.2073170731707317,0.0,0.0
699,2,0,0,444.952,140,146,167810,19326,-1,427846,Damage,Call,427738,121.85,Household Goods,0,B,Consigner,754560,77.26389,0.943949,209937,20.1093,0.985177,1,0,11,0,5,0,2,162.4044975941189,100.44850004559429,3.88238354909878,0.0,0.2,0.1071428571428571,0.0,0.0
700,2,0,0,576.787,0,66,202318,252229,-1,427861,Damage,Internal Software,1095849,1858.58,Jewelry,0,C,Receiver,72779,0.746345,0.938224,205191,5.934374,0.990307,1,2,12,1,6,0,2,57.22795965470159,5.394290114031302,28.40769354015282,0.0,0.1678082191780822,0.0,0.0,0.0
701,2,0,0,124.874,99,4,91022,426721,-1,427858,Pickup Error,Call,663797,472.48,Pharmaceuticals,0,B,Unknown,703388,0.0,0.991658,420805,26.44172,0.971115,3,0,15,3,6,0,2,65.94900544613762,81.2740685764068,0.0,0.0,0.211864406779661,0.2439024390243902,0.0,0.0
702,5,0,0,258.521,100,143,224841,300000,-1,-106697,未知,Call,568000000,2757.43,Fresh,0,B,Consigner,4131,84.57784,0.95731,45441138,48.15275,0.999166,0,0,7,0,6,1,1,57.27817095022288,101.9632107476282,169.77832896859522,163.30068855149273,0.1162790697674418,0.2075471698113207,0.4545454545454545,0.5474358974358975
703,2,0,0,1201.178,2,89,29531,151293,-1,10687,Suspected Lost,Call,107706,348.57,Miscellaneous Goods,0,B,Consigner,459873,5.361363,0.965545,142312,89.89992,0.97663,5,0,14,0,3,0,2,56.04468495785089,66.91243902018225,1.8277460944760189,310.9043640264429,0.0935960591133004,0.1875,0.0,0.0
704,2,1,0,979.603,164,177,202248,15546,-1,-85294,Damage,Internal Software,-80997,681.38,Hardware,0,C,Staff,1331,47.97111,0.999984,44137,3.358009,0.891161,1,2,9,2,0,0,2,59.72498410518864,30.715102919262318,7.831567858605958,0.0,0.1617647058823529,0.25,0.0,0.0
705,2,1,0,0.0,179,211,194432,165040,-1,427534,未知,Call,-66700,472.53,"Apparel, Footwear & Accessories",-1,B,Receiver,904656,2.444983,0.993652,704881,0.107353,0.977128,0,0,1,1,0,0,2,56.8349237193444,74.44213332427378,0.0,0.0,0.1497584541062802,0.2777777777777778,0.0,0.0
706,2,1,0,50.78,25,187,180466,10596,-1,427862,未知,Call,129760,269.5,Dried Groceries,-1,C,Receiver,619605,25.58124,0.998168,225695,5.933829,0.892109,0,0,5,1,3,0,2,88.8237010925776,71.38613126413931,0.0,0.0,0.1843137254901961,0.1777777777777777,0.0,0.0
707,2,1,0,6.093,110,14,199151,340781,-1,427795,未知,Call,-82029,106.08,Dried Groceries,0,B,Consigner,124158,0.0,0.978812,415387,8.225773,0.990101,0,0,5,0,0,0,2,110.78491220508148,62.29691250575112,0.4313760864942881,1.3125954607623984,0.2539682539682539,0.125,1.0,0.0
708,2,0,0,8.653,256,222,227346,174238,-1,-59712,Suspected Lost,Call,125599,593.86,Alcohol,-1,B,Consigner,581751,11.53108,0.998267,619478,14.28347,0.931099,5,0,0,0,3,0,2,63.02678114229304,77.81584876066215,93.95808297694902,0.0,0.125,0.1598173515981735,0.2585987261146497,0.0
709,5,0,0,132.884,118,157,122672,40006,-1,427861,Damage,Call,650546,649.44,Beauty & Daily Essentials,-1,C,Consigner,-1,0.0,0.999483,85332,51.35167,0.979348,1,0,3,0,6,0,2,53.14439242584009,166.21433105480688,159.17531022595645,9.18500345921876,0.0,0.6428571428571429,0.0,0.0
710,2,0,0,452.926,247,55,227346,446463,-1,427790,Suspected Lost,Call,401569,647.98,"Apparel, Footwear & Accessories",0,B,Consigner,340195,107.7409,0.984145,47647,4.771941,0.903179,5,0,1,0,5,0,2,32.91556462230818,119.73828509963953,93.95808297694902,0.0,0.0526315789473684,0.1538461538461538,0.2585987261146497,0.0
711,2,1,1,804.121,151,226,14084,26955,-1,427864,Damage,Call,-20290,1067.54,Maternity & Baby Products,0,C,Consigner,33393,97.59873,0.998732,38693,18.47494,0.993942,1,0,13,0,0,0,2,55.000321274151965,33.376562481963404,69.64123028029817,2.2578885240697937,0.0828402366863905,0.0980392156862745,0.1481481481481481,0.0
712,1,1,0,26.492,289,188,1707,112078,-1,-8406,Pickup Error,Call,1040010,2157.84,Furniture,0,C,Receiver,174604,17.436,0.936484,79776,128.5331,0.975979,3,0,8,1,6,0,2,27.511013989016,81.19796947313277,0.0,12.64194891593944,0.1428571428571428,0.1052631578947368,0.0,0.0
713,2,0,0,19.718,146,134,11460,354350,-1,427838,未知,Internal Software,2648491,358.41,Miscellaneous Goods,-1,B,Consigner,1946659,48.92707,0.886428,218670,38.20303,0.986929,0,2,14,0,6,0,2,75.50373567911244,46.10167247042128,259.54,45.86358768358673,0.3,0.0869565217391304,0.0,0.0
714,2,0,0,0.0,98,106,227346,240597,-1,427863,未知,Internal Software,-65237,101.12,Furniture,0,C,Consigner,448194,0.324704,0.998226,757305,0.0,0.971485,0,2,8,0,0,0,2,53.41855203788262,49.82089121674756,93.95808297694902,257.33396149449715,0.1363636363636363,0.1538461538461538,0.2585987261146497,0.5
715,2,0,0,548.764,15,179,183288,95012,-1,-14852,Damage,Call,31816,393.83,Hardware,-1,B,Consigner,4756,5.869922,0.846223,278781,9.095922,0.9893,1,0,9,0,2,0,2,80.35899212714475,49.485349035609424,73.31698009166644,16.515271006595928,0.0909090909090909,0.17578125,0.0,0.0
716,2,1,0,1114.673,142,0,68559,9405,-1,82970,Pickup Error,Call,46593,2427.94,Fresh,0,B,Receiver,42934,44.87492,0.952132,148314,48.85035,0.963506,3,0,7,1,2,1,1,91.575345523678,75.01688402479252,1.683026607913629,76.79807471922989,0.1756756756756756,0.1507692307692307,0.0,2.0
717,2,0,0,21.775,138,179,15877,103580,-1,427857,未知,Call,564722,542.87,Miscellaneous Goods,0,B,Consigner,30,57.08496,0.998626,63369,7.150368,0.986666,0,0,14,0,5,0,2,10.095874078120213,49.485349035609424,46.97040480882532,0.0,0.0909090909090909,0.17578125,0.1827956989247312,0.0
718,2,0,0,599.226,13,15,163818,29139,-1,427864,Damage,Internal Software,-73815,741.54,Fresh,0,B,Consigner,268079,178.6623,0.998673,83889,78.58709,0.997937,1,2,7,0,0,1,1,117.72169897217258,76.467556088998,0.7543401151054833,115.36259621337275,0.2748538011695906,0.1296296296296296,0.0,0.25
719,2,0,0,0.0,179,178,183889,93038,-1,-115970,Suspected Lost,Call,356847,150.33,Jewelry,0,C,Unknown,210307,28.25647,0.998641,492817,16.24363,0.956551,5,0,12,3,5,0,2,56.8349237193444,75.72709977879157,83.80393880479427,,0.1497584541062802,0.2073170731707317,0.2442307692307692,
720,2,0,0,0.0,153,156,201286,284288,-1,32168,Damage,Vendor Consultation,-58693,976.99,Electronic Product,0,C,Consigner,51559,5.521335,0.998082,529981,11.66862,0.990469,1,6,6,0,0,0,2,15.382016431597313,13.292117589246272,3.774395457697609,105.52,0.0952380952380952,0.0,0.0,0.0
721,5,0,0,750.293,89,133,175922,309017,-1,-21846,未知,Complaint,1414997,378.02,Miscellaneous Goods,-1,Not Known,Consigner,1227794,3.640143,0.999699,887454,2.001872,0.978083,0,1,14,0,6,0,2,56.62852339692903,67.74347839244929,,,0.1,0.1929824561403508,,
722,2,1,0,37.047,190,208,181862,69775,-1,-193732,Pickup Error,Call,-82005,272.68,Furniture,-1,B,Unknown,1010720,1.379191,0.992414,433368,0.0,0.999697,3,0,8,3,0,0,2,73.48402451815683,12.596146867376977,1.5764549031092137,26.65674321787152,0.1560693641618497,0.0,1.0,0.0
723,2,1,0,3.479,98,106,227346,233052,-1,-1619,Damage,Call,377979,745.98,Miscellaneous Goods,-1,B,Consigner,389335,13.7094,0.999959,291973,39.2221,0.975247,1,0,14,0,5,0,2,53.41855203788262,49.82089121674756,93.95808297694902,0.0,0.1363636363636363,0.1538461538461538,0.2585987261146497,0.0
724,2,0,0,35.136,127,137,183889,335740,-1,-33534,Suspected Lost,Call,-51669,511.46,Electronic Product,0,C,Receiver,152652,0.0,0.999839,294499,21.46332,0.995549,5,0,6,1,0,0,2,59.84735359218162,40.54514853954838,83.80393880479427,0.0,0.1397849462365591,0.1012658227848101,0.2442307692307692,0.0
725,2,0,0,61.71,100,187,189265,144524,1,-100112,未知,Internal Software,138274,595.52,Dried Groceries,0,B,Consigner,1504196,13.0442,0.984557,565767,3.031627,0.997734,0,2,5,0,3,0,2,57.27817095022288,71.38613126413931,0.0,0.0,0.1162790697674418,0.1777777777777777,0.0,0.0
726,2,0,0,4.546,88,134,197847,237130,-1,-75312,未知,Internal Software,-61296,119.18,Miscellaneous Goods,1,B,Consigner,1869371,0.0,0.989144,496216,0.0,0.965021,0,2,14,0,0,0,2,116.52863038936586,46.10167247042128,0.0,0.0,0.0925925925925925,0.0869565217391304,0.0,0.0
727,3,1,0,186.286,99,6,227346,79712,-1,427851,未知,Call,-77268,724.98,Household Goods,-1,C,Consigner,5067,8.224785,0.96107,365008,6.44193,0.986089,0,0,11,0,0,0,2,65.94900544613762,77.94187064631588,93.95808297694902,0.0,0.211864406779661,0.1875,0.2585987261146497,0.0
728,2,0,0,0.0,243,192,167624,413839,-1,427861,Suspected Lost,Call,-80908,104.16,Maternity & Baby Products,0,C,Unknown,636134,0.0,0.975955,1528412,2.457586,0.848546,5,0,13,3,0,0,2,104.36248190748378,82.7288345540081,0.2339482532592071,2.9876552783093038,0.1923076923076923,0.1,0.0,0.6666666666666666
729,2,0,0,64.38,109,179,170404,54156,-1,427718,未知,Call,75143,691.04,Household Goods,0,B,Consigner,264453,5.005024,0.998559,598543,12.78315,0.958963,0,0,11,0,2,0,2,45.374295092323,49.485349035609424,0.0,48.39153689140657,0.25,0.17578125,0.0,0.3333333333333333
730,2,0,0,214.42,178,117,198779,409989,-1,427858,未知,Internal Software,-41239,2759.11,Furniture,-1,C,Receiver,165812,17.17908,0.968474,419114,36.15,0.97761,0,2,8,1,0,0,2,59.71452989301516,66.62484724143525,61.50996322773379,38.1635290500605,0.1660079051383399,0.0689655172413793,0.1714285714285714,0.25
731,5,0,0,1319.438,76,152,148310,277559,-1,50774,Damage,Call,15338,195.57,Pharmaceuticals,0,B,Consigner,451135,49.76362,0.998421,49226,150.8845,0.999276,1,0,15,0,2,0,2,69.88780449033361,64.80066655532329,,72.4502706162004,0.28125,0.1458333333333333,,0.5
732,2,0,0,131.325,40,179,60499,341476,-1,427854,Suspected Lost,Call,266679,1041.86,Miscellaneous Goods,0,C,Consigner,30214,25.20125,0.995727,342170,12.6965,0.993978,5,0,14,0,5,0,2,13.814102694348689,49.485349035609424,0.0,0.0,0.3478260869565217,0.17578125,0.0,0.0
733,2,0,0,224.587,76,162,76055,138645,-1,427639,Suspected Lost,Mini Program,59206,901.98,Electronic Product,0,C,Receiver,260808,13.03794,0.981896,729699,0.0,0.987389,5,4,6,1,2,0,2,69.88780449033361,20.52604032301665,1.447104144768904,0.0,0.28125,0.1428571428571428,0.0,0.0
734,2,0,0,2.597,190,178,224505,212438,-1,231599,Pickup Error,Internal Software,-26761,100.59,Household Goods,-1,B,Consigner,622471,2.769696,0.993701,1008061,9.159546,0.976455,3,2,11,0,0,0,2,73.48402451815683,75.72709977879157,15.47615634550121,7.084778970570228,0.1560693641618497,0.2073170731707317,0.0,1.0
735,5,0,0,300.179,179,217,168479,58796,-1,427863,Pickup Error,Call,443967,988.67,Household Goods,0,C,Receiver,88660,129.4619,0.987237,983472,14.20571,0.973157,3,0,11,1,5,0,2,56.8349237193444,100.30985757150113,8.050551785878632,131.14186970789112,0.1497584541062802,0.0769230769230769,0.0,0.0
736,2,1,0,2.744,222,25,205454,184945,-1,427861,Pickup Error,Internal Software,-26168,104.77,Household Goods,0,B,Consigner,929053,0.0,0.958498,484432,7.180099,0.996654,3,2,11,0,0,0,2,44.00935888510234,58.087333342513965,2.63789633560152,18.29161503510946,0.173469387755102,0.14,0.0,0.0
737,2,0,0,7.031,0,4,14084,354660,-1,427860,Suspected Lost,Call,-46900,2972.08,Miscellaneous Goods,0,B,Consigner,179926,14.05502,0.988946,314014,27.40807,0.96828,5,0,14,0,0,0,2,57.22795965470159,81.2740685764068,69.64123028029817,21.865658747300216,0.1678082191780822,0.2439024390243902,0.1481481481481481,0.0
738,2,1,0,121.038,222,68,180466,104402,-1,53193,Damage,Internal Software,1464459,894.27,"Apparel, Footwear & Accessories",0,Not Known,Consigner,858013,37.86898,0.969499,204040,0.0,0.813633,1,2,1,0,6,0,2,44.00935888510234,106.21105813841784,0.0,0.5874518804879748,0.173469387755102,0.0,0.0,0.0
739,2,0,0,340.796,147,63,226705,361334,-1,427861,Damage,Call,-78222,311.45,Beauty & Daily Essentials,0,C,Consigner,117158,73.10318,0.995716,14696,75.26209,0.98227,1,0,3,0,0,0,2,45.57215363038746,52.20261068322199,1.9214587500500773,0.0,0.2,0.2941176470588235,0.0,0.0
740,2,0,0,22.121,63,3,181294,418318,-1,427861,Pickup Error,Internal Software,266278,2021.71,Miscellaneous Goods,-1,B,Consigner,249825,68.46647,0.997273,224141,111.7944,0.98054,3,2,14,0,5,0,2,87.51932180035882,63.81099393925928,443.8531867957255,0.4865312925260531,0.2022471910112359,0.1170212765957446,0.0,0.0
741,2,1,0,24.033,89,98,227346,88491,-1,427788,未知,Internal Software,1291690,793.65,"Apparel, Footwear & Accessories",0,C,Consigner,16559,29.50996,0.993434,300282,14.59315,0.990347,0,2,1,0,6,0,2,56.62852339692903,65.32592348952949,93.95808297694902,3.624739428898416,0.1,0.0638297872340425,0.2585987261146497,0.0
742,2,0,0,696.031,142,139,179890,246394,-1,9037,未知,Internal Software,1122785,1033.52,Documents & Bills,-1,C,Consigner,142826,84.59469,0.995244,172177,16.84185,0.948976,0,2,4,0,6,0,2,91.575345523678,84.00389479080802,660.1485499513667,0.0,0.1756756756756756,0.0714285714285714,0.5,0.0
743,2,0,0,346.16,222,246,200236,52945,-1,24233,未知,Internal Software,329790,263.22,Miscellaneous Goods,0,B,Consigner,36839,48.71186,0.979319,118276,13.28613,0.988033,0,2,14,0,5,0,2,44.00935888510234,81.33591719373736,100.85,54.55200471928652,0.173469387755102,0.4318181818181818,2.0,0.5
744,2,0,0,73.829,133,367,226433,4373,-1,-70563,Suspected Lost,Call,-62227,780.23,Pharmaceuticals,-1,C,Receiver,136435,8.778083,0.952943,194148,12.83299,0.991122,5,0,15,1,0,0,2,66.60560181682781,0.0,0.0,0.0,0.1515151515151515,0.0,0.0,0.0
745,2,1,0,14.882,88,304,227346,356904,-1,427849,Damage,Call,981,1101.81,Jewelry,0,B,Consigner,642465,12.25201,0.957079,287263,27.87451,0.941358,1,0,12,0,2,0,2,116.52863038936586,119.9044964028777,93.95808297694902,13.536198169592147,0.0925925925925925,0.0,0.2585987261146497,0.0
746,2,0,0,5.601,1,99,227346,300000,-1,427864,未知,Call,460000000,3142.36,Dried Groceries,-1,B,Consigner,99807705,0.590513,0.998651,4870000000,0.099597,0.928787,0,0,5,0,6,0,2,69.06443164317325,39.75074374258253,93.95808297694902,163.30068855149273,0.1802721088435374,0.1505376344086021,0.2585987261146497,0.5474358974358975
747,5,0,0,268.403,2,115,204201,365049,-1,427853,未知,Internal Software,726962,671.31,Dried Groceries,0,C,Receiver,5820,0.0,0.959435,485127,20.38474,0.933914,0,2,5,1,6,0,2,56.04468495785089,40.50436487071241,154.9149562042386,0.0,0.0935960591133004,0.0833333333333333,0.0,0.0
748,2,0,0,36.52,132,63,143044,194311,-1,120107,未知,Call,95501,511.66,Furniture,-1,C,Receiver,190867,37.30607,0.998479,1623614,1.799576,0.848411,0,0,8,1,3,0,2,52.70819341651338,52.20261068322199,45.16510751774207,,0.2071428571428571,0.2941176470588235,0.1111111111111111,
749,2,0,0,17.707,88,1,216665,146116,1,427766,Damage,Mini Program,14603,180.62,Beauty & Daily Essentials,-1,B,Consigner,43743,2.266696,0.951141,572276,3.124371,0.699072,1,4,3,0,2,0,2,116.52863038936586,69.89628878079544,191.61714363050285,17.415111586738902,0.0925925925925925,0.12,0.6666666666666666,0.0
750,2,0,0,68.636,179,39,179333,383476,-1,-88332,未知,Internal Software,425846,467.5,Miscellaneous Goods,-1,B,Consigner,156227,12.00526,0.990361,252674,0.0,0.996923,0,2,14,0,5,0,2,56.8349237193444,44.92391936878398,28.454497657321323,19.314698668096188,0.1497584541062802,0.0,0.0,1.0
751,3,0,0,18.595,197,42,86870,196076,-1,427857,未知,Call,90487,470.17,Pharmaceuticals,0,C,Consigner,74129,4.262131,0.968165,751330,24.97661,0.950118,0,0,15,0,3,0,2,69.0135805405548,47.89018349830656,1.6640533023954285,1.2481433177553165,0.1162790697674418,0.0571428571428571,0.0,0.0
752,2,0,0,182.386,180,103,9849,377606,-1,427817,Pickup Error,Call,-61823,802.04,Jewelry,-1,C,Receiver,102958,134.815,0.980236,119737,42.61966,0.979211,3,0,12,1,0,0,2,50.83458178883807,65.94505261935754,0.0,6.9975810949444135,0.1333333333333333,0.1111111111111111,0.0,0.0
753,2,0,0,1110.944,1,170,17584,183590,-1,-192091,未知,Call,3259694,832.08,Furniture,-1,Staff,Consigner,36,95.89287,0.968721,102533,60.3526,0.987712,0,0,8,0,6,0,2,69.06443164317325,34.01584124051996,8.147865232899328,63.178357816682826,0.1802721088435374,0.4782608695652174,0.0,0.6666666666666666
754,2,0,0,188.551,42,100,189879,238518,-1,54551,Pickup Error,Call,1257918,224.94,Dried Groceries,0,Not Known,Consigner,264,12.08862,0.998037,201803,54.30588,0.99421,3,0,5,0,6,0,2,106.19017586084024,111.92654089931048,92.78701339329284,0.0,0.145631067961165,0.1985815602836879,0.4,0.0
755,2,1,0,64.944,38,211,180721,264424,-1,40170,未知,Call,14270,100.69,Documents & Bills,-1,B,Receiver,769876,0.0,0.924092,1598145,4.386558,0.998982,0,0,4,1,2,0,2,83.3897689719621,74.44213332427378,98.91099895903082,1.0593728119782408,0.3442622950819672,0.2777777777777778,0.1111111111111111,0.0
756,2,0,0,207.026,8,325,102572,304586,-1,427860,未知,Call,-58007,1386.49,Appliances,0,C,Consigner,256829,26.81662,0.923838,182786,30.63737,0.942955,0,0,2,0,0,0,2,53.4968995680882,8.045835202638152,55.99840591915303,0.0,0.12,0.0,0.5,0.0
757,2,1,0,33.473,318,134,42871,22813,-1,427863,未知,Call,82068,630.39,Electronic Product,0,B,Receiver,677481,0.0,0.970602,1134153,5.646308,0.990998,0,0,6,1,2,0,2,101.98257796760824,46.10167247042128,2.721855908465732,6.307313800044732,0.0869565217391304,0.0869565217391304,0.0,1.0
758,2,0,0,37.824,127,38,154703,432912,-1,427863,Suspected Lost,Call,1161366,1792.0,Furniture,0,C,Consigner,101906,11.45083,0.984586,320722,27.75698,0.84752,5,0,8,0,6,0,2,59.84735359218162,37.71779182770192,8.622249199024312,1.871447970628175,0.1397849462365591,0.125,0.0,0.0
759,2,1,0,118.966,157,77,75335,394220,-1,79980,未知,Call,-78582,752.13,Hardware,1,Not Known,Consigner,614411,4.857339,0.999809,473761,1.446355,0.970403,0,0,9,0,0,0,2,52.75232409840045,90.11488285865904,111.84846457359768,,0.2391304347826087,0.1538461538461538,0.0,
760,2,0,0,812.728,99,227,227346,132970,-1,140241,Damage,Call,808786,204.97,Dried Groceries,-1,B,Consigner,857694,2.924109,0.876653,22103,46.18039,0.928685,1,0,5,0,6,0,2,65.94900544613762,20.902623722887064,93.95808297694902,36.82663207955037,0.211864406779661,0.1764705882352941,0.2585987261146497,0.0
761,2,0,0,884.303,179,199,177755,217423,1,427808,未知,Call,314458,969.33,Jewelry,0,B,Receiver,39364,45.9425,0.978247,18055,34.84005,0.931942,0,0,12,1,5,0,2,56.8349237193444,65.33437063477945,22.99856119922372,0.9693877551020408,0.1497584541062802,0.3513513513513513,0.0,0.0
762,2,1,0,39.016,25,133,148142,107430,-1,427858,未知,Call,1134910,434.68,Furniture,0,B,Consigner,304336,93.88839,0.999402,208210,19.0295,0.938623,0,0,8,0,6,0,2,88.8237010925776,67.74347839244929,2.162080833537078,53.84612658284596,0.1843137254901961,0.1929824561403508,0.0,0.0
763,5,1,0,136.346,211,190,99838,422190,-1,-78717,未知,Call,-59816,101.04,"Apparel, Footwear & Accessories",0,C,Receiver,41945,1.212592,0.986269,2652770,0.0,0.877554,0,0,1,1,0,0,2,95.356323113403,47.29286625931772,52.766787190954346,,0.1041666666666666,0.1052631578947368,0.1666666666666666,
764,2,0,0,163.332,140,143,183288,355048,1,427758,Damage,Call,198781,217.06,Furniture,-1,C,Receiver,487230,34.4347,0.951481,391540,14.41013,0.996472,1,0,8,1,4,0,2,162.4044975941189,101.9632107476282,73.31698009166644,117.5583266291231,0.2,0.2075471698113207,0.0,0.0
765,3,1,0,24.83,145,178,151470,186764,-1,427779,未知,Call,431829,147.39,Fresh,-1,C,Consigner,575850,29.04407,0.98802,807070,0.0,0.895317,0,0,7,0,5,1,1,69.30729146363558,75.72709977879157,25.300898365623983,0.0,0.1590909090909091,0.2073170731707317,0.0,0.0
766,2,0,0,546.643,127,253,220620,55022,-1,427829,Pickup Error,Call,1291625,759.39,Dried Groceries,0,Not Known,Consigner,2386,84.90769,0.987509,16811,151.8483,0.993597,3,0,5,0,6,0,2,59.84735359218162,69.88451229595863,0.0,3.1623925570667435,0.1397849462365591,0.208955223880597,0.0,0.0
767,2,0,0,264.061,268,322,190076,358938,-1,427864,未知,Call,282354,207.94,Miscellaneous Goods,0,B,Consigner,63727,28.08601,0.955179,82976,24.80647,0.9697,0,0,14,0,5,0,2,96.84596855953218,58.30792878609847,3.943161789851197,,0.1823899371069182,0.2777777777777778,1.0,
768,2,0,0,65.891,99,143,300000,300000,-1,-43179,Damage,Call,186000000,2454.14,Household Goods,-1,C,Unknown,3363889,57.05691,0.974085,46359561,0.364158,0.919298,1,0,11,3,6,0,2,65.94900544613762,101.9632107476282,37.641990060787286,163.30068855149273,0.211864406779661,0.2075471698113207,0.52,0.5474358974358975
769,2,0,0,6.884,15,322,227346,427931,-1,-43594,Pickup Error,Call,471447,956.06,Beauty & Daily Essentials,0,C,Unknown,280508,107.3494,0.981706,1896,85.66122,0.957144,3,0,3,3,5,0,2,80.35899212714475,58.30792878609847,93.95808297694902,,0.0909090909090909,0.2777777777777778,0.2585987261146497,
770,7,0,0,9.695,55,192,73757,47928,-1,427863,Pickup Error,Call,6600,426.96,Electronic Product,0,C,Receiver,2899341,0.0,0.931521,210951,1.705629,0.955099,3,0,6,1,2,0,2,35.60364621033194,82.7288345540081,31.097742042013387,0.0,0.1212121212121212,0.1,0.0,0.0
771,2,0,0,27.856,55,6,205619,414920,-1,427856,Damage,Complaint,387564,268.32,Pharmaceuticals,-1,B,Consigner,1101779,4.535981,0.983811,758739,0.0,0.995634,1,1,15,0,5,0,2,35.60364621033194,77.94187064631588,,0.0,0.1212121212121212,0.1875,,0.0
772,2,0,0,22.441,222,211,50655,378490,-1,427719,未知,Internal Software,1292165,1182.28,Dried Groceries,-1,Not Known,Consigner,341075,18.28572,0.972141,414828,0.363533,0.990726,0,2,5,0,6,0,2,44.00935888510234,74.44213332427378,0.0,0.0,0.173469387755102,0.2777777777777778,0.0,0.0
773,5,1,0,7.89,132,206,190672,46409,1,427686,未知,Internal Software,77906,536.21,Miscellaneous Goods,0,B,Unknown,45916,46.72282,0.949691,151772,10.42444,0.977367,0,2,14,3,2,0,2,52.70819341651338,37.75053008790583,8.001399664198216,0.981699086351836,0.2071428571428571,0.0,0.0,1.0
774,2,0,0,3.071,40,179,224826,92326,-1,-10834,未知,Vendor Consultation,87550,168.86,Electronic Product,0,B,Consigner,361014,0.0,0.958889,495141,10.81015,0.954943,0,6,6,0,3,0,2,13.814102694348689,49.485349035609424,52.8716761853076,1.06473107307948,0.3478260869565217,0.17578125,0.0909090909090909,0.0
775,2,1,0,117.279,100,134,163659,236968,-1,427864,未知,Call,577472,541.14,Jewelry,0,C,Receiver,628301,8.619276,0.965277,207742,21.52319,0.998771,0,0,12,1,5,0,2,57.27817095022288,46.10167247042128,4.694862382669302,0.0,0.1162790697674418,0.0869565217391304,0.3333333333333333,0.0
776,5,0,1,0.0,11,181,13177,116680,-1,-166977,未知,Internal Software,800539,100.13,Miscellaneous Goods,0,C,Consigner,663304,0.0,0.913983,1587162,0.0,0.975335,0,2,14,0,6,0,2,46.140341664130425,45.1926466370765,4.4518783919924605,,0.1724137931034483,0.2325581395348837,0.0,
777,2,0,0,466.067,222,55,227346,10727,-1,8514,未知,Call,458208,756.42,Beauty & Daily Essentials,-1,C,Consigner,315000,51.5897,0.932746,118220,22.44613,0.994206,0,0,3,0,5,0,2,44.00935888510234,119.73828509963953,93.95808297694902,,0.173469387755102,0.1538461538461538,0.2585987261146497,
778,2,1,0,4.73,143,178,205604,190899,0,84857,未知,Call,460188,284.22,Hardware,-1,C,Consigner,208165,68.08921,1.0,2217400,0.0,0.968255,0,0,9,0,5,0,2,38.45695991907031,75.72709977879157,61.82169041782026,,0.1136363636363636,0.2073170731707317,0.4166666666666667,
779,2,0,0,271.323,100,85,212542,173939,-1,-103690,Suspected Lost,Internal Software,30925,464.69,Miscellaneous Goods,-1,B,Receiver,22755,36.30407,0.868603,17935,36.17818,0.999623,5,2,14,1,2,0,2,57.27817095022288,550.6168122270743,,9.324004334506148,0.1162790697674418,0.0,,0.0
780,2,1,0,412.918,199,179,158779,207286,-1,32127,Pickup Error,Call,611882,363.44,Hardware,-1,B,Receiver,50797,3.776224,0.973244,248455,35.22736,0.979383,3,0,9,1,6,0,2,85.77074119936532,49.485349035609424,0.0,18.426035854208717,0.1063829787234042,0.17578125,0.0,0.0
781,2,0,0,34.643,6,1,215322,330150,-1,51349,Pickup Error,Call,159185,167.92,Maternity & Baby Products,-1,B,Unknown,754438,2.016722,0.816323,342510,18.63208,0.994983,3,0,13,3,3,0,2,32.29956245158629,69.89628878079544,246.25,1.4232546463464113,0.0555555555555555,0.12,0.0,0.0
782,2,0,0,39.798,92,253,177755,327073,-1,-51417,Damage,Vendor Consultation,1697885,1869.76,Hardware,0,B,Receiver,392351,190.177,0.982177,41857,100.9545,0.967355,1,6,9,1,6,0,2,81.28282427291707,69.88451229595863,22.99856119922372,49.30378241588779,0.3529411764705882,0.208955223880597,0.0,0.0
783,2,0,0,8.281,198,104,163747,409392,-1,427863,Suspected Lost,Vendor Consultation,-57956,513.75,Maternity & Baby Products,0,C,Consigner,124176,0.0,0.987919,59499,60.98943,0.982477,5,6,13,0,0,0,2,47.532725738254,21.728510570447654,1.3690519386032975,2.68442913107094,0.1111111111111111,0.1666666666666666,0.0,0.0
784,5,0,0,22.042,37,132,80010,353235,-1,427751,未知,Internal Software,-72362,997.72,Documents & Bills,-1,B,Consigner,147585,62.61171,0.991883,610417,14.77505,0.989078,0,2,4,0,0,0,2,50.88561657397553,56.88193748364041,0.0,70.2090909090909,0.0434782608695652,0.1636363636363636,0.0,0.0
785,3,0,0,3.898,2,31,61257,95816,-1,427835,Damage,Call,-44917,117.95,Beauty & Daily Essentials,0,B,Consigner,420403,3.301959,0.961479,264350,25.70303,0.906994,1,0,3,0,0,0,2,56.04468495785089,64.94709665704212,15.683285959855455,157.71537354541073,0.0935960591133004,0.1379310344827586,0.25,0.0
786,2,0,0,393.795,48,102,217386,118308,-1,427858,未知,Vendor Consultation,39298,1394.97,Miscellaneous Goods,0,Not Known,Consigner,112691,5.7387,0.983511,352907,0.0,0.973088,0,6,14,0,2,0,2,57.93111130768895,127.44248338763862,1.0300749355643668,0.0,0.25,0.1789473684210526,0.0,0.0
787,4,1,0,41.09,180,115,211479,100836,-1,427840,Suspected Lost,Internal Software,494834,113.42,Alcohol,0,C,Consigner,217368,73.01615,0.996972,823031,39.61707,0.904949,5,2,0,0,5,0,2,50.83458178883807,40.50436487071241,0.0,198.3,0.1333333333333333,0.0833333333333333,0.0,0.0
788,2,1,1,451.902,197,7,185442,42360,-1,427863,Damage,Internal Software,338158,130.21,Miscellaneous Goods,0,B,Unknown,336930,1.417269,0.969378,455794,2.693421,0.870697,1,2,14,3,5,0,2,69.0135805405548,92.30255429171878,7.555296856810245,6.673886388958471,0.1162790697674418,0.1935483870967742,0.0,0.0
789,2,1,0,0.0,146,197,123405,425548,-1,427864,未知,Internal Software,71435,379.48,Miscellaneous Goods,0,C,Receiver,152347,5.812975,0.982289,395272,0.0,0.994766,0,2,14,1,2,0,2,75.50373567911244,63.769979151069016,0.0,6.44582192630071,0.3,0.208955223880597,0.0,0.0
790,2,0,0,252.919,34,0,156557,223696,-1,427811,Damage,Internal Software,727396,721.2,Miscellaneous Goods,-1,Not Known,Receiver,60272,26.19602,0.982798,456683,20.19531,0.996979,1,2,14,1,6,0,2,21.581383370738404,75.01688402479252,122.48751697959452,108.6252876329897,0.1538461538461538,0.1507692307692307,0.2,0.0
791,2,0,0,336.281,63,141,227346,353235,-1,-106069,未知,Call,-24238,932.41,Furniture,-1,C,Consigner,118983,7.944648,0.991497,204254,32.51567,0.999497,0,0,8,0,0,0,2,87.51932180035882,6.243987604337586,93.95808297694902,70.2090909090909,0.2022471910112359,0.0,0.2585987261146497,0.0
792,2,0,0,198.622,76,4,227346,300000,-1,427853,Pickup Error,Call,283000000,849.42,Dried Groceries,0,C,Unknown,34668865,5.730874,0.989788,151000000,12.86658,0.986121,3,0,5,3,6,0,2,69.88780449033361,81.2740685764068,93.95808297694902,163.30068855149273,0.28125,0.2439024390243902,0.2585987261146497,0.5474358974358975
793,3,1,0,0.0,215,194,84300,219474,-1,427843,Pickup Error,Call,-36821,211.86,Dried Groceries,0,B,Receiver,78491,0.512116,0.993636,387650,2.875259,0.94809,3,0,5,1,0,0,2,29.346301635096104,91.59167001694736,,11.78657571806754,0.1111111111111111,0.1785714285714285,,0.0
794,2,0,0,28.004,183,165,198779,148712,-1,-2026,Pickup Error,Mini Program,531795,312.31,Dried Groceries,-1,B,Consigner,56088,13.21412,0.910986,329416,14.86707,0.999573,3,4,5,0,5,0,2,25.522374298572164,12.058791888583432,61.50996322773379,0.0,0.1666666666666666,0.0,0.1714285714285714,0.0
795,2,0,0,14.46,268,1,90668,428688,-1,427823,Damage,Call,603053,880.25,Dried Groceries,0,C,Consigner,566519,34.29293,0.984436,655662,1.305105,0.952241,1,0,5,0,5,0,2,96.84596855953218,69.89628878079544,191.1,9.941704742397985,0.1823899371069182,0.12,0.0,0.0
796,3,0,0,66.2,222,106,156694,95039,-1,427859,Damage,Call,-38252,131.4,Jewelry,-1,Staff,Unknown,61566,16.29978,0.993876,544389,7.699792,0.989925,1,0,12,3,0,0,2,44.00935888510234,49.82089121674756,8.114437357418876,49.37133431150122,0.173469387755102,0.1538461538461538,0.0,0.5
797,2,0,0,984.364,136,205,39033,325217,-1,-19204,Damage,Call,183939,374.15,Dried Groceries,0,B,Consigner,544556,27.95176,0.79651,0,189.4362,0.999987,1,0,5,0,4,0,2,83.60535432076018,0.0,0.0,0.0,0.1632653061224489,0.0,0.0,0.0
798,3,0,0,0.0,2,164,66188,190870,-1,116400,未知,Call,457135,136.18,Home Improvement and Building Material,-1,C,Receiver,1159530,38.21127,0.990104,1177172,0.0,0.847257,0,0,10,1,5,0,2,56.04468495785089,49.08316346381199,,12.76108541480824,0.0935960591133004,0.1458333333333333,,0.3333333333333333
799,2,1,0,0.0,9,148,224840,322725,-1,427864,未知,Call,504000000,1208.73,Miscellaneous Goods,-1,B,Consigner,1052995,0.0,0.999979,288000000,6.446696,0.956682,0,0,14,0,6,0,2,183.019796897258,186.1115673147385,65.31524207556211,33.01665652678206,0.2580645161290322,0.5,0.4782608695652174,0.6363636363636364
800,2,0,0,32.871,38,13,14084,286623,1,427863,Suspected Lost,Internal Software,-57873,962.77,Maternity & Baby Products,0,C,Consigner,628534,0.206649,0.989045,246142,20.00959,0.999123,5,2,13,0,0,0,2,83.3897689719621,58.69138621086622,69.64123028029817,35.24324792742568,0.3442622950819672,0.0909090909090909,0.1481481481481481,0.0
801,1,0,0,121.376,157,6,217393,281829,-1,427863,Damage,Call,623108,630.57,Miscellaneous Goods,-1,B,Receiver,53438,139.9945,0.989562,61625,75.01468,0.89633,1,0,14,1,6,0,2,52.75232409840045,77.94187064631588,0.0,0.0,0.2391304347826087,0.1875,0.0,0.0
802,2,1,0,2.246,264,222,52414,400320,-1,71248,未知,Internal Software,-82044,516.79,Hardware,-1,C,Consigner,775509,1.31475,0.988857,788165,1.830569,0.932003,0,2,9,0,0,0,2,10.196754333140523,77.81584876066215,22.110208302555773,,0.0,0.1598173515981735,0.0,
803,2,1,0,88.307,27,112,150175,151546,-1,37203,Pickup Error,Call,-69494,628.51,Dried Groceries,0,B,Consigner,88766,29.13807,0.918668,152904,52.76742,0.984986,3,0,5,0,0,0,2,94.032370683866,102.38596657017575,0.0,5.446594690323417,0.0983606557377049,0.4,0.0,0.0
804,2,0,0,46.325,11,268,183288,253312,-1,427814,未知,Internal Software,93487,227.93,Dried Groceries,0,C,Consigner,1110873,4.332475,0.996254,1000168,26.4753,0.999843,0,2,5,0,3,0,2,46.140341664130425,130.15540902762945,73.31698009166644,,0.1724137931034483,0.2727272727272727,0.0,
805,2,1,0,150.545,187,102,94913,147262,-1,-110440,Pickup Error,Call,1328772,1646.02,Jewelry,-1,B,Consigner,494799,0.0,0.874829,573157,5.029874,0.938112,3,0,12,0,6,0,2,50.57901513935886,127.44248338763862,269.06842333721426,,0.1261261261261261,0.1789473684210526,0.0,
806,2,0,0,15.152,222,268,87140,450636,-1,107532,Damage,Call,132695,547.29,Dried Groceries,-1,B,Unknown,68262,10.98489,0.894118,93101,57.26523,0.961637,1,0,5,3,3,0,2,44.00935888510234,130.15540902762945,,50.53022093771138,0.173469387755102,0.2727272727272727,,0.0
807,2,0,0,28.871,0,92,171488,14158,-1,123089,Suspected Lost,Vendor Consultation,72973,100.72,Miscellaneous Goods,0,B,Unknown,31894,32.68019,0.983437,150151,6.139982,0.95479,5,6,14,3,2,0,2,57.22795965470159,40.2168723640722,47.93961788183223,,0.1678082191780822,0.2222222222222222,0.5,
808,2,0,0,1079.005,278,102,197553,418334,-1,-69600,Damage,Call,-48960,733.59,Dried Groceries,0,C,Receiver,331788,21.21729,0.991218,372565,17.30074,0.998416,1,0,5,1,0,0,2,86.14768587401899,127.44248338763862,312.78449282805343,,0.2307692307692307,0.1789473684210526,0.2608695652173913,
809,2,0,0,1593.991,76,185,143054,317372,-1,427773,未知,Call,1833111,1568.49,Miscellaneous Goods,-1,B,Consigner,23669,164.6683,0.998274,6669,152.5448,0.998771,0,0,14,0,6,0,2,69.88780449033361,82.10025254899978,2.3578022905146545,60.6359354956936,0.28125,0.2025316455696202,0.0,0.0
810,2,0,0,0.936,0,24,97572,293547,-1,427833,未知,Vendor Consultation,2068257,986.27,Home Improvement and Building Material,-1,C,Receiver,8687,29.51497,0.99968,961231,0.0,0.981716,0,6,10,1,6,0,2,57.22795965470159,42.55871986045592,0.0,0.0,0.1678082191780822,0.3181818181818182,0.0,0.0
811,2,0,0,580.877,42,292,227346,300000,-1,427702,Damage,Internal Software,583000000,2645.52,Household Goods,-1,B,Unknown,19020196,57.50082,0.999855,14244743,53.94716,0.999646,1,2,11,3,6,0,2,106.19017586084024,23.00992930524647,93.95808297694902,163.30068855149273,0.145631067961165,0.4,0.2585987261146497,0.5474358974358975
812,2,0,0,64.327,220,4,183889,300000,1,427864,未知,Call,545000000,753.98,Furniture,0,B,Consigner,3034,24.67699,0.998052,93843725,11.21042,0.987982,0,0,8,0,6,0,2,72.30195311537067,81.2740685764068,83.80393880479427,163.30068855149273,0.1304347826086956,0.2439024390243902,0.2442307692307692,0.5474358974358975
813,2,1,1,163.225,100,127,180105,74408,-1,427846,Suspected Lost,Internal Software,-51098,1627.99,Jewelry,0,C,Consigner,7939,76.83107,0.981916,685955,26.43379,0.957662,5,2,12,0,0,0,2,57.27817095022288,63.45537171576693,247.06417057687,0.0,0.1162790697674418,0.2325581395348837,0.5,0.0
814,2,0,0,23.461,132,206,223446,434964,-1,427863,Suspected Lost,Vendor Consultation,92925,480.65,Miscellaneous Goods,1,C,Consigner,14961,5.045906,0.99828,768921,1.603712,0.997077,5,6,14,0,3,0,2,52.70819341651338,37.75053008790583,2.672464687526048,37.680306438380285,0.2071428571428571,0.0,0.0,0.0
815,2,1,0,416.746,12,63,216627,242950,-1,-13501,Damage,Internal Software,-81235,209.44,Hardware,-1,C,Receiver,65717,19.81891,0.918093,3568,85.56987,0.975278,1,2,9,1,0,0,2,59.94601001535578,52.20261068322199,0.0,8.79048452705834,0.2666666666666666,0.2941176470588235,0.0,0.0
816,2,1,0,67.981,113,102,111620,218322,-1,16142,未知,Call,-44747,1229.7,Furniture,0,C,Consigner,37575,14.45448,0.990856,57571,11.40581,0.978221,0,0,8,0,0,0,2,36.24779227893041,127.44248338763862,,59.81249233012735,0.0909090909090909,0.1789473684210526,,0.3333333333333333
817,5,0,0,107.536,99,100,13059,165040,-1,427864,未知,Call,12384,575.86,Home Improvement and Building Material,-1,Not Known,Receiver,691166,1.01011,0.990152,1217848,3.060064,0.910947,0,0,10,1,2,0,2,65.94900544613762,111.92654089931048,33.595567259161726,0.0,0.211864406779661,0.1985815602836879,0.0,0.0
818,2,0,0,67.889,4,96,225809,340123,-1,427697,未知,Internal Software,-53434,666.62,Jewelry,0,C,Receiver,21066,84.20004,0.978793,389022,36.64888,0.995846,0,2,12,1,0,0,2,60.02737754693536,114.16873400512304,121.96191973593312,0.0,0.1592356687898089,0.2,0.2,0.0
819,2,0,0,81.787,25,132,188829,352359,-1,427809,未知,Call,324702,837.22,Miscellaneous Goods,-1,B,Receiver,13906,48.03558,0.978197,369195,9.630557,0.973901,0,0,14,1,5,0,2,88.8237010925776,56.88193748364041,0.0,115.9880379226179,0.1843137254901961,0.1636363636363636,0.0,0.4444444444444444
820,2,0,0,24.174,199,222,102466,12038,-1,427786,未知,Call,-61793,114.25,Miscellaneous Goods,-1,B,Consigner,235766,1.247511,0.986581,1768396,0.0,0.940044,0,0,14,0,0,0,2,85.77074119936532,77.81584876066215,,0.0,0.1063829787234042,0.1598173515981735,,0.0
821,2,0,0,152.29,89,268,224840,158802,-1,169219,Pickup Error,Internal Software,209924,130.42,Alcohol,0,B,Consigner,106891,18.57729,0.994699,241802,33.5026,0.987682,3,2,0,0,4,0,2,56.62852339692903,130.15540902762945,65.31524207556211,535.8292889053084,0.1,0.2727272727272727,0.4782608695652174,0.0
822,2,1,0,0.513,25,100,140303,12784,-1,427857,Suspected Lost,Internal Software,450333,100.41,"Apparel, Footwear & Accessories",0,C,Receiver,111744,0.0,0.972101,285300,12.91253,0.99951,5,2,1,1,5,0,2,88.8237010925776,111.92654089931048,0.526786445018944,,0.1843137254901961,0.1985815602836879,0.0,
823,2,1,0,21.573,268,140,32185,82481,-1,-210247,未知,Internal Software,128578,118.45,Dried Groceries,-1,C,Receiver,42509,46.48216,0.943812,128922,31.62315,0.995111,0,2,5,1,3,0,2,96.84596855953218,32.04443699722811,0.0,0.0,0.1823899371069182,0.1515151515151515,0.0,0.0
824,2,0,0,16.255,63,178,134584,211303,1,427837,Suspected Lost,Call,-70343,440.71,Jewelry,0,C,Receiver,101058,24.29846,0.943357,382509,88.59984,0.994774,5,0,12,1,0,0,2,87.51932180035882,75.72709977879157,0.0,0.0,0.2022471910112359,0.2073170731707317,0.0,0.0
825,2,0,0,227.577,55,132,44614,417020,-1,-52396,未知,Call,1113210,1276.62,Home Improvement and Building Material,0,B,Consigner,347899,154.3584,0.980315,32103,33.68833,0.997113,0,0,10,0,6,0,2,35.60364621033194,56.88193748364041,33.99104761043541,28.5270916166145,0.1212121212121212,0.1636363636363636,0.0,0.0
826,2,1,0,26.185,137,115,148310,9644,-1,427739,Damage,Call,123762,135.99,Pharmaceuticals,-1,C,Consigner,189473,45.96213,0.998305,26687,4.859752,0.969275,1,0,15,0,3,0,2,58.18470170477054,40.50436487071241,,5.047004106100695,0.1707317073170731,0.0833333333333333,,0.5
827,2,0,0,1443.049,179,15,136697,68422,-1,427864,未知,Call,-78134,1467.17,Alcohol,0,C,Consigner,792,226.5057,0.997822,17656,93.30819,0.918514,0,0,0,0,0,0,2,56.8349237193444,76.467556088998,137.74928192950847,1.784432573111431,0.1497584541062802,0.1296296296296296,0.0,0.0
828,2,0,0,6.207,179,3,17147,378799,-1,427854,未知,Internal Software,759835,194.34,Jewelry,-1,C,Unknown,2351402,1.486803,0.998388,423889,0.0,0.968132,0,2,12,3,6,0,2,56.8349237193444,63.81099393925928,19.34704952041094,6.923895841666621,0.1497584541062802,0.1170212765957446,0.0,1.0
829,2,0,0,133.238,3,357,182396,419214,-1,21551,Suspected Lost,Vendor Consultation,256909,524.74,Hardware,0,Not Known,Receiver,33204,69.10342,0.974611,12685,95.42149,0.998542,5,6,9,1,4,0,2,41.966021036266106,0.443093374570547,22.22566685806436,0.694391166155195,0.1538461538461538,0.0,0.0,0.0
830,2,0,0,173.279,187,88,148695,34068,-1,427848,Damage,Call,2169815,327.65,Jewelry,0,C,Unknown,11462,18.51018,0.910078,100330,5.545347,0.895787,1,0,12,3,6,0,2,50.57901513935886,79.74310528281981,0.6204257265648271,20.70849185724275,0.1261261261261261,0.2061855670103092,0.0,0.0
831,2,0,0,578.681,209,118,194816,97159,1,-5087,Pickup Error,Call,542878,1358.57,Dried Groceries,-1,Not Known,Receiver,5891,79.204,0.998109,320,90.92348,0.968386,3,0,5,1,5,0,2,10.618390271369725,87.17605904958299,5.48586374392826,57.18286710748978,0.0,0.0833333333333333,0.0,0.5
832,2,1,0,7.989,63,190,176599,280850,1,427801,Pickup Error,Internal Software,937456,123.56,Jewelry,0,C,Unknown,220625,2.753337,0.978238,470518,1.438859,0.992857,3,2,12,3,6,0,2,87.51932180035882,47.29286625931772,17.67623573510669,1.4956228956228956,0.2022471910112359,0.1052631578947368,0.0,0.0
833,2,1,0,277.466,302,92,151055,296259,-1,427762,Pickup Error,Call,1494938,349.36,Dried Groceries,0,C,Consigner,4550,78.46911,0.904027,44602,122.5068,0.996095,3,0,5,0,6,0,2,36.15561962809524,40.2168723640722,0.0,6.985870183174563,0.0434782608695652,0.2222222222222222,0.0,0.0
834,2,0,0,0.0,107,1,8645,429934,1,427763,Suspected Lost,Vendor Consultation,16258,371.93,Miscellaneous Goods,-1,B,Consigner,276073,0.0,0.996929,322578,6.710685,0.92243,5,6,14,0,2,0,2,69.59539401792847,69.89628878079544,0.0,6.606943346867591,0.135593220338983,0.12,0.0,0.0
835,2,0,0,168.442,136,220,184605,446847,-1,427844,Damage,Call,57992,934.37,Alcohol,0,B,Receiver,231653,60.44716,0.991949,484078,71.04867,0.968016,1,0,0,1,2,0,2,83.60535432076018,26.24295176398572,0.0,3.901392992007976,0.1632653061224489,0.05,0.0,0.0
836,1,0,0,0.251,178,178,81212,84116,-1,-120813,未知,Internal Software,1122610,1471.37,Hardware,-1,B,Unknown,223457,0.089643,0.930116,865311,9.155081,0.856511,0,2,9,3,6,0,2,59.71452989301516,75.72709977879157,0.0,0.0,0.1660079051383399,0.2073170731707317,0.0,0.0
837,2,1,0,16.393,107,106,177073,271248,-1,427863,未知,Complaint,29347,266.93,Beauty & Daily Essentials,-1,B,Consigner,1199900,12.50742,0.985736,510964,5.610387,0.922107,0,1,3,0,2,0,2,69.59539401792847,49.82089121674756,149.02897540036136,0.5092370321470724,0.135593220338983,0.1538461538461538,0.0,0.0
838,2,0,0,507.389,157,100,145335,20064,-1,427864,Damage,Call,407087,318.8,Maternity & Baby Products,0,C,Consigner,10790,56.87987,0.999426,32662,20.24622,0.99543,1,0,13,0,5,0,2,52.75232409840045,111.92654089931048,1.2977802233285776,43.11268939936436,0.2391304347826087,0.1985815602836879,0.0,0.0
839,2,1,0,85.643,25,146,219277,240641,-1,-10221,未知,Internal Software,-56601,100.01,Hardware,-1,C,Consigner,780921,1.215608,0.951581,1120491,0.0,0.991057,0,2,9,0,0,0,2,88.8237010925776,100.44850004559429,0.0,0.0,0.1843137254901961,0.1071428571428571,0.0,0.0
840,2,0,0,641.686,125,110,129203,14719,1,427740,未知,Vendor Consultation,-21684,1198.02,Jewelry,0,B,Unknown,6226,14.76347,0.967189,8827,12.52618,0.99718,0,6,12,3,0,0,2,70.23909957621414,63.258594293395895,3.1197441097954965,103.4676102340773,0.0793650793650793,0.1219512195121951,0.0,0.0
841,2,0,0,0.0,173,179,224848,254873,-1,427864,未知,Call,-22018,631.97,Maternity & Baby Products,0,C,Receiver,562537,0.0,0.994608,919700,0.0,0.930105,0,0,13,1,0,0,2,144.66956521279226,49.485349035609424,11.81154720788021,19.97330852013592,0.2222222222222222,0.17578125,0.0714285714285714,0.25
842,2,0,0,482.025,133,4,183889,78256,-1,427761,Suspected Lost,,127446,200.49,Home Improvement and Building Material,0,B,Consigner,229010,9.521711,0.995301,12777,4.0859,0.987352,5,5,10,0,3,0,2,66.60560181682781,81.2740685764068,83.80393880479427,0.0,0.1515151515151515,0.2439024390243902,0.2442307692307692,0.0
843,1,0,1,10.47,137,31,113893,361253,-1,150255,Pickup Error,Internal Software,533024,811.91,Dried Groceries,-1,B,Consigner,90198,28.74531,0.97473,249201,5.570523,0.947852,3,2,5,0,5,0,2,58.18470170477054,64.94709665704212,0.0,115.13575648728572,0.1707317073170731,0.1379310344827586,0.0,0.0
844,2,0,0,0.0,2,133,183889,226013,-1,427854,Suspected Lost,Complaint,2382428,1216.88,"Apparel, Footwear & Accessories",0,B,Receiver,198995,5.510578,0.96934,26263,19.74571,0.905236,5,1,1,1,6,0,2,56.04468495785089,67.74347839244929,83.80393880479427,102.07768891566356,0.0935960591133004,0.1929824561403508,0.2442307692307692,0.0
845,2,0,0,117.302,42,107,210549,443934,-1,427781,Suspected Lost,Call,3143589,536.31,Pharmaceuticals,-1,C,Consigner,1170,7.74754,0.996934,98379,72.17198,0.936065,5,0,15,0,6,0,2,106.19017586084024,103.77469026595364,0.0,0.0,0.145631067961165,0.1846153846153846,0.0,0.0
846,2,0,1,124.008,169,181,119015,149424,-1,-29300,Damage,Call,5017616,1615.02,Hardware,0,B,Consigner,52311,40.05774,0.94124,204254,2.296307,0.996868,1,0,9,0,6,0,2,79.91551653024653,45.1926466370765,36.77080713051936,0.0,0.4285714285714285,0.2325581395348837,0.0,0.0
847,2,0,0,665.838,25,142,154493,330292,-1,427798,未知,Vendor Consultation,543275,932.68,Miscellaneous Goods,-1,B,Receiver,229690,1.750438,0.994048,583287,0.0,0.998861,0,6,14,1,5,0,2,88.8237010925776,32.47128749327333,0.5779167595629235,21.373673036093415,0.1843137254901961,0.0833333333333333,1.0,2.0
848,5,0,0,281.513,302,199,15877,188382,-1,-114999,未知,Mini Program,-81771,302.47,Beauty & Daily Essentials,-1,B,Consigner,12282,54.57435,0.994083,30518,119.7219,0.97372,0,4,3,0,0,0,2,36.15561962809524,65.33437063477945,46.97040480882532,0.0,0.0434782608695652,0.3513513513513513,0.1827956989247312,0.0
849,2,0,0,83.648,246,222,209039,373790,-1,102699,Suspected Lost,Call,894519,1098.62,Hardware,-1,C,Consigner,72347,60.82488,0.995934,206878,57.94398,0.994901,5,0,9,0,6,0,2,87.28839398654806,77.81584876066215,,,0.1666666666666666,0.1598173515981735,,
850,2,0,0,563.438,2,192,139296,147419,-1,-103096,未知,Call,120995,1231.18,Alcohol,0,B,Consigner,44170,17.95562,0.945775,207468,34.16304,0.952799,0,0,0,0,3,0,2,56.04468495785089,82.7288345540081,52.95392515670586,,0.0935960591133004,0.1,0.5,
851,2,0,0,49.001,55,146,219832,433811,-1,-66417,Pickup Error,Call,180594,518.94,Hardware,0,Staff,Consigner,29445,16.93843,0.953382,50487,20.59094,0.934349,3,0,9,0,4,0,2,35.60364621033194,100.44850004559429,8.872137602321002,0.0,0.1212121212121212,0.1071428571428571,0.0,0.0
852,3,0,0,0.0,131,112,14084,42513,1,427772,未知,Call,1832281,101.6,Jewelry,-1,C,Consigner,76116,24.02594,0.932072,250169,36.83913,0.935877,0,0,12,0,6,0,2,25.28414948621409,102.38596657017575,69.64123028029817,49.21468957464619,0.3529411764705882,0.4,0.1481481481481481,0.0
853,2,0,0,26.996,178,1,123035,136231,-1,427845,未知,Internal Software,-67424,125.85,Miscellaneous Goods,0,C,Consigner,1022984,0.163685,0.996923,812314,0.630027,0.978476,0,2,14,0,0,0,2,59.71452989301516,69.89628878079544,205.6628265999717,877.04,0.1660079051383399,0.12,0.6666666666666666,0.0
854,2,0,0,298.552,96,187,89453,271211,1,-77583,Damage,Call,1000522,840.36,Electronic Product,-1,Not Known,Consigner,229799,17.2727,0.961197,124292,45.96317,0.94805,1,0,6,0,6,0,2,94.34474150468614,71.38613126413931,0.4432056312217522,,0.1764705882352941,0.1777777777777777,0.0,
855,2,0,0,1.949,146,178,183035,300000,-1,427864,未知,Call,129000000,914.94,Household Goods,0,B,Consigner,177000000,12.67505,0.999998,636000000,31.9435,0.991319,0,0,11,0,6,0,2,75.50373567911244,75.72709977879157,78.04631246771224,163.30068855149273,0.3,0.2073170731707317,0.25,0.5474358974358975
856,2,1,0,285.805,11,183,152359,102098,1,427843,未知,Call,180165,326.51,Dried Groceries,0,B,Consigner,69830,45.93591,0.915771,23144,43.50188,0.98691,0,0,5,0,4,0,2,46.140341664130425,53.17673485466082,5.444139073965063,82.94170936782488,0.1724137931034483,0.1666666666666666,0.0,0.4
857,2,0,0,126.771,13,184,7424,109953,-1,427864,未知,Call,3458436,239.15,Household Goods,0,B,Receiver,54966,2.434556,0.970154,16115,68.03994,0.966513,0,0,11,1,6,0,2,117.72169897217258,190.59538025568105,3.2347753350426416,0.0,0.2748538011695906,0.25,0.0,0.0
858,2,0,0,0.0,190,0,183889,261436,-1,-21873,未知,Internal Software,851411,426.5,Hardware,-1,B,Receiver,963162,0.0,0.750637,149921,23.54801,0.849166,0,2,9,1,6,0,2,73.48402451815683,75.01688402479252,83.80393880479427,80.60906582866771,0.1560693641618497,0.1507692307692307,0.2442307692307692,0.0
859,2,0,0,33.615,146,71,197940,343707,-1,427636,Damage,Call,941489,395.44,Appliances,1,Staff,Consigner,170481,17.33752,0.993381,279362,41.83187,0.970906,1,0,2,0,6,0,2,75.50373567911244,60.78127493377559,0.0,45.171493444108506,0.3,0.5714285714285714,0.0,0.0
860,2,0,0,187.666,225,190,12468,105645,-1,427825,未知,Vendor Consultation,432073,907.61,Miscellaneous Goods,0,B,Receiver,170743,77.92169,0.977823,26405,37.95414,0.983361,0,6,14,1,5,0,2,33.869565555369114,47.29286625931772,0.0,0.0,0.1538461538461538,0.1052631578947368,0.0,0.0
861,2,0,0,8.157,127,1,55347,439168,-1,-162997,未知,Call,654768,101.31,Maternity & Baby Products,0,Not Known,Consigner,15620,7.342633,0.928486,176638,21.87467,0.982461,0,0,13,0,6,0,2,59.84735359218162,69.89628878079544,0.622797699243445,0.5522570447556999,0.1397849462365591,0.12,0.0,0.0
862,5,1,0,322.454,0,43,227346,14504,-1,427861,未知,Mini Program,-26980,2484.89,Miscellaneous Goods,0,C,Consigner,184785,17.10939,0.98692,806454,10.04097,0.970688,0,4,14,0,0,0,2,57.22795965470159,47.014223570793376,93.95808297694902,0.9654974472326916,0.1678082191780822,0.1428571428571428,0.2585987261146497,0.0
863,2,0,0,12.495,1,262,108605,6419,1,-126137,Damage,Call,1372075,585.7,Electronic Product,-1,B,Receiver,460895,8.467447,0.891812,54399,89.54833,0.986128,1,0,6,1,6,0,2,69.06443164317325,34.60034588316222,0.0,0.0,0.1802721088435374,0.1578947368421052,0.0,0.0
864,2,0,0,0.0,151,143,128015,373177,-1,427821,Damage,Call,1699536,108.51,Pharmaceuticals,-1,C,Consigner,325077,5.136134,0.996788,697557,9.062539,0.907474,1,0,15,0,6,0,2,55.000321274151965,101.9632107476282,0.0,4.185246292755542,0.0828402366863905,0.2075471698113207,0.0,0.0
865,2,0,0,74.936,132,25,170637,415057,1,427751,Suspected Lost,Call,-76939,290.36,Beauty & Daily Essentials,-1,C,Consigner,237216,47.23373,0.995006,50159,14.76733,0.890352,5,0,3,0,0,0,2,52.70819341651338,58.087333342513965,11.69428551079034,457.51,0.2071428571428571,0.14,0.0,0.0
866,2,0,0,65.805,117,3,2537,173993,-1,427805,Damage,Internal Software,286029,921.82,Electronic Product,0,Not Known,Consigner,331322,33.03983,0.95182,241709,70.4889,0.998785,1,2,6,0,5,0,2,57.51283596595224,63.81099393925928,0.0,3.740027706069864,0.1052631578947368,0.1170212765957446,0.0,0.0
867,2,0,0,476.197,2,178,29901,401393,-1,427685,Damage,Vendor Consultation,-23162,1949.97,Furniture,-1,B,Consigner,306167,115.0811,0.936026,234780,12.43499,0.968189,1,6,8,0,0,0,2,56.04468495785089,75.72709977879157,2.114337518138417,79.41729562257744,0.0935960591133004,0.2073170731707317,0.5,0.0
868,2,0,0,92.553,26,151,224840,116037,-1,8485,Damage,Internal Software,759152,1477.93,Alcohol,0,B,Unknown,143048,100.8889,0.986597,16382,116.9097,0.902341,1,2,0,3,6,0,2,109.80516018052288,62.91307713975876,65.31524207556211,0.0,0.12,0.1176470588235294,0.4782608695652174,0.0
869,2,0,0,355.157,207,13,142831,433959,-1,-84744,Pickup Error,Internal Software,-49636,372.53,Hardware,1,B,Consigner,1254004,35.83519,0.999398,458692,5.180515,0.98442,3,2,9,0,0,0,2,74.1529936661414,58.69138621086622,,,0.4594594594594595,0.0909090909090909,,
870,2,0,1,148.199,2,39,176195,108739,1,427862,未知,Internal Software,27073,1187.84,Miscellaneous Goods,-1,B,Consigner,96064,25.55396,0.963045,681423,11.63406,0.995664,0,2,14,0,2,0,2,56.04468495785089,44.92391936878398,0.0,0.3366569547670232,0.0935960591133004,0.0,0.0,0.0
871,5,0,0,335.342,3,61,156557,132342,-1,427863,未知,Call,454365,924.25,Furniture,0,C,Receiver,39828,3.106575,0.967838,31174,10.36982,0.958903,0,0,8,1,5,0,2,41.966021036266106,128.19621631687195,122.48751697959452,4.975844968289454,0.1538461538461538,0.0,0.2,0.0
872,2,1,0,185.992,35,151,227346,300000,-1,427767,未知,Mini Program,789000000,1013.31,Electronic Product,-1,B,Consigner,8265,8.632372,0.926197,628918,14.14369,0.9976,0,4,6,0,6,0,2,152.40424014651626,62.91307713975876,93.95808297694902,163.30068855149273,0.4761904761904761,0.1176470588235294,0.2585987261146497,0.5474358974358975
873,5,0,0,41.247,107,0,148438,24847,-1,427735,未知,Call,175481,345.85,Jewelry,0,C,Consigner,1174539,0.377431,0.997639,501368,0.0,0.858032,0,0,12,0,4,0,2,69.59539401792847,75.01688402479252,3.917598014234145,0.0,0.135593220338983,0.1507692307692307,0.5,0.0
874,2,1,0,304.321,6,115,65103,67913,-1,427864,未知,Call,287092,400.96,Dried Groceries,0,C,Consigner,2004465,15.76917,0.871033,372898,48.61451,0.966642,0,0,5,0,5,0,2,32.29956245158629,40.50436487071241,8.592378981639552,2.840367052009945,0.0555555555555555,0.0833333333333333,0.0,0.0
875,2,0,0,1.596,1,25,89136,269805,-1,427817,Damage,Call,946308,147.58,Miscellaneous Goods,-1,C,Consigner,22899,77.63209,0.999807,56837,185.1482,0.968521,1,0,14,0,6,0,2,69.06443164317325,58.087333342513965,10.738282647292742,0.0,0.1802721088435374,0.14,0.0,0.0
876,2,1,0,170.055,2,190,217998,17049,-1,427860,未知,Internal Software,-81928,441.53,Maternity & Baby Products,-1,C,Consigner,13324,34.62805,0.904967,687136,11.7729,0.949941,0,2,13,0,0,0,2,56.04468495785089,47.29286625931772,11.330528714671916,1.984216214324469,0.0935960591133004,0.1052631578947368,0.25,0.0
877,2,1,0,409.363,100,263,214517,411064,-1,427821,Suspected Lost,Call,279463,929.27,Jewelry,0,B,Consigner,479856,34.58768,0.977033,100863,11.25816,0.982093,5,0,12,0,5,0,2,57.27817095022288,50.74917507594517,16.23532574725233,10.824942498329492,0.1162790697674418,0.0,0.0,0.0
878,3,0,1,26.551,178,234,161906,85894,-1,427816,Pickup Error,Internal Software,1197,692.89,Furniture,-1,C,Receiver,680009,0.0,0.994346,1113666,20.05826,0.999736,3,2,8,1,2,0,2,59.71452989301516,23.788597837309357,140.98470779763628,4.493140463118075,0.1660079051383399,0.1052631578947368,0.217391304347826,0.0
879,2,0,0,205.369,151,172,185333,114269,-1,-16028,Pickup Error,Call,251236,147.77,Hardware,0,B,Consigner,8183,70.00552,0.996668,146145,80.73267,0.980897,3,0,9,0,4,0,2,55.000321274151965,0.0,32.688566436982946,,0.0828402366863905,0.0,0.0,
880,2,0,0,193.078,25,179,202318,115243,-1,427825,Suspected Lost,Call,316357,1506.86,Miscellaneous Goods,1,C,Consigner,491073,36.66946,0.999948,23144,85.85955,0.978446,5,0,14,0,5,0,2,88.8237010925776,49.485349035609424,28.40769354015282,4.746621966924916,0.1843137254901961,0.17578125,0.0,0.0
881,2,1,0,12.782,101,199,100789,218181,-1,427854,Suspected Lost,Call,-81184,134.25,Home Improvement and Building Material,0,C,Consigner,2541162,0.0,0.935911,1077953,0.0,0.983096,5,0,10,0,0,0,2,94.6704948186992,65.33437063477945,0.0,0.8153196015673309,0.2333333333333333,0.3513513513513513,0.0,0.0
882,2,0,0,25.885,136,271,227346,300000,-1,425975,未知,Call,745000000,1274.5,Appliances,-1,B,Consigner,132000000,61.85688,0.997519,6090000000,51.45352,0.992155,0,0,2,0,6,0,2,83.60535432076018,24.09621176644301,93.95808297694902,163.30068855149273,0.1632653061224489,0.3448275862068966,0.2585987261146497,0.5474358974358975
883,2,1,0,4.576,108,114,156761,111354,-1,427861,未知,Call,-75231,205.92,Jewelry,-1,C,Receiver,442874,12.90862,0.975555,283887,18.21929,0.996277,0,0,12,1,0,0,2,29.59624611070252,32.542608500339675,2.089289836471251,0.0,0.0666666666666666,0.0909090909090909,0.0,0.0
884,2,0,0,401.205,25,222,186170,311581,-1,427758,Damage,,-62203,219.4,Miscellaneous Goods,-1,C,Consigner,505463,15.34459,0.968778,459875,16.46482,0.984811,1,5,14,0,0,0,2,88.8237010925776,77.81584876066215,2.175027192448795,218.14934455628836,0.1843137254901961,0.1598173515981735,0.0,0.0
885,2,0,0,85.39,97,176,218119,146078,-1,427864,Damage,Internal Software,-73862,273.36,Fresh,-1,C,Consigner,740740,21.52429,0.971551,516443,2.198175,0.985107,1,2,7,0,0,1,1,67.53870319850822,22.555021711690088,142.16663524208406,78.70015792616239,0.3333333333333333,0.5,0.0,0.3333333333333333
886,2,0,0,2.07,99,211,193886,426417,-1,129785,Pickup Error,Call,331726,636.48,Appliances,0,B,Consigner,467806,33.02683,0.870887,241735,10.0337,0.950436,3,0,2,0,5,0,2,65.94900544613762,74.44213332427378,183.07850421942743,13.769862398442193,0.211864406779661,0.2777777777777778,0.2535211267605634,0.0
887,3,1,0,0.215,188,1,193886,203847,-1,427746,Suspected Lost,Call,391237,507.35,Dried Groceries,-1,C,Unknown,1524203,1.489305,0.990757,804140,41.0652,0.885272,5,0,5,3,5,0,2,47.62317230513968,69.89628878079544,183.07850421942743,0.0,0.2051282051282051,0.12,0.2535211267605634,0.0
888,3,0,0,805.603,143,15,198484,246055,-1,427824,Damage,Call,2915910,112.61,Maternity & Baby Products,0,B,Consigner,26431,98.69858,0.987153,293862,1.843796,0.913375,1,0,13,0,6,0,2,38.45695991907031,76.467556088998,2.039746785672797,2.21787861700173,0.1136363636363636,0.1296296296296296,0.0,0.0
889,2,0,0,43.101,132,3,102466,399343,-1,427781,未知,Call,-40251,430.16,Furniture,0,B,Consigner,73726,6.310474,0.978024,269814,43.77635,0.945761,0,0,8,0,0,0,2,52.70819341651338,63.81099393925928,,4.944565444152056,0.2071428571428571,0.1170212765957446,,0.25
890,2,0,0,219.365,132,133,183288,4092,-1,427792,Damage,Internal Software,1217425,741.3,Electronic Product,1,B,Consigner,4339,39.92698,0.977049,73100,27.11105,0.972294,1,2,6,0,6,0,2,52.70819341651338,67.74347839244929,73.31698009166644,103.90829565212064,0.2071428571428571,0.1929824561403508,0.0,0.375
891,2,0,0,384.26,147,1,12189,51928,-1,427798,未知,Call,164356,425.96,Jewelry,-1,B,Receiver,736520,126.0447,0.976991,261117,1.573164,0.988851,0,0,12,1,3,0,2,45.57215363038746,69.89628878079544,8.861859972179904,0.0,0.2,0.12,0.0,0.0
892,2,0,0,0.0,152,147,220816,278628,-1,427861,Damage,Vendor Consultation,-80936,108.39,Household Goods,0,B,Consigner,223090,12.17628,0.962107,260212,0.0,0.998962,1,6,11,0,0,0,2,97.86133232302556,101.37354799694003,6.220126996344044,0.0,0.2702702702702703,0.1666666666666666,0.0,0.0
893,2,0,0,9.913,198,340,87259,248842,-1,427820,Damage,Vendor Consultation,-54182,198.33,Alcohol,-1,B,Receiver,170666,13.81569,0.96355,684855,27.80954,0.985426,1,6,0,1,0,0,2,47.532725738254,113.6015926645088,0.0,2.227158764897357,0.1111111111111111,0.0769230769230769,0.0,0.5
894,2,0,0,0.0,108,154,90668,15885,-1,427863,Pickup Error,Call,84496,125.4,Miscellaneous Goods,-1,C,Consigner,1462189,12.18535,0.905823,1049900,0.019117,0.987081,3,0,14,0,2,0,2,29.59624611070252,50.479144433344814,191.1,18.746977678032845,0.0666666666666666,0.3076923076923077,0.0,0.0
895,2,0,0,20.699,2,246,193699,31330,-1,-76973,Suspected Lost,Mini Program,559456,2411.87,Beauty & Daily Essentials,-1,B,Receiver,536810,0.0,0.882173,954225,0.0,0.975069,5,4,3,1,5,0,2,56.04468495785089,81.33591719373736,23.84760124895073,36.67909957659056,0.0935960591133004,0.4318181818181818,0.0,0.25
896,2,0,0,135.863,231,221,227346,105982,-1,427752,Pickup Error,Internal Software,696228,1124.23,Dried Groceries,0,B,Consigner,749969,5.198863,0.991188,443969,8.579312,0.805066,3,2,5,0,6,0,2,186.153782404103,124.92080405843552,93.95808297694902,13.38660046522276,0.0,0.3333333333333333,0.2585987261146497,0.0
897,3,1,0,1.256,92,84,15756,24744,-1,427864,Damage,Internal Software,-27855,355.29,Alcohol,-1,C,Receiver,758587,17.82381,0.997554,364753,1.477606,0.974497,1,2,0,1,0,0,2,81.28282427291707,27.37665069475309,1.0213463090202215,0.0,0.3529411764705882,0.0,0.0,0.0
898,2,0,0,98.204,268,137,219262,293482,-1,427811,Damage,Call,979661,812.66,Miscellaneous Goods,0,B,Consigner,14900,62.66846,0.999329,262896,12.53977,0.998847,1,0,14,0,6,0,2,96.84596855953218,40.54514853954838,0.0,264.5092512577686,0.1823899371069182,0.1012658227848101,0.0,1.0
899,3,0,0,48.251,100,89,187057,413582,-1,427705,Damage,Call,-55982,290.02,Miscellaneous Goods,0,B,Consigner,627695,9.677632,0.984782,432497,52.09428,0.963442,1,0,14,0,0,0,2,57.27817095022288,66.91243902018225,1.836790510476467,0.0,0.1162790697674418,0.1875,0.0,0.0
900,2,0,0,37.075,297,0,227346,300000,-1,427864,Damage,Call,161000000,1143.71,Maternity & Baby Products,0,C,Consigner,22126156,32.30878,0.948262,344000000,4.949013,0.994619,1,0,13,0,6,0,2,28.535314885327075,75.01688402479252,93.95808297694902,163.30068855149273,0.0,0.1507692307692307,0.2585987261146497,0.5474358974358975
901,2,0,0,608.718,55,0,15877,388621,-1,427843,Pickup Error,Call,765714,2373.11,Alcohol,-1,C,Receiver,1570466,60.80428,0.996869,285674,51.34992,0.973127,3,0,0,1,6,0,2,35.60364621033194,75.01688402479252,46.97040480882532,84.46966913832732,0.1212121212121212,0.1507692307692307,0.1827956989247312,0.1428571428571428
902,1,0,0,73.594,197,165,199261,256411,-1,-41673,未知,Call,-33352,387.96,Pharmaceuticals,0,B,Consigner,2376906,81.92066,0.968399,1154204,33.52966,0.999383,0,0,15,0,0,0,2,69.0135805405548,12.058791888583432,70.13925554206644,0.0,0.1162790697674418,0.0,0.2222222222222222,0.0
903,2,0,0,148.147,164,164,163659,409136,-1,427864,未知,Call,485353,187.42,Miscellaneous Goods,0,C,Consigner,54234,125.4271,0.984261,12805,81.40885,0.998495,0,0,14,0,5,0,2,59.72498410518864,49.08316346381199,4.694862382669302,122.7505709115502,0.1617647058823529,0.1458333333333333,0.3333333333333333,0.0
904,5,0,0,521.351,16,179,7900,100106,-1,427844,未知,Call,1858913,620.87,Jewelry,-1,C,Consigner,15690,29.02351,0.986945,148068,4.641576,0.99496,0,0,12,0,6,0,2,13.371818349972637,49.485349035609424,1.167387493281494,0.0,0.0,0.17578125,0.0,0.0
905,2,0,0,53.543,246,0,14084,12749,-1,427748,Damage,Call,208653,403.29,"Apparel, Footwear & Accessories",0,Not Known,Receiver,179996,99.28024,0.988976,309834,23.61232,0.975853,1,0,1,1,4,0,2,87.28839398654806,75.01688402479252,69.64123028029817,50.15900759802723,0.1666666666666666,0.1507692307692307,0.1481481481481481,0.2307692307692307
906,2,0,0,13.208,218,185,42455,417346,1,-109791,未知,Call,-9956,1332.47,Documents & Bills,0,C,Consigner,200412,0.0,0.993052,77022,21.83776,0.947121,0,0,4,0,0,0,2,45.42517437856351,82.10025254899978,481.1904882213491,2.172474708171105,0.3333333333333333,0.2025316455696202,0.0,1.0
907,2,0,0,127.668,150,1,217196,363210,-1,427829,未知,Call,-70889,479.72,Miscellaneous Goods,-1,C,Unknown,134439,2.437277,0.997828,403329,24.70198,0.997298,0,0,14,3,0,0,2,68.02774724414232,69.89628878079544,5.49899611196042,19.295879787973544,0.15,0.12,0.0,0.0
908,3,0,0,309.904,70,98,198141,347360,-1,427828,未知,Vendor Consultation,1318278,1078.43,Beauty & Daily Essentials,0,C,Consigner,569943,0.589826,0.993603,262437,5.888195,0.988594,0,6,3,0,6,0,2,2.083504343902538,65.32592348952949,0.0,0.0,0.0,0.0638297872340425,0.0,0.0
909,2,1,0,177.774,4,59,227346,102098,-1,427847,未知,Call,-81804,2247.47,Fresh,0,C,Consigner,533625,0.665347,0.914128,221418,0.0,0.995857,0,0,7,0,0,1,1,60.02737754693536,24.23624720180503,93.95808297694902,82.94170936782488,0.1592356687898089,0.0,0.2585987261146497,0.4
910,5,0,0,3.187,185,221,227346,300000,-1,427864,未知,Call,18947448,1529.07,Dried Groceries,0,C,Consigner,22039,2.978069,0.982426,80192615,17.42945,0.935746,0,0,5,0,6,0,2,64.67006111935692,124.92080405843552,93.95808297694902,163.30068855149273,0.1851851851851851,0.3333333333333333,0.2585987261146497,0.5474358974358975
911,2,0,0,4.575,97,88,227346,90708,-1,427864,未知,Call,1531045,215.39,Jewelry,0,Staff,Consigner,128236,11.15647,0.983923,1258843,0.0,0.853999,0,0,12,0,6,0,2,67.53870319850822,79.74310528281981,93.95808297694902,202.6010601695141,0.3333333333333333,0.2061855670103092,0.2585987261146497,0.0
912,2,1,0,7.705,178,117,190165,308575,-1,427853,未知,Call,716637,256.44,Maternity & Baby Products,-1,Not Known,Consigner,648194,6.13087,0.896175,285949,29.88572,0.931949,0,0,13,0,6,0,2,59.71452989301516,66.62484724143525,82.37738910636585,2.181495366087138,0.1660079051383399,0.0689655172413793,0.0666666666666666,0.0
913,2,1,0,68.946,43,76,224840,80496,-1,427835,Damage,Call,131433,218.46,Miscellaneous Goods,0,B,Consigner,453255,19.81858,0.992351,178466,9.54874,0.985626,1,0,14,0,3,0,2,71.58077320943575,104.46696466604024,65.31524207556211,2.9542267426771214,0.075,0.3043478260869565,0.4782608695652174,0.5
914,5,0,0,79.93,25,25,69714,33780,-1,-138285,Damage,Call,1261413,634.73,Electronic Product,0,B,Receiver,13479,140.2599,0.888791,243850,2.055917,0.976917,1,0,6,1,6,0,2,88.8237010925776,58.087333342513965,0.0,,0.1843137254901961,0.14,0.0,
915,3,0,0,13.334,235,164,78671,48603,-1,427862,Suspected Lost,Vendor Consultation,-10558,736.4,Miscellaneous Goods,-1,B,Staff,163493,1.148215,0.913473,561091,19.32075,0.898857,5,6,14,2,0,0,2,47.19797237469512,49.08316346381199,23.43716337522441,0.0,0.1538461538461538,0.1458333333333333,0.0,0.0
916,5,0,0,42.935,0,2,227346,146014,1,427699,未知,Vendor Consultation,20974,1206.33,Home Improvement and Building Material,0,B,Unknown,555916,9.558657,0.997167,26350,14.65312,0.995423,0,6,10,3,2,0,2,57.22795965470159,93.3192184944359,93.95808297694902,3.1581983982435564,0.1678082191780822,0.1111111111111111,0.2585987261146497,0.0
917,2,0,0,764.072,252,198,222751,277559,-1,427795,Damage,Call,414145,737.13,Miscellaneous Goods,-1,C,Consigner,1028,23.48025,0.988269,140349,40.28219,0.995937,1,0,14,0,5,0,2,76.44545977535991,27.951849133840675,0.0,72.4502706162004,0.2105263157894736,0.09375,0.0,0.5
918,2,1,0,0.0,302,151,159786,230180,-1,-30431,未知,Internal Software,537281,192.06,Jewelry,1,B,Receiver,933163,2.064073,0.9835,771534,3.61915,0.938024,0,2,12,1,5,0,2,36.15561962809524,62.91307713975876,13.783684947226387,94.23503942889116,0.0434782608695652,0.1176470588235294,0.0,0.0
919,2,0,0,764.5,181,222,12189,99957,-1,30915,未知,Call,195446,844.72,Hardware,0,B,Consigner,211763,16.70774,0.889251,1174419,18.75946,0.96043,0,0,9,0,4,0,2,66.98420127730182,77.81584876066215,8.861859972179904,165.1403409422196,0.1568627450980392,0.1598173515981735,0.0,0.0
920,2,1,1,2.939,178,24,227346,155581,-1,427862,Damage,Call,795323,603.78,Miscellaneous Goods,-1,C,Consigner,136126,48.41692,0.996916,1096811,7.249952,0.97001,1,0,14,0,6,0,2,59.71452989301516,42.55871986045592,93.95808297694902,55.010996325986056,0.1660079051383399,0.3181818181818182,0.2585987261146497,0.0
921,5,1,1,1.981,178,63,201489,185963,-1,-223499,未知,Internal Software,-78225,120.83,"Apparel, Footwear & Accessories",0,C,Consigner,696916,0.0,0.950821,1743111,0.0,0.985773,0,2,1,0,0,0,2,59.71452989301516,52.20261068322199,157.55368793219986,1.882424209048104,0.1660079051383399,0.2941176470588235,0.0,0.0
922,2,0,0,97.739,35,274,183889,300000,-1,154713,Damage,Call,261000000,817.42,Jewelry,0,C,Consigner,108000000,84.85422,0.997574,77568304,27.94447,0.973638,1,0,12,0,6,0,2,152.40424014651626,126.32811879679848,83.80393880479427,163.30068855149273,0.4761904761904761,0.5,0.2442307692307692,0.5474358974358975
923,2,0,0,1.616,314,151,62216,65584,-1,75757,Damage,Call,2052061,1856.16,Beauty & Daily Essentials,0,C,Consigner,258575,2.483848,0.992303,565026,5.37851,0.986536,1,0,3,0,6,0,2,114.58829809756544,62.91307713975876,3.14188697396819,62.20442571352191,0.0,0.1176470588235294,0.0,0.5
924,2,0,0,545.088,143,134,193650,237130,-1,427864,未知,Internal Software,-8531,145.76,Furniture,0,B,Consigner,7970,64.72265,0.96912,186350,14.32999,0.99982,0,2,8,0,0,0,2,38.45695991907031,46.10167247042128,48.10227495989376,0.0,0.1136363636363636,0.0869565217391304,0.25,0.0
925,2,1,0,0.0,178,343,201787,300000,-1,427845,未知,Call,811000000,934.66,Furniture,-1,Not Known,Consigner,52969598,36.57968,0.99748,4815208,5.641132,0.972763,0,0,8,0,6,0,2,59.71452989301516,140.5540846324199,151.60579744998205,163.30068855149273,0.1660079051383399,0.4761904761904761,0.4444444444444444,0.5474358974358975
926,1,0,0,14.184,63,276,112495,185343,-1,37687,未知,Call,29613,103.21,Pharmaceuticals,0,B,Unknown,59171,2.008226,0.995637,504901,0.0,0.98218,0,0,15,3,2,0,2,87.51932180035882,10.135786229263095,6.1814003443781695,12.07519683027662,0.2022471910112359,0.0,0.5,0.3333333333333333
927,2,0,0,0.0,151,1,127975,267675,-1,427775,未知,Call,398877,405.03,Miscellaneous Goods,1,C,Unknown,1019485,7.073998,0.998304,45658,20.78183,0.980363,0,0,14,3,5,0,2,55.000321274151965,69.89628878079544,0.0,1.9111997769675555,0.0828402366863905,0.12,0.0,0.0
928,5,0,0,15.699,176,147,15032,2414,-1,81120,未知,Call,-72222,405.85,Home Improvement and Building Material,0,B,Consigner,272923,2.051474,0.938117,272923,76.64233,0.989644,0,0,10,0,0,0,2,11.134250333055126,101.37354799694003,3.451787414346266,0.0,0.0,0.1666666666666666,0.0,0.0
929,2,0,0,759.242,117,55,93193,315165,-1,427864,未知,Call,57243,328.88,Dried Groceries,0,B,Unknown,305333,0.0,0.939796,966656,1.899189,0.959478,0,0,5,3,2,0,2,57.51283596595224,119.73828509963953,226.8752898406858,63.803918271252,0.1052631578947368,0.1538461538461538,0.0,0.0
930,2,1,0,1031.557,169,172,126113,298355,-1,427863,未知,Call,-77665,214.06,Dried Groceries,-1,C,Consigner,125230,0.0,0.988771,365072,4.366296,0.960912,0,0,5,0,0,0,2,79.91551653024653,0.0,106.1620359346598,0.0,0.4285714285714285,0.0,0.0,0.0
931,5,0,0,229.976,13,1,132650,30661,1,-11134,Pickup Error,Internal Software,-80516,1128.76,Dried Groceries,-1,C,Consigner,96227,0.592072,0.909614,231555,19.67281,0.978986,3,2,5,0,0,0,2,117.72169897217258,69.89628878079544,0.0,,0.2748538011695906,0.12,0.0,
932,5,0,0,298.434,178,325,22189,393473,-1,10868,Damage,Call,1145243,509.89,Beauty & Daily Essentials,1,B,Consigner,64793,40.39638,0.747249,283205,21.79164,0.976274,1,0,3,0,6,0,2,59.71452989301516,8.045835202638152,,33.71581043871142,0.1660079051383399,0.0,,0.0
933,2,0,0,211.652,101,1,220837,359679,-1,64069,Damage,Call,1083523,3116.7,Miscellaneous Goods,-1,Staff,Consigner,456128,82.65456,0.979404,99258,9.576481,0.927035,1,0,14,0,6,0,2,94.6704948186992,69.89628878079544,26.502076366913155,,0.2333333333333333,0.12,0.0,
934,5,0,1,79.318,181,127,99016,167914,-1,427864,未知,Internal Software,236758,108.47,Jewelry,0,B,Consigner,330883,34.91271,0.999397,757276,0.94611,0.94191,0,2,12,0,4,0,2,66.98420127730182,63.45537171576693,0.3842779251707786,0.0,0.1568627450980392,0.2325581395348837,0.0,0.0
935,2,1,0,21.973,117,91,38399,186992,-1,-143742,未知,Complaint,55674,1351.61,Jewelry,0,B,Consigner,39051,1.683892,0.995207,412968,0.0,0.962085,0,1,12,0,2,0,2,57.51283596595224,38.50516592325653,0.0,0.0,0.1052631578947368,0.3870967741935484,0.0,0.0
936,3,1,0,9.371,0,188,227346,285755,-1,427794,Suspected Lost,Internal Software,434402,3663.27,Dried Groceries,0,C,Receiver,190118,6.436822,0.993815,161591,22.39417,0.98859,5,2,5,1,5,0,2,57.22795965470159,81.19796947313277,93.95808297694902,0.0,0.1678082191780822,0.1052631578947368,0.2585987261146497,0.0
937,2,0,0,604.991,132,104,106295,418334,-1,59064,Pickup Error,Call,127736,1360.78,Hardware,0,C,Consigner,15755,254.2533,0.944097,147709,50.9561,0.968478,3,0,9,0,3,0,2,52.70819341651338,21.728510570447654,0.0,,0.2071428571428571,0.1666666666666666,0.0,
938,2,0,0,234.029,179,99,4459,390919,-1,152806,Damage,Call,662521,520.73,Household Goods,0,C,Receiver,21389,37.74844,0.99734,34149,74.88411,0.843936,1,0,11,1,6,0,2,56.8349237193444,39.75074374258253,0.0,3.113194026024717,0.1497584541062802,0.1505376344086021,0.0,0.0
939,2,0,0,11.668,14,27,218814,56685,-1,427860,未知,Call,102258,688.6,Miscellaneous Goods,-1,C,Consigner,331945,29.80232,0.99888,264012,4.674096,0.981496,0,0,14,0,3,0,2,46.7451960537384,64.72765369509243,6.098324126704561,51.36864499236308,0.0555555555555555,0.4545454545454545,0.0,0.0
940,2,1,0,0.0,30,220,49248,7751,-1,-328,未知,Call,-61613,649.52,Hardware,0,C,Consigner,79035,0.0,0.988237,738437,0.0,0.960976,0,0,9,0,0,0,2,175.3065209946958,26.24295176398572,162.21355252001945,0.0,0.0,0.05,0.0,0.0
941,2,0,0,0.0,188,178,54287,424265,1,427786,Suspected Lost,Internal Software,-82052,102.31,Miscellaneous Goods,-1,C,Consigner,1115749,0.0,0.991573,598885,2.049749,0.998841,5,2,14,0,0,0,2,47.62317230513968,75.72709977879157,5.461322385479688,386.42204085540567,0.2051282051282051,0.2073170731707317,0.0,0.0
942,2,0,0,0.0,187,178,74386,411965,-1,427859,Damage,Internal Software,118474,277.24,Miscellaneous Goods,-1,B,Receiver,412801,14.69889,0.945922,1444574,0.45498,0.95777,1,2,14,1,3,0,2,50.57901513935886,75.72709977879157,11.905248670729176,88.26100898947308,0.1261261261261261,0.2073170731707317,0.25,0.0
943,2,0,0,207.696,13,25,170221,430812,-1,427807,未知,Call,-21741,128.4,Household Goods,-1,C,Receiver,52214,0.0,0.993821,233542,0.0,0.942695,0,0,11,1,0,0,2,117.72169897217258,58.087333342513965,42.816873246771024,0.0,0.2748538011695906,0.14,0.0,0.0
944,5,0,0,1.418,3,178,203831,145424,-1,427760,Pickup Error,Call,275244,259.52,Appliances,0,B,Consigner,462225,1.531335,0.977939,575800,0.0,0.977755,3,0,2,0,5,0,2,41.966021036266106,75.72709977879157,33.806472620878644,0.0,0.1538461538461538,0.2073170731707317,0.0,0.0
945,5,0,0,335.028,167,49,193650,137165,-1,427849,未知,Mini Program,1711319,652.82,Beauty & Daily Essentials,0,Not Known,Consigner,102582,50.90968,0.986363,396172,51.93265,0.993638,0,4,3,0,6,0,2,58.72738978596847,18.494049091362537,48.10227495989376,,0.3636363636363636,0.3333333333333333,0.25,
946,3,0,0,159.179,10,24,216178,104694,-1,-10494,未知,Call,129691,693.02,Jewelry,0,B,Receiver,784454,0.0,0.996924,971227,0.0,0.99689,0,0,12,1,3,0,2,75.08706991822723,42.55871986045592,3.1864253567719354,,0.0952380952380952,0.3181818181818182,0.0,
947,2,1,0,11.652,19,223,121736,12527,-1,61114,Damage,Call,-63451,628.43,Beauty & Daily Essentials,-1,C,Consigner,141742,20.28375,0.980719,100309,23.47299,0.991553,1,0,3,0,0,0,2,9.293604846134908,0.0,0.0,2.733245729303548,0.0,0.0,0.0,0.0
948,1,1,0,24.58,278,340,122936,92600,-1,427856,未知,Mini Program,-74640,571.82,Maternity & Baby Products,0,B,Consigner,1174,9.730993,0.982646,243093,14.69267,0.96154,0,4,13,0,0,0,2,86.14768587401899,113.6015926645088,12.99293313660014,0.0,0.2307692307692307,0.0769230769230769,0.0,0.0
949,2,0,0,133.268,25,178,201643,213282,-1,48033,Damage,Call,214231,320.4,"Apparel, Footwear & Accessories",-1,C,Consigner,7436,50.58023,0.975822,515267,6.045148,0.996659,1,0,1,0,4,0,2,88.8237010925776,75.72709977879157,,21.032663032162414,0.1843137254901961,0.2073170731707317,,0.4285714285714285
950,2,0,0,114.32,79,0,212182,300000,-1,203616,Suspected Lost,Call,674000000,1893.31,Home Improvement and Building Material,0,C,Consigner,124845,1.896819,0.908757,256000000,5.386867,0.934472,5,0,10,0,6,0,2,7.551432120387115,75.01688402479252,62.71522772083796,163.30068855149273,0.6,0.1507692307692307,0.5833333333333334,0.5474358974358975
951,2,0,0,37.905,175,11,153761,265606,-1,-104363,未知,Call,-81959,304.13,Pharmaceuticals,-1,C,Consigner,18312,9.898439,0.943122,130184,35.40892,0.96919,0,0,15,0,0,0,2,110.32680013625952,31.253102632101324,76.71150369918685,0.0,0.3333333333333333,0.0476190476190476,0.0,0.0
952,2,0,0,871.081,89,15,157762,361837,-1,232002,Damage,Call,1370104,1148.68,Miscellaneous Goods,-1,B,Consigner,88725,10.63667,0.870274,90617,21.28145,0.999757,1,0,14,0,6,0,2,56.62852339692903,76.467556088998,0.0,0.9745554786574704,0.1,0.1296296296296296,0.0,0.5
953,2,0,0,0.0,268,101,15566,41229,-1,427596,未知,Internal Software,163837,121.49,Home Improvement and Building Material,1,B,Consigner,629889,1.204713,0.926584,1573159,0.0,0.991954,0,2,10,0,3,0,2,96.84596855953218,58.58878798840541,2.977935334889288,0.0,0.1823899371069182,0.1323529411764706,0.0,0.0
954,2,0,0,507.491,4,102,191761,452982,-1,427764,Damage,Mini Program,4448,724.9,Miscellaneous Goods,0,B,Consigner,5312,104.7051,0.998598,138420,45.47845,0.994872,1,4,14,0,2,0,2,60.02737754693536,127.44248338763862,2.040700356026372,22.0406909114852,0.1592356687898089,0.1789473684210526,0.0,0.0
955,2,0,0,0.0,3,13,210258,301367,-1,-75112,Pickup Error,Internal Software,-81576,105.6,Appliances,0,B,Consigner,341588,28.33306,0.997938,805711,7.789924,0.961793,3,2,2,0,0,0,2,41.966021036266106,58.69138621086622,0.0,0.0,0.1538461538461538,0.0909090909090909,0.0,0.0
956,2,1,0,31.274,38,96,166653,212899,-1,427863,未知,Call,241428,1638.4,Miscellaneous Goods,0,B,Receiver,296200,96.5837,0.993787,525653,34.38458,0.992244,0,0,14,1,4,0,2,83.3897689719621,114.16873400512304,1.8113718753782253,80.54197037289836,0.3442622950819672,0.2,0.0,0.3103448275862069
957,2,0,0,30.213,151,96,105757,182062,-1,427850,Damage,Call,91162,149.27,Furniture,-1,B,Consigner,345898,2.467007,0.979677,1687038,0.0,0.978248,1,0,8,0,3,0,2,55.000321274151965,114.16873400512304,0.0,0.0,0.0828402366863905,0.2,0.0,0.0
958,2,0,0,0.0,125,253,85347,15692,-1,427861,未知,Vendor Consultation,-23525,133.64,Jewelry,0,B,Consigner,475625,18.07388,0.99991,229778,19.15773,0.968156,0,6,12,0,0,0,2,70.23909957621414,69.88451229595863,105.68017655324462,,0.0793650793650793,0.208955223880597,0.0,
959,2,1,1,940.537,121,222,208391,331750,-1,-13133,未知,Call,-40835,601.7,Documents & Bills,-1,B,Unknown,137378,7.179009,0.999816,436404,10.2045,0.996135,0,0,4,3,0,0,2,13.574390773595596,77.81584876066215,44.03517556487451,20.034266666666667,0.0,0.1598173515981735,0.0,0.0
960,2,1,0,33.986,146,102,227346,300000,-1,427864,Damage,Internal Software,261000000,3227.81,Pharmaceuticals,0,B,Receiver,14519,37.42681,0.993245,128000000,6.219853,0.984799,1,2,15,1,6,0,2,75.50373567911244,127.44248338763862,93.95808297694902,163.30068855149273,0.3,0.1789473684210526,0.2585987261146497,0.5474358974358975
961,2,0,1,434.008,100,239,183889,111657,-1,171892,Damage,Internal Software,2309195,483.31,Appliances,0,B,Consigner,25835,49.86378,0.997506,112193,2.441412,0.995593,1,2,2,0,6,0,2,57.27817095022288,0.983485538780041,83.80393880479427,0.0,0.1162790697674418,0.0,0.2442307692307692,0.0
962,2,1,0,28.037,193,33,161906,300000,-1,427864,未知,Vendor Consultation,552000000,1523.08,Alcohol,0,B,Consigner,4157029,0.0,0.947121,58197119,10.95411,0.972623,0,6,0,0,6,0,2,99.9740257904606,36.78825873504067,140.98470779763628,163.30068855149273,0.2307692307692307,0.3225806451612903,0.217391304347826,0.5474358974358975
963,2,0,0,51.822,13,292,225250,4816,-1,-30022,未知,Call,1379547,1267.49,Hardware,0,C,Consigner,107798,12.86888,0.981268,339877,10.29801,0.951411,0,0,9,0,6,0,2,117.72169897217258,23.00992930524647,3.1536113542086417,3.482239757796398,0.2748538011695906,0.4,0.0,0.0
964,2,1,0,214.105,209,190,103833,222157,-1,-56646,未知,Call,251206,1040.72,Hardware,0,C,Consigner,223474,2.889304,0.999943,428356,12.77906,0.921888,0,0,9,0,4,0,2,10.618390271369725,47.29286625931772,,3.7191961874804593,0.0,0.1052631578947368,,0.0
965,3,0,0,418.525,211,1,212779,96384,-1,427663,Damage,Call,1446700,1651.42,"Apparel, Footwear & Accessories",0,C,Consigner,184781,112.2309,0.994866,78346,33.77205,0.978807,1,0,1,0,6,0,2,95.356323113403,69.89628878079544,33.320362345409855,10.29153821941896,0.1041666666666666,0.12,0.1,0.0
966,2,1,0,148.498,100,133,181728,100836,-1,427743,未知,Call,647391,379.8,"Apparel, Footwear & Accessories",-1,Not Known,Consigner,27026,29.27155,0.999392,178584,0.701863,0.975936,0,0,1,0,6,0,2,57.27817095022288,67.74347839244929,23.622360678435445,198.3,0.1162790697674418,0.1929824561403508,0.0,0.0
967,3,1,0,50.547,88,3,174898,35356,-1,427678,未知,Call,309463,294.84,Dried Groceries,0,C,Receiver,440244,80.85698,0.972312,74484,14.15704,0.992609,0,0,5,1,5,0,2,116.52863038936586,63.81099393925928,9.045117048592664,71.10404072542157,0.0925925925925925,0.1170212765957446,0.0,0.0
968,2,0,0,954.737,143,222,72876,240844,-1,-14424,Damage,Internal Software,1313104,3034.19,Hardware,0,Not Known,Consigner,3018,35.41798,0.992387,62655,25.65839,0.995425,1,2,9,0,6,0,2,38.45695991907031,77.81584876066215,8.286227945480391,60.67290987429998,0.1136363636363636,0.1598173515981735,0.0,0.0
969,3,0,0,70.582,192,186,120054,431305,-1,427825,Suspected Lost,Internal Software,72845,141.08,Miscellaneous Goods,-1,B,Consigner,853180,8.76565,0.907359,310282,2.855408,0.962351,5,2,14,0,2,0,2,57.1901563024116,126.0016059546157,3.001246292129321,0.0,0.1951219512195122,0.125,0.0,0.0
970,2,1,0,736.016,80,12,197849,388688,-1,427807,未知,Call,661461,1438.5,Pharmaceuticals,-1,Not Known,Receiver,265693,10.60873,0.982103,278521,0.623959,0.870257,0,0,15,1,6,0,2,229.04002562608903,78.44682581792124,2.117725326312041,3.278056120883387,0.0,0.2340425531914893,0.0,0.0
971,1,0,0,165.836,190,1,53458,360091,-1,427860,Damage,Internal Software,4470675,1791.57,Jewelry,-1,B,Consigner,27823,3.495063,0.980557,40464,76.51976,0.984128,1,2,12,0,6,0,2,73.48402451815683,69.89628878079544,2.123869229990598,7.4098638674978,0.1560693641618497,0.12,0.0,0.0
972,5,0,0,366.866,158,1,211909,68271,-1,-90162,Suspected Lost,Call,395819,160.06,Hardware,-1,B,Consigner,501182,51.88925,0.943663,157625,33.76534,0.995407,5,0,9,0,5,0,2,166.88537928718344,69.89628878079544,314.97,8.984832031386835,0.1538461538461538,0.12,0.0,0.0
973,2,0,0,56.875,25,268,224840,300000,-1,-188762,Pickup Error,Call,836000000,2033.61,Documents & Bills,0,Not Known,Receiver,204423,33.17302,0.953006,36417188,25.87304,0.972464,3,0,4,1,6,0,2,88.8237010925776,130.15540902762945,65.31524207556211,163.30068855149273,0.1843137254901961,0.2727272727272727,0.4782608695652174,0.5474358974358975
974,2,0,0,22.833,107,79,217487,89413,-1,-114256,未知,Call,102367,481.91,Miscellaneous Goods,-1,B,Consigner,298196,2.537041,0.982629,1841493,0.0,0.875154,0,0,14,0,3,0,2,69.59539401792847,41.96640113648718,65.932766900628,0.0,0.135593220338983,0.2758620689655172,0.0,0.0
975,5,0,0,436.273,99,25,14084,264002,-1,427863,Damage,Vendor Consultation,335892,108.77,Documents & Bills,0,C,Receiver,324259,101.2798,0.95997,1014790,2.255226,0.88291,1,6,4,1,5,0,2,65.94900544613762,58.087333342513965,69.64123028029817,0.0,0.211864406779661,0.14,0.1481481481481481,0.0
976,2,0,0,3.253,27,83,213341,257015,-1,427813,Suspected Lost,Call,102558,1073.46,Miscellaneous Goods,-1,B,Consigner,389216,76.39261,0.939171,1262512,4.837588,0.99436,5,0,14,0,3,0,2,94.032370683866,65.91514331433044,179.34885717102892,1.3974559108935956,0.0983606557377049,0.1290322580645161,0.2857142857142857,0.0
977,2,0,0,108.108,103,15,227346,162566,-1,427864,Pickup Error,Call,1848617,689.98,Miscellaneous Goods,0,B,Consigner,275713,2.881288,0.946579,95271,2.858329,0.995695,3,0,14,0,6,0,2,63.60914429442057,76.467556088998,93.95808297694902,1.1364395596282864,0.0769230769230769,0.1296296296296296,0.2585987261146497,0.0
978,3,0,0,0.0,129,3,116131,153473,-1,97678,未知,Internal Software,-36296,296.96,Dried Groceries,-1,C,Receiver,426408,2.789279,0.999887,286777,5.241516,0.959244,0,2,5,1,0,0,2,111.99462456548208,63.81099393925928,,,0.53125,0.1170212765957446,,
979,2,0,0,345.626,219,187,183889,211546,-1,427861,Pickup Error,Call,40413,498.64,Jewelry,0,B,Consigner,24247,165.8715,0.979378,1497,140.6114,0.97313,3,0,12,0,2,0,2,98.8784854205968,71.38613126413931,83.80393880479427,0.4365899117732442,0.4210526315789473,0.1777777777777777,0.2442307692307692,0.0
980,2,0,0,0.0,178,270,199261,33532,-1,59859,Damage,Mini Program,272195,501.73,Hardware,0,C,Receiver,1248318,0.0,0.772077,620949,0.0,0.979526,1,4,9,1,5,0,2,59.71452989301516,18.06552240870387,70.13925554206644,0.0,0.1660079051383399,0.2222222222222222,0.2222222222222222,0.0
981,2,0,0,652.865,44,99,190978,86040,-1,427863,Suspected Lost,Call,-4005,1667.39,Dried Groceries,0,C,Staff,157416,56.26445,0.986647,647371,2.974188,0.97832,5,0,5,2,0,0,2,54.68123268224992,39.75074374258253,,9.514618223105307,0.1818181818181818,0.1505376344086021,,1.0
982,2,1,0,313.231,179,100,106131,442097,-1,427840,Pickup Error,Mini Program,1543422,1142.65,Dried Groceries,0,C,Consigner,1000325,1.634447,0.998272,196169,2.600563,0.998575,3,4,5,0,6,0,2,56.8349237193444,111.92654089931048,10.27607429957101,0.0,0.1497584541062802,0.1985815602836879,0.0,0.0
983,2,1,0,30.233,189,98,203630,269223,-1,427863,Damage,Internal Software,326320,171.01,Pharmaceuticals,1,C,Consigner,24297,3.623032,0.978757,370430,4.20608,0.981597,1,2,15,0,5,0,2,195.03697485801985,65.32592348952949,284.7403276402928,20.979323017918706,0.2619047619047619,0.0638297872340425,0.0,0.5
984,2,0,0,496.405,110,270,62573,326821,1,427833,未知,Call,-78299,168.72,Documents & Bills,-1,B,Consigner,38491,17.44931,0.985695,791138,0.0,0.999294,0,0,4,0,0,0,2,110.78491220508148,18.06552240870387,0.0,146.15020660390536,0.2539682539682539,0.2222222222222222,0.0,0.2857142857142857
985,2,0,0,98.787,222,7,149852,4373,-1,427705,Suspected Lost,Call,706392,143.44,Fresh,0,B,Receiver,807517,0.0,0.982092,724537,0.0,0.993136,5,0,7,1,6,1,1,44.00935888510234,92.30255429171878,45.81659464506743,0.0,0.173469387755102,0.1935483870967742,0.0,0.0
986,2,0,0,58.191,13,179,164358,170201,-1,427864,未知,Call,1380195,190.0,Electronic Product,-1,B,Consigner,151096,13.68856,0.944111,968973,9.940751,0.993237,0,0,6,0,6,0,2,117.72169897217258,49.485349035609424,0.0,0.0,0.2748538011695906,0.17578125,0.0,0.0
987,6,0,0,719.745,125,197,181672,406821,-1,35700,未知,Call,53636,1376.04,Dried Groceries,-1,C,Unknown,31334,24.55968,0.999983,139826,31.73834,0.90444,0,0,5,3,2,0,2,70.23909957621414,63.769979151069016,274.2792605181726,17.04906471641248,0.0793650793650793,0.208955223880597,0.0,0.6666666666666666
988,2,1,0,0.0,93,136,107736,202323,1,427836,Damage,Call,998780,130.21,Maternity & Baby Products,-1,C,Staff,16561,1.256399,0.991746,413159,0.210061,0.979763,1,0,13,2,6,0,2,66.74115822236953,153.9090693587367,,0.0,0.1304347826086956,0.1428571428571428,,0.0
989,2,0,0,127.813,288,178,143335,315575,-1,427722,Suspected Lost,Call,-81306,227.92,Appliances,0,Not Known,Receiver,4196,0.5462,0.977845,166540,63.72232,0.945848,5,0,2,1,0,0,2,237.8554880270754,75.72709977879157,1186.4884828823065,,0.0,0.2073170731707317,0.5,
990,2,0,0,0.0,268,164,183889,256961,-1,427577,未知,Call,173148,257.07,"Apparel, Footwear & Accessories",-1,C,Consigner,41368,0.0,0.995073,562656,37.86936,0.99843,0,0,1,0,4,0,2,96.84596855953218,49.08316346381199,83.80393880479427,56.39723926380368,0.1823899371069182,0.1458333333333333,0.2442307692307692,0.0
991,2,0,0,190.992,1,121,160252,282457,-1,427809,Pickup Error,Call,2312452,945.42,Documents & Bills,-1,B,Consigner,55228,1.727372,0.999783,224485,6.026212,0.996021,3,0,4,0,6,0,2,69.06443164317325,33.63318266760793,5.4657598062051616,3.253903847247277,0.1802721088435374,0.1,0.0,0.0
992,2,0,0,11.065,2,189,15877,280124,-1,427844,未知,Call,-69121,445.31,Miscellaneous Goods,-1,B,Consigner,12326,0.826006,0.997101,1586614,10.91949,0.995915,0,0,14,0,0,0,2,56.04468495785089,58.29261195317029,46.97040480882532,0.0,0.0935960591133004,0.1521739130434782,0.1827956989247312,0.0
993,2,0,0,3.929,25,179,227346,386220,-1,-40494,未知,Internal Software,1319,134.35,Hardware,0,C,Receiver,300650,13.86786,0.984389,1960294,0.0,0.983475,0,2,9,1,2,0,2,88.8237010925776,49.485349035609424,93.95808297694902,,0.1843137254901961,0.17578125,0.2585987261146497,
994,2,0,1,114.855,232,181,227346,453758,-1,146377,Pickup Error,Call,403000000,790.52,Jewelry,0,B,Consigner,1529,21.02661,0.98392,4740000000,121.3036,0.999856,3,0,12,0,6,0,2,47.355810569472624,45.1926466370765,93.95808297694902,304.07148271608224,0.4210526315789473,0.2325581395348837,0.2585987261146497,0.4090909090909091
995,2,1,1,3.484,215,4,207328,241910,-1,427848,Suspected Lost,Internal Software,1033834,710.83,Furniture,0,C,Consigner,149060,42.06203,0.958651,356803,11.15972,0.999106,5,2,8,0,6,0,2,29.346301635096104,81.2740685764068,0.0,21.252359112659036,0.1111111111111111,0.2439024390243902,0.0,0.0
996,2,0,0,18.467,35,0,15441,300000,-1,427864,Suspected Lost,Call,921000000,2893.31,Dried Groceries,0,B,Consigner,3424620,0.538285,0.870442,8261242,9.808831,0.927158,5,0,5,0,6,0,2,152.40424014651626,75.01688402479252,18.778108340157527,163.30068855149273,0.4761904761904761,0.1507692307692307,0.7777777777777778,0.5474358974358975
997,2,0,0,0.0,25,151,201312,212201,-1,104904,Damage,Call,1386508,305.91,Dried Groceries,0,B,Receiver,76825,13.36897,0.999991,171070,64.6029,0.996942,1,0,5,1,6,0,2,88.8237010925776,62.91307713975876,11.970639244772864,0.5078810228556468,0.1843137254901961,0.1176470588235294,0.1538461538461538,0.0
998,2,1,0,0.0,1,156,46058,49845,-1,78388,未知,Call,134791,777.14,Miscellaneous Goods,0,B,Consigner,497076,14.23095,0.80225,557486,2.584709,0.828108,0,0,14,0,3,0,2,69.06443164317325,13.292117589246272,,,0.1802721088435374,0.0,,
999,2,1,0,430.26,2,3,148818,450608,-1,427809,未知,Internal Software,-75015,1578.22,Miscellaneous Goods,0,Not Known,Receiver,127049,15.6572,0.999518,346243,4.315272,0.992508,0,2,14,1,0,0,2,56.04468495785089,63.81099393925928,0.0,,0.0935960591133004,0.1170212765957446,0.0,
1000,2,0,0,64.757,120,131,190005,228962,-1,427864,未知,Internal Software,46317,217.28,Fresh,0,C,Unknown,1129690,8.09604,0.973691,375044,3.038213,0.859914,0,2,7,3,2,1,1,31.68534293484138,28.874682913956747,126.39239485248224,0.0,0.1,0.1176470588235294,0.0,0.0
1001,2,0,0,9.675,146,268,23605,12749,-1,420877,未知,Internal Software,775000000,983.69,Jewelry,0,B,Consigner,27175074,37.79994,0.999069,678705,3.52375,0.987043,0,2,12,0,6,0,2,75.50373567911244,130.15540902762945,32.26880053668856,50.15900759802723,0.3,0.2727272727272727,0.375,0.2307692307692307
1002,2,0,0,0.0,273,137,183889,301894,-1,120372,未知,Call,45469,158.44,Hardware,-1,Not Known,Consigner,759145,73.99841,0.986161,1305326,0.551665,0.983088,0,0,9,0,2,0,2,24.22613220604584,40.54514853954838,83.80393880479427,0.0,0.4285714285714285,0.1012658227848101,0.2442307692307692,0.0
1003,2,0,0,346.309,178,21,212392,354278,-1,427816,Suspected Lost,Internal Software,508700,1532.2,Miscellaneous Goods,-1,Not Known,Consigner,347976,0.137629,0.993809,595701,45.14245,0.982616,5,2,14,0,5,0,2,59.71452989301516,34.92133679953262,0.0,12.158904855796925,0.1660079051383399,0.2727272727272727,0.0,0.0
1004,2,1,0,37.264,187,215,150121,357726,-1,427821,未知,Call,528195,455.59,Alcohol,0,C,Receiver,572316,183.2153,0.997146,691123,4.03333,0.994007,0,0,0,1,5,0,2,50.57901513935886,76.55751163645215,196.1196176846333,60.53719028536026,0.1261261261261261,0.1515151515151515,0.0,0.0
1005,5,0,0,157.031,55,110,32975,14133,-1,427716,Pickup Error,Call,798920,465.47,Miscellaneous Goods,0,B,Receiver,283505,33.72526,0.963184,74022,23.35479,0.928771,3,0,14,1,6,0,2,35.60364621033194,63.258594293395895,1.271821140777246,,0.1212121212121212,0.1219512195121951,0.0,
1006,2,1,0,286.157,147,1,24848,243170,-1,427821,Pickup Error,Internal Software,1290670,495.55,Miscellaneous Goods,-1,C,Receiver,213526,67.43377,0.998277,77787,50.59384,0.99343,3,2,14,1,6,0,2,45.57215363038746,69.89628878079544,14.440055614310578,110.3407850726025,0.2,0.12,0.3333333333333333,0.0588235294117647
1007,2,0,0,152.271,142,2,174808,419168,-1,427864,未知,Call,176608,1710.61,Miscellaneous Goods,-1,B,Consigner,601490,14.75568,0.972438,281313,42.15073,0.956505,0,0,14,0,4,0,2,91.575345523678,93.3192184944359,0.0,6.048317898272888,0.1756756756756756,0.1111111111111111,0.0,0.0
1008,2,0,0,265.421,1,190,19352,266393,-1,-4289,Suspected Lost,Call,52919,463.4,Miscellaneous Goods,0,Not Known,Consigner,1030942,5.68705,0.766807,615815,31.56115,0.974722,5,0,14,0,2,0,2,69.06443164317325,47.29286625931772,0.0,,0.1802721088435374,0.1052631578947368,0.0,
1009,2,1,0,369.886,197,222,106030,346712,-1,427861,未知,Call,1133466,547.58,Electronic Product,0,C,Consigner,322364,18.78073,0.94064,48077,3.344673,0.99443,0,0,6,0,6,0,2,69.0135805405548,77.81584876066215,0.0,2.1439784310032857,0.1162790697674418,0.1598173515981735,0.0,0.0
1010,2,1,0,85.22,164,178,227346,300000,-1,427863,Pickup Error,Call,423000000,2137.25,Household Goods,-1,B,Receiver,33127,2.812301,0.934524,428783,8.377647,0.909876,3,0,11,1,6,0,2,59.72498410518864,75.72709977879157,93.95808297694902,163.30068855149273,0.1617647058823529,0.2073170731707317,0.2585987261146497,0.5474358974358975
1011,2,0,0,24.464,178,257,42471,300000,-1,347738,Suspected Lost,Call,61077372,1566.58,Dried Groceries,-1,C,Consigner,1697,15.46318,0.988032,225000000,7.471969,0.975072,5,0,5,0,6,0,2,59.71452989301516,188.1296835034576,98.59350431373682,163.30068855149273,0.1660079051383399,0.2307692307692307,0.55,0.5474358974358975
1012,2,0,0,700.317,193,0,183889,394025,-1,187629,Damage,Vendor Consultation,-77299,1841.17,Fresh,0,C,Receiver,584653,22.07992,0.929805,48006,41.27221,0.970967,1,6,7,1,0,1,1,99.9740257904606,75.01688402479252,83.80393880479427,7.506490305048142,0.2307692307692307,0.1507692307692307,0.2442307692307692,0.0
1013,2,0,0,313.674,13,1,227346,204354,1,427818,未知,Internal Software,2644428,743.37,Jewelry,0,B,Unknown,661470,0.0,0.919047,4772,12.20769,0.993041,0,2,12,3,6,0,2,117.72169897217258,69.89628878079544,93.95808297694902,0.9857897734044948,0.2748538011695906,0.12,0.2585987261146497,0.0
1014,2,1,0,462.747,3,88,133833,82522,-1,-132239,未知,Internal Software,29886,747.58,Alcohol,-1,C,Consigner,443484,2.121312,0.980113,244871,0.26947,0.961037,0,2,0,0,2,0,2,41.966021036266106,79.74310528281981,0.0,0.0,0.1538461538461538,0.2061855670103092,0.0,0.0
1015,2,0,0,939.845,28,221,203814,114334,1,108750,Damage,Call,652185,647.56,Home Improvement and Building Material,0,B,Consigner,12913,105.6385,0.99566,237609,9.55789,0.955425,1,0,10,0,6,0,2,13.882312037163258,124.92080405843552,0.0,68.44563234923082,0.0,0.3333333333333333,0.0,0.0
1016,2,0,0,3.156,2,0,63763,265067,-1,158637,Suspected Lost,Vendor Consultation,-79576,265.51,Hardware,0,C,Receiver,122340,1.70574,0.99925,173015,25.07437,0.96251,5,6,9,1,0,0,2,56.04468495785089,75.01688402479252,17.575055119226707,,0.0935960591133004,0.1507692307692307,0.0,
1017,5,0,0,33.865,187,90,71144,203283,-1,165343,未知,Mini Program,195302,906.93,"Apparel, Footwear & Accessories",0,C,Receiver,962160,65.61707,0.975305,79296,16.13426,0.995169,0,4,1,1,4,0,2,50.57901513935886,48.608787432873726,,3.182871939481034,0.1261261261261261,0.1724137931034483,,0.0
1018,1,0,0,30.346,95,55,227346,202742,-1,-91588,未知,Call,103724,543.04,Household Goods,0,C,Unknown,28188,18.02256,0.973603,51389,19.97984,0.986283,0,0,11,3,3,0,2,81.89649653587233,119.73828509963953,93.95808297694902,0.145509981768589,0.3333333333333333,0.1538461538461538,0.2585987261146497,2.0
1019,2,1,0,1084.938,100,3,224826,60279,-1,427815,未知,Call,632629,1399.71,Dried Groceries,0,C,Unknown,26392,135.276,0.951677,16396,33.06301,0.994459,0,0,5,3,6,0,2,57.27817095022288,63.81099393925928,52.8716761853076,204.02319902319903,0.1162790697674418,0.1170212765957446,0.0909090909090909,0.0
1020,2,0,0,16.09,187,158,113200,50054,-1,51570,Pickup Error,Call,-80510,650.32,Pharmaceuticals,-1,B,Consigner,454008,17.96656,0.726915,188732,11.28145,0.966848,3,0,15,0,0,0,2,50.57901513935886,63.91833902730377,2.2360926692318377,6.792938221064384,0.1261261261261261,0.1666666666666666,0.0,0.0
1021,2,0,0,113.309,263,253,191011,403064,-1,427802,Pickup Error,,101639,725.05,Pharmaceuticals,0,C,Consigner,923,105.0731,0.99838,438353,3.547541,0.999927,3,5,15,0,3,0,2,10.761092051777322,69.88451229595863,0.0,11.906227223079252,0.0,0.208955223880597,0.0,0.0
1022,2,0,1,491.772,194,266,3353,106154,-1,427860,未知,Mini Program,135987,1542.38,Miscellaneous Goods,0,C,Consigner,38880,28.53084,0.979851,92365,55.96405,0.988113,0,4,14,0,3,0,2,149.3218894878137,7.004084275191492,15.300949883851974,6.939367217144994,0.375,0.0,0.0,0.0
1023,2,0,0,0.866,55,178,183889,230759,-1,-64352,Pickup Error,Call,269767,1873.1,Miscellaneous Goods,-1,C,Receiver,14865,0.0,0.921753,639244,3.637084,0.987544,3,0,14,1,5,0,2,35.60364621033194,75.72709977879157,83.80393880479427,0.0,0.1212121212121212,0.2073170731707317,0.2442307692307692,0.0
1024,2,0,0,1432.236,25,137,227346,300000,-1,427864,未知,Internal Software,813000000,1454.24,Documents & Bills,-1,B,Consigner,30710098,73.408,0.950658,9261096,51.6847,0.988242,0,2,4,0,6,0,2,88.8237010925776,40.54514853954838,93.95808297694902,163.30068855149273,0.1843137254901961,0.1012658227848101,0.2585987261146497,0.5474358974358975
1025,2,0,0,264.08,38,187,183889,14133,-1,427862,Suspected Lost,Call,574949,577.81,Alcohol,-1,C,Receiver,48443,68.32632,0.988814,366266,56.07337,0.98305,5,0,0,1,5,0,2,83.3897689719621,71.38613126413931,83.80393880479427,,0.3442622950819672,0.1777777777777777,0.2442307692307692,
1026,2,1,0,0.0,110,101,227346,234507,-1,-61658,未知,Call,518479,1526.83,Hardware,0,C,Consigner,604251,6.883573,0.880512,1515241,6.719153,0.962624,0,0,9,0,5,0,2,110.78491220508148,58.58878798840541,93.95808297694902,,0.2539682539682539,0.1323529411764706,0.2585987261146497,
1027,2,1,0,513.301,222,179,191268,74723,-1,140561,未知,Call,-55099,770.9,Alcohol,-1,C,Consigner,1302556,8.807289,0.938677,571010,11.28225,0.901968,0,0,0,0,0,0,2,44.00935888510234,49.485349035609424,0.0,4.285927760904452,0.173469387755102,0.17578125,0.0,0.25
1028,2,0,1,50.42,185,106,227346,312714,-1,427845,Damage,Call,-37220,717.95,Miscellaneous Goods,-1,B,Consigner,17729,14.13131,0.975054,498446,0.0,0.963429,1,0,14,0,0,0,2,64.67006111935692,49.82089121674756,93.95808297694902,3.4627864623125846,0.1851851851851851,0.1538461538461538,0.2585987261146497,0.0
1029,2,0,0,360.2,98,190,183889,325603,-1,427841,Damage,Call,2282092,566.63,Beauty & Daily Essentials,-1,B,Consigner,55851,95.9681,0.993969,5037,77.48639,0.984766,1,0,3,0,6,0,2,53.41855203788262,47.29286625931772,83.80393880479427,552.0071118135126,0.1363636363636363,0.1052631578947368,0.2442307692307692,0.0
1030,2,0,0,177.118,4,198,163880,14558,-1,-116869,Pickup Error,Merchant Compensation Claim,3984117,1187.4,Miscellaneous Goods,0,B,Consigner,77463,9.730213,0.973198,38467,8.006662,0.959018,3,3,14,0,6,0,2,60.02737754693536,27.951849133840675,,40.700808625336926,0.1592356687898089,0.09375,,0.0
1031,2,0,0,237.388,110,67,41317,329083,-1,427863,未知,Call,-79140,1344.48,Furniture,-1,B,Consigner,20980,140.4542,0.991137,15155,37.07933,0.999249,0,0,8,0,0,0,2,110.78491220508148,20.96220950079605,19.26050606270412,148.58165920841697,0.2539682539682539,0.0,0.0,0.0
1032,5,0,0,565.066,1,322,144842,150320,-1,427703,未知,Call,57572,430.06,Household Goods,-1,B,Consigner,34997,42.95412,0.959146,417160,8.775069,0.968355,0,0,11,0,2,0,2,69.06443164317325,58.30792878609847,7.47041306451505,5.279071558029171,0.1802721088435374,0.2777777777777778,0.0,0.0
1033,2,0,0,66.464,0,0,43186,350787,-1,427839,Pickup Error,Call,1336414,708.79,Electronic Product,-1,B,Consigner,193765,47.56211,0.987583,1598234,0.266023,0.918513,3,0,6,0,6,0,2,57.22795965470159,75.01688402479252,0.8740190558575758,444.87910078803947,0.1678082191780822,0.1507692307692307,1.0,0.6666666666666666
1034,2,1,0,1.271,76,164,45995,19895,-1,427859,未知,Call,973938,316.41,Beauty & Daily Essentials,-1,B,Unknown,117573,0.0,0.990344,679214,0.0,0.986789,0,0,3,3,6,0,2,69.88780449033361,49.08316346381199,261.385,42.828975302987146,0.28125,0.1458333333333333,0.0,0.0
1035,2,0,0,434.955,1,113,184209,100245,-1,-24163,Damage,Call,71041,346.29,Hardware,0,B,Consigner,969390,33.44125,0.981069,170075,9.784176,0.998392,1,0,9,0,2,0,2,69.06443164317325,75.03614438246761,207.5233372303657,,0.1802721088435374,0.2,0.4375,
1036,2,1,0,469.222,76,93,69690,218181,-1,427864,Pickup Error,Mini Program,40306,147.72,Furniture,-1,B,Consigner,1154037,27.3636,0.931256,435341,0.0,0.983988,3,4,8,0,2,0,2,69.88780449033361,41.18230514125912,2.0812841157763984,0.8153196015673309,0.28125,0.0357142857142857,0.0,0.0
1037,2,0,0,205.61,24,9,191336,300000,1,68044,未知,Call,791000000,2394.31,Beauty & Daily Essentials,-1,Not Known,Receiver,60539,1.678232,0.983802,947755,39.43647,0.974722,0,0,3,1,6,0,2,135.3681908873524,48.86197232263893,180.7374456919535,163.30068855149273,0.4615384615384615,0.5555555555555556,0.3846153846153846,0.5474358974358975
1038,2,0,0,41.153,42,0,190708,263780,-1,30521,Pickup Error,Internal Software,174943,1479.59,Jewelry,-1,B,Consigner,31410,0.356134,0.982886,432333,37.01377,0.937743,3,2,12,0,4,0,2,106.19017586084024,75.01688402479252,0.0,406.50963585434175,0.145631067961165,0.1507692307692307,0.0,0.0
1039,2,0,0,663.745,41,112,183889,300000,-1,132927,Pickup Error,Call,683000000,3890.64,Electronic Product,0,B,Unknown,27766,13.75104,0.935987,97778589,91.16892,0.997782,3,0,6,3,6,0,2,15.195521366333276,102.38596657017575,83.80393880479427,163.30068855149273,0.125,0.4,0.2442307692307692,0.5474358974358975
1040,2,1,1,18.685,88,40,15441,318805,-1,427856,未知,Vendor Consultation,17729,772.49,Pharmaceuticals,0,Not Known,Receiver,488809,4.794166,0.996288,1273568,0.592691,0.961633,0,6,15,1,2,0,2,116.52863038936586,43.97922503279143,18.778108340157527,0.0,0.0925925925925925,0.1333333333333333,0.7777777777777778,0.0
1041,1,1,0,0.0,222,102,187549,217285,-1,427858,未知,Mini Program,564539,512.89,Jewelry,-1,C,Consigner,14918,8.047962,0.968825,1040209,15.33657,0.96987,0,4,12,0,5,0,2,44.00935888510234,127.44248338763862,46.27081432965183,4.739570730602305,0.173469387755102,0.1789473684210526,0.0,0.0
1042,2,0,0,31.629,218,93,193886,130970,-1,427858,Damage,,86505,385.93,Documents & Bills,-1,C,Unknown,443357,56.6821,0.998828,124784,26.30849,0.991478,1,5,4,3,3,0,2,45.42517437856351,41.18230514125912,183.07850421942743,14.903063297614183,0.3333333333333333,0.0357142857142857,0.2535211267605634,0.0
1043,2,0,0,1127.503,15,164,192621,143787,-1,427824,Pickup Error,Call,1124812,1042.05,Miscellaneous Goods,-1,C,Consigner,45420,17.51933,0.95029,703241,17.17658,0.986454,3,0,14,0,6,0,2,80.35899212714475,49.08316346381199,4.191708391303503,1.309281216084868,0.0909090909090909,0.1458333333333333,0.0,0.0
1044,2,0,0,544.317,178,136,224840,241239,-1,427864,未知,Complaint,363553,1514.27,Miscellaneous Goods,-1,C,Consigner,12437,204.2896,0.994026,107376,50.73902,0.956592,0,1,14,0,5,0,2,59.71452989301516,153.9090693587367,65.31524207556211,0.0,0.1660079051383399,0.1428571428571428,0.4782608695652174,0.0
1045,2,1,1,0.063,5,197,220201,194527,-1,-3191,Suspected Lost,Call,-57277,508.03,Home Improvement and Building Material,0,C,Consigner,23230,10.66361,0.985816,509322,23.29763,0.993617,5,0,10,0,0,0,2,64.35039757274271,63.769979151069016,,0.0,0.0975609756097561,0.208955223880597,,0.0
1046,1,0,0,158.181,110,253,227346,300000,-1,427864,未知,Call,158000000,2029.81,Maternity & Baby Products,0,C,Unknown,8048921,7.922236,0.91712,75638942,59.09396,0.971129,0,0,13,3,6,0,2,110.78491220508148,69.88451229595863,93.95808297694902,163.30068855149273,0.2539682539682539,0.208955223880597,0.2585987261146497,0.5474358974358975
1047,2,0,0,8.278,107,199,22352,207929,-1,427863,未知,Vendor Consultation,915623,292.52,"Apparel, Footwear & Accessories",0,B,Consigner,422,1.935825,0.946132,234424,0.0,0.999556,0,6,1,0,6,0,2,69.59539401792847,65.33437063477945,1.4765583405273568,29.671143543073462,0.135593220338983,0.3513513513513513,0.0,0.5
1048,2,0,0,120.377,232,4,224840,300000,-1,425677,Pickup Error,Call,866000000,2621.53,Jewelry,0,B,Consigner,8103597,7.096481,0.973454,57492011,15.6061,0.996008,3,0,12,0,6,0,2,47.355810569472624,81.2740685764068,65.31524207556211,163.30068855149273,0.4210526315789473,0.2439024390243902,0.4782608695652174,0.5474358974358975
1049,2,0,0,4.633,168,50,51285,456141,-1,427862,未知,Internal Software,197042,331.14,Dried Groceries,0,C,Consigner,285305,10.42176,0.960738,743293,57.48981,0.935398,0,2,5,0,4,0,2,114.70883773869524,39.67417888170578,0.0,77.2615347836481,0.064516129032258,0.1666666666666666,0.0,0.0
1050,2,0,0,201.426,132,190,169669,163822,-1,-46033,未知,Vendor Consultation,-57606,1101.08,Hardware,-1,B,Unknown,527787,0.0,0.946109,1046503,0.0,0.994941,0,6,9,3,0,0,2,52.70819341651338,47.29286625931772,,17.261461366560575,0.2071428571428571,0.1052631578947368,,0.0
1051,5,1,0,38.231,53,33,67427,325932,-1,427864,未知,Internal Software,1880690,292.55,Beauty & Daily Essentials,1,B,Consigner,1162,52.09842,0.957053,254339,20.59181,0.965821,0,2,3,0,6,0,2,91.52139322123428,36.78825873504067,0.0,53.98777229710213,0.0,0.3225806451612903,0.0,0.0
1052,5,1,0,44.817,218,178,29576,246099,-1,45085,Suspected Lost,Internal Software,-48428,192.01,Dried Groceries,-1,C,Consigner,435338,12.1769,0.986015,145025,12.24627,0.99943,5,2,5,0,0,0,2,45.42517437856351,75.72709977879157,0.0,0.0,0.3333333333333333,0.2073170731707317,0.0,0.0
1053,2,0,0,429.482,146,1,64750,203883,-1,4155,Damage,Call,1812939,1263.16,Hardware,0,Staff,Consigner,198428,214.6408,0.998216,5498,223.9652,0.977803,1,0,9,0,6,0,2,75.50373567911244,69.89628878079544,0.5658852643975393,13.249766997392728,0.3,0.12,0.0,0.0
1054,2,0,0,389.696,147,187,173420,137850,-1,427841,Suspected Lost,Call,312543,279.59,"Apparel, Footwear & Accessories",0,B,Consigner,247737,9.592981,0.979045,382028,63.63666,0.985851,5,0,1,0,5,0,2,45.57215363038746,71.38613126413931,25.58010555505859,5.405852183618973,0.2,0.1777777777777777,0.0,1.0
1055,2,0,0,533.814,193,3,227189,99957,-1,427824,Suspected Lost,Internal Software,454985,1039.54,Dried Groceries,-1,B,Consigner,104298,18.99327,0.992081,473664,1.8311,0.868196,5,2,5,0,5,0,2,99.9740257904606,63.81099393925928,7.0479194427108816,165.1403409422196,0.2307692307692307,0.1170212765957446,0.0,0.0
1056,2,1,0,3.467,268,243,76397,138968,-1,427741,未知,Internal Software,292382,690.62,Electronic Product,-1,B,Consigner,66875,5.006708,0.999082,1153509,3.78902,0.90434,0,2,6,0,5,0,2,96.84596855953218,61.478185686911466,42.199225082026594,0.0,0.1823899371069182,0.0625,0.3333333333333333,0.0
1057,2,0,0,75.747,97,88,220614,343222,-1,53520,Pickup Error,Call,1930807,100.03,Maternity & Baby Products,0,C,Consigner,1219998,20.06222,0.988836,385320,2.671964,0.957252,3,0,13,0,6,0,2,67.53870319850822,79.74310528281981,4.635542953380295,2.430932348155397,0.3333333333333333,0.2061855670103092,0.0,0.0
1058,3,0,0,81.219,2,55,61991,39670,-1,7934,Damage,Call,336327,572.45,Furniture,0,B,Receiver,69033,13.7175,0.987775,138974,9.075113,0.850735,1,0,8,1,5,0,2,56.04468495785089,119.73828509963953,52.43738404452692,0.0,0.0935960591133004,0.1538461538461538,0.0,0.0
1059,2,0,0,1.052,169,169,193886,420149,-1,427839,Pickup Error,Vendor Consultation,364703,321.55,Furniture,0,C,Consigner,1094266,3.278522,0.984005,1001336,0.0,0.972313,3,6,8,0,5,0,2,79.91551653024653,4.134345806536753,183.07850421942743,34.161440950927336,0.4285714285714285,0.2222222222222222,0.2535211267605634,0.0
1060,2,1,0,37.421,157,106,221961,183685,-1,427864,未知,Call,-78750,652.79,Jewelry,0,Not Known,Consigner,355167,5.912105,0.982709,384917,0.0,0.783159,0,0,12,0,0,0,2,52.75232409840045,49.82089121674756,1.0075193432447418,13.704681526365146,0.2391304347826087,0.1538461538461538,0.0,0.0
1061,2,0,1,0.0,64,107,191336,294847,-1,427862,未知,Internal Software,-2084,189.91,Miscellaneous Goods,0,B,Staff,58983,0.859117,0.96157,876309,0.0,0.979842,0,2,14,2,0,0,2,29.26462912623248,103.77469026595364,180.7374456919535,0.9548748959767934,0.2142857142857142,0.1846153846153846,0.3846153846153846,0.0
1062,2,0,0,15.79,201,137,170123,130316,1,7996,Pickup Error,Call,972596,141.69,Maternity & Baby Products,-1,C,Consigner,755913,16.19431,0.877987,92370,14.7147,0.981975,3,0,13,0,6,0,2,116.26723222288638,40.54514853954838,75.64841498559079,11.017884261996484,0.4814814814814814,0.1012658227848101,1.0,0.0
1063,2,0,0,20.648,30,309,141180,427314,-1,427766,Damage,Call,2549182,592.98,Dried Groceries,1,B,Consigner,235066,49.04625,0.913689,889444,9.280811,0.908364,1,0,5,0,6,0,2,175.3065209946958,8.616176162363148,21.154245711560527,2.139822481234015,0.0,0.0,0.0,0.0
1064,2,0,0,161.607,136,0,97472,250457,-1,427787,未知,Call,-28553,1457.23,Beauty & Daily Essentials,-1,B,Unknown,483280,3.724287,0.958039,126445,71.06733,0.930056,0,0,3,3,0,0,2,83.60535432076018,75.01688402479252,21.429792975979005,154.42,0.1632653061224489,0.1507692307692307,0.0,0.0
1065,5,0,0,50.993,125,232,183889,423206,-1,427860,未知,Internal Software,-24994,809.14,Furniture,0,C,Receiver,1634,11.07655,0.998905,44673,27.30051,0.997114,0,2,8,1,0,0,2,70.23909957621414,104.02098248075887,83.80393880479427,89.17923123470466,0.0793650793650793,0.2,0.2442307692307692,0.0
1066,1,0,0,46.14,101,2,205749,162507,-1,427841,未知,Call,134393,173.57,Miscellaneous Goods,-1,B,Consigner,801376,3.472236,0.974334,478104,7.073741,0.993148,0,0,14,0,3,0,2,94.6704948186992,93.3192184944359,0.0,0.7174374834044015,0.2333333333333333,0.1111111111111111,0.0,0.0
1067,2,0,0,19.752,13,71,191817,300000,-1,427864,未知,Call,118000000,2443.82,Alcohol,-1,B,Receiver,3195,9.676164,0.937708,46221533,73.64429,0.999178,0,0,0,1,6,0,2,117.72169897217258,60.78127493377559,31.08972808888528,163.30068855149273,0.2748538011695906,0.5714285714285714,0.45,0.5474358974358975
1068,2,0,1,23.579,4,211,34739,303195,-1,427862,Suspected Lost,Mini Program,1752122,687.9,Beauty & Daily Essentials,0,B,Receiver,743616,0.0,0.959202,1249522,0.0,0.990098,5,4,3,1,6,0,2,60.02737754693536,74.44213332427378,4.44379361321264,8.151703797543522,0.1592356687898089,0.2777777777777778,0.0,0.0
1069,2,1,0,275.647,168,62,181760,105645,-1,427860,Suspected Lost,Internal Software,464652,642.94,Household Goods,0,B,Consigner,412872,49.91219,0.954303,224996,7.948052,0.899621,5,2,11,0,5,0,2,114.70883773869524,26.44942264549353,0.0,0.0,0.064516129032258,0.1111111111111111,0.0,0.0
1070,2,1,0,4.065,247,24,193375,427931,-1,427857,未知,Call,596432,1197.53,Miscellaneous Goods,0,B,Consigner,151844,8.611604,0.958016,1037094,4.084011,0.884083,0,0,14,0,5,0,2,32.91556462230818,42.55871986045592,221.39184031958067,,0.0526315789473684,0.3181818181818182,0.4545454545454545,
1071,2,0,0,337.546,43,44,217689,440818,-1,427784,未知,Call,153132,407.31,Maternity & Baby Products,0,B,Consigner,89343,2.0442,0.876268,435082,4.630686,0.997027,0,0,13,0,3,0,2,71.58077320943575,16.419312209067037,0.4251685480752469,7.4303808980386945,0.075,0.0,0.0,0.0
1072,2,0,0,0.0,106,110,161906,443414,-1,-121915,未知,Call,180160,538.33,Furniture,0,C,Consigner,268666,9.846991,0.999831,550854,8.426894,0.99399,0,0,8,0,4,0,2,36.14329446399336,63.258594293395895,140.98470779763628,145.96996753330433,0.2692307692307692,0.1219512195121951,0.217391304347826,1.0
1073,2,0,0,0.0,25,13,227346,324625,-1,158441,未知,Call,5033471,295.47,Fresh,0,Not Known,Unknown,380311,0.162866,0.996697,455654,6.163166,0.931152,0,0,7,3,6,1,1,88.8237010925776,58.69138621086622,93.95808297694902,10.798177849164528,0.1843137254901961,0.0909090909090909,0.2585987261146497,0.0
1074,2,0,0,55.096,179,103,152710,158653,-1,427550,未知,Mini Program,543890,144.37,"Apparel, Footwear & Accessories",0,Not Known,Consigner,23217,7.361222,0.905448,139340,5.206894,0.99089,0,4,1,0,5,0,2,56.8349237193444,65.94505261935754,67.8378867951636,,0.1497584541062802,0.1111111111111111,0.5,
1075,2,0,0,0.0,268,88,227346,246650,-1,427864,Suspected Lost,Internal Software,-45223,169.03,Miscellaneous Goods,-1,B,Consigner,1502698,2.990064,0.932944,936480,2.042143,0.979274,5,2,14,0,0,0,2,96.84596855953218,79.74310528281981,93.95808297694902,121.90701006294256,0.1823899371069182,0.2061855670103092,0.2585987261146497,0.0
1076,2,0,0,123.63,25,238,180486,269042,-1,427792,未知,Internal Software,13537,825.6,Miscellaneous Goods,-1,C,Consigner,1621,43.61758,0.999315,31170,68.80414,0.965581,0,2,14,0,2,0,2,88.8237010925776,84.51278515195959,73.66491501390753,0.0,0.1843137254901961,0.2,0.0,0.0
1077,2,0,0,0.0,99,126,227346,454298,-1,61962,Suspected Lost,Call,-31996,842.17,Furniture,0,B,Consigner,52413,111.4877,0.732453,95181,73.74438,0.977499,5,0,8,0,0,0,2,65.94900544613762,5.468307916372967,93.95808297694902,6.503837652295481,0.211864406779661,0.1666666666666666,0.2585987261146497,0.6666666666666666
1078,2,0,0,12.557,188,109,99838,145186,-1,427858,未知,Internal Software,-80378,665.71,Maternity & Baby Products,-1,B,Receiver,416619,3.557675,0.993585,68375,28.76511,0.960012,0,2,13,1,0,0,2,47.62317230513968,30.366206626535966,52.766787190954346,2.15495224542918,0.2051282051282051,0.0952380952380952,0.1666666666666666,0.5
1079,2,0,0,1511.318,151,55,27766,177049,-1,-37694,未知,Internal Software,331747,120.9,Furniture,-1,B,Consigner,189520,47.23331,0.985534,271280,3.822219,0.971541,0,2,8,0,5,0,2,55.000321274151965,119.73828509963953,126.2829682622968,0.0,0.0828402366863905,0.1538461538461538,0.1875,0.0
1080,2,1,0,16.008,101,219,202503,334004,-1,-24889,Suspected Lost,Call,-56015,147.17,Hardware,0,C,Consigner,2795049,14.32176,0.859669,395495,0.0,0.988467,5,0,9,0,0,0,2,94.6704948186992,77.51992483992979,1.5519034741002704,65.99531150667515,0.2333333333333333,0.2,0.0,0.0
1081,2,0,0,204.495,11,42,57317,78378,-1,427856,未知,Call,486509,1068.68,Appliances,0,B,Consigner,438458,63.25584,0.987388,521110,4.047973,0.98219,0,0,2,0,5,0,2,46.140341664130425,47.89018349830656,3.99419863003609,691.19,0.1724137931034483,0.0571428571428571,0.0,0.0
1082,2,0,0,266.169,3,214,138793,409706,-1,58358,Damage,Call,-70716,100.31,Dried Groceries,0,Not Known,Consigner,78856,22.82986,0.999139,331647,11.94579,0.988945,1,0,5,0,0,0,2,41.966021036266106,3.584323334857046,26.281948526137683,0.0,0.1538461538461538,0.2857142857142857,1.0,0.0
1083,2,1,0,334.431,315,187,223753,435778,-1,427832,Pickup Error,Complaint,442550,1098.79,Dried Groceries,-1,B,Consigner,57119,84.8326,0.972309,61958,95.19865,0.998406,3,1,5,0,5,0,2,19.31381362227332,71.38613126413931,10.44857907571553,0.0,0.5,0.1777777777777777,0.25,0.0
1084,2,0,0,14.141,179,101,216517,15058,-1,427864,Damage,Internal Software,522222,1146.82,Miscellaneous Goods,0,Not Known,Receiver,17100,4.596193,0.994228,1380141,1.344025,0.95985,1,2,14,1,5,0,2,56.8349237193444,58.58878798840541,28.47968765853218,17.316143895091265,0.1497584541062802,0.1323529411764706,0.0,0.0
1085,5,0,0,1.296,223,88,19875,428908,-1,427861,未知,Call,-81782,1133.28,Fresh,-1,C,Receiver,469191,8.09981,0.99968,1791064,0.0,0.9908,0,0,7,1,0,1,1,0.6670873724968165,79.74310528281981,0.0,3.88238354909878,0.0,0.2061855670103092,0.0,0.0
1086,2,0,0,45.614,178,100,224848,35361,-1,427795,未知,Call,959105,437.72,Dried Groceries,0,B,Unknown,56112,124.7636,0.998941,23207,83.42621,0.995649,0,0,5,3,6,0,2,59.71452989301516,111.92654089931048,11.81154720788021,0.0,0.1660079051383399,0.1985815602836879,0.0714285714285714,0.0
1087,2,0,0,0.0,151,0,69151,246394,-1,427674,未知,Mini Program,90140,331.11,Furniture,0,C,Consigner,218952,11.39829,0.998394,1351838,0.166785,0.995784,0,4,8,0,3,0,2,55.000321274151965,75.01688402479252,2.437210975528202,0.0,0.0828402366863905,0.1507692307692307,0.0,0.0
1088,2,0,0,2.956,98,44,213225,218000,-1,427690,未知,Call,466511,125.67,Beauty & Daily Essentials,-1,B,Consigner,78148,85.85865,0.953132,439959,2.452203,0.946978,0,0,3,0,5,0,2,53.41855203788262,16.419312209067037,0.0,12.36821314461282,0.1363636363636363,0.0,0.0,0.6666666666666666
1089,2,1,0,0.783,193,157,223446,404381,-1,-107052,未知,Internal Software,-81115,633.38,Hardware,-1,C,Receiver,3799,0.0,0.999609,1743199,0.0,0.968693,0,2,9,1,0,0,2,99.9740257904606,166.21433105480688,2.672464687526048,0.6009301589633758,0.2307692307692307,0.6428571428571429,0.0,0.0
1090,2,0,0,191.179,25,102,118972,243809,-1,427859,未知,Call,402968,670.42,Furniture,0,B,Unknown,216802,29.23676,0.996243,382317,19.75875,0.998507,0,0,8,3,5,0,2,88.8237010925776,127.44248338763862,6.125442330375917,1.160366298044932,0.1843137254901961,0.1789473684210526,0.0,0.0
1091,2,0,0,89.048,129,125,75411,58046,-1,-3390,未知,Vendor Consultation,-43669,112.77,Alcohol,-1,B,Unknown,305560,14.66934,0.977024,629481,49.55671,0.961114,0,6,0,3,0,0,2,111.99462456548208,73.66751450015366,,24.014281346266912,0.53125,0.1523809523809524,,0.0
1092,1,0,0,0.0,89,5,181711,207548,-1,-153738,Pickup Error,Call,-44795,731.42,Hardware,0,C,Consigner,4031,0.0,0.96178,362050,6.040813,0.800139,3,0,9,0,0,0,2,56.62852339692903,79.69800837324867,72.79076587900117,4.039526147866586,0.1,0.0526315789473684,0.0,0.0
1093,2,1,0,28.643,218,106,51951,68299,1,27551,未知,Call,215766,133.97,Miscellaneous Goods,0,C,Receiver,2112002,0.0,0.923249,485205,0.0,0.986442,0,0,14,1,4,0,2,45.42517437856351,49.82089121674756,0.0,3.122218237094695,0.3333333333333333,0.1538461538461538,0.0,0.0
1094,2,0,0,138.654,151,1,225809,313068,1,427807,Damage,Internal Software,-78989,433.25,Miscellaneous Goods,-1,B,Unknown,594974,8.122932,0.997229,655963,2.105236,0.970449,1,2,14,3,0,0,2,55.000321274151965,69.89628878079544,121.96191973593312,0.0,0.0828402366863905,0.12,0.2,0.0
1095,2,0,0,415.61,63,179,61839,361834,-1,427557,未知,Internal Software,197903,992.24,Miscellaneous Goods,0,B,Receiver,190068,19.47284,0.984124,6161,72.55663,0.981032,0,2,14,1,4,0,2,87.51932180035882,49.485349035609424,0.3123108045181775,4.41060077067803,0.2022471910112359,0.17578125,0.0,0.0
1096,2,0,0,270.712,42,93,91256,412086,-1,427652,Pickup Error,Call,-77218,442.47,Miscellaneous Goods,-1,C,Unknown,1734266,1.011828,0.896942,123803,0.0,0.9346,3,0,14,3,0,0,2,106.19017586084024,41.18230514125912,7.6729545831602834,70.40306054780304,0.145631067961165,0.0357142857142857,0.25,0.0
1097,1,0,0,272.244,191,265,216741,106551,-1,427863,未知,Call,-38229,731.86,Jewelry,0,B,Consigner,246806,2.638254,0.972737,925852,6.282058,0.929821,0,0,12,0,0,0,2,165.79061632765183,47.01000912481557,9.778587440659146,20.93771344217507,0.4166666666666667,0.0,0.6666666666666666,0.0
1098,2,0,0,207.235,116,268,42881,411558,-1,-124301,Pickup Error,Call,736646,1322.12,Miscellaneous Goods,0,Not Known,Consigner,492017,3.018852,0.995484,171929,37.11492,0.944733,3,0,14,0,6,0,2,6.019370733152779,130.15540902762945,,0.0,0.1111111111111111,0.2727272727272727,,0.0
1099,2,1,0,18.707,186,275,47660,119050,-1,-30074,Suspected Lost,Mini Program,1063792,844.23,Home Improvement and Building Material,0,C,Consigner,7321,53.71358,0.998115,903680,12.43962,0.996397,5,4,10,0,6,0,2,26.671001699995884,137.5267398927502,0.0,0.0,0.0,0.1428571428571428,0.0,0.0
1100,2,1,0,727.976,55,146,188829,145423,-1,162531,Damage,Mini Program,968582,947.91,Dried Groceries,1,C,Unknown,551464,40.59485,0.919302,98381,64.75145,0.967422,1,4,5,3,6,0,2,35.60364621033194,100.44850004559429,0.0,,0.1212121212121212,0.1071428571428571,0.0,
1101,2,0,0,1012.672,143,98,125959,83649,-1,51277,Damage,Call,654266,1530.13,Household Goods,-1,B,Unknown,5173,210.8096,0.941935,87519,54.60539,0.927805,1,0,11,3,6,0,2,38.45695991907031,65.32592348952949,,0.0,0.1136363636363636,0.0638297872340425,,0.0
1102,2,0,0,1.753,187,0,203599,59472,1,427813,未知,Internal Software,412460,469.62,"Apparel, Footwear & Accessories",-1,C,Unknown,9077,5.711096,0.996294,149930,3.953992,0.996457,0,2,1,3,5,0,2,50.57901513935886,75.01688402479252,85.57714367651276,1.6169094892252067,0.1261261261261261,0.1507692307692307,0.0,0.0
1103,2,1,0,380.915,101,179,113563,48062,-1,427812,Pickup Error,Call,3908442,644.95,Pharmaceuticals,-1,B,Consigner,135,123.7754,0.995823,260251,43.62908,0.922883,3,0,15,0,6,0,2,94.6704948186992,49.485349035609424,8.736314488792997,2.4590254042493656,0.2333333333333333,0.17578125,0.0,1.0
1104,2,0,0,158.361,100,13,116485,30361,-1,-51039,未知,Internal Software,2273,100.03,Hardware,0,B,Receiver,9696,74.67031,0.999681,592,167.6807,0.991815,0,2,9,1,2,0,2,57.27817095022288,58.69138621086622,241.5816111653881,13.338847620959646,0.1162790697674418,0.0909090909090909,0.25,0.0
1105,2,1,0,23.392,2,74,203107,206864,-1,191164,Damage,Vendor Consultation,957780,686.4,Household Goods,0,B,Consigner,133021,47.40814,0.788069,43803,30.22474,0.964465,1,6,11,0,6,0,2,56.04468495785089,4.030065568527107,36.40854348808373,,0.0935960591133004,1.0,0.0,
1106,1,0,0,0.0,1,125,220335,307,-1,427862,未知,Call,37628,764.31,Home Improvement and Building Material,0,B,Receiver,294643,0.0,0.991502,134593,2.18746,0.934474,0,0,10,1,2,0,2,69.06443164317325,73.66751450015366,0.0,0.0,0.1802721088435374,0.1523809523809524,0.0,0.0
1107,2,1,0,2.505,221,6,187981,354278,-1,427793,Suspected Lost,Internal Software,-58132,103.26,Miscellaneous Goods,0,C,Consigner,289274,59.42239,0.999534,1297967,2.707121,0.991731,5,2,14,0,0,0,2,43.16496241200946,77.94187064631588,0.0,12.158904855796925,0.25,0.1875,0.0,0.0
1108,2,0,0,166.941,88,178,110996,296558,-1,427826,未知,Call,586715,161.12,Home Improvement and Building Material,0,B,Consigner,238255,7.291422,0.942842,1423082,29.26317,0.996563,0,0,10,0,5,0,2,116.52863038936586,75.72709977879157,47.357171881349046,45.018880866803634,0.0925925925925925,0.2073170731707317,1.0,0.3333333333333333
1109,5,1,0,474.077,98,179,184182,418914,-1,427863,Pickup Error,Call,87701,104.32,Household Goods,1,Not Known,Consigner,19147,12.07616,0.998307,416722,0.805454,0.937841,3,0,11,0,3,0,2,53.41855203788262,49.485349035609424,0.0,0.0,0.1363636363636363,0.17578125,0.0,0.0
1110,3,0,0,308.016,101,151,133833,14133,-1,12238,未知,Call,1153340,948.28,Hardware,-1,B,Receiver,9759,134.4185,0.996798,182282,2.572228,0.970759,0,0,9,1,6,0,2,94.6704948186992,62.91307713975876,0.0,,0.2333333333333333,0.1176470588235294,0.0,
1111,2,0,0,745.454,187,114,161146,45608,-1,427778,Pickup Error,Internal Software,-18745,435.35,Furniture,0,B,Consigner,403968,2.34181,0.929546,86368,27.77884,0.962363,3,2,8,0,0,0,2,50.57901513935886,32.542608500339675,4.213578782073321,3.683218347235204,0.1261261261261261,0.0909090909090909,0.5,0.0
1112,2,0,0,407.838,13,1,198058,416736,-1,-8014,Suspected Lost,Internal Software,-33056,1315.44,Household Goods,0,Not Known,Consigner,304753,23.68107,0.71119,280864,9.519103,0.997434,5,2,11,0,0,0,2,117.72169897217258,69.89628878079544,43.33347943050635,,0.2748538011695906,0.12,0.3684210526315789,
1113,2,1,0,265.871,42,199,199335,206786,-1,427796,未知,Internal Software,518313,685.61,Jewelry,0,B,Unknown,364244,73.26165,0.989741,51786,53.79789,0.930835,0,2,12,3,5,0,2,106.19017586084024,65.33437063477945,113.63123993558776,,0.145631067961165,0.3513513513513513,0.0,
1114,2,0,0,1181.567,268,142,183889,192975,-1,-87479,未知,Call,1033441,600.69,Hardware,0,Not Known,Unknown,613652,4.068475,0.758055,156654,44.46887,0.995665,0,0,9,3,6,0,2,96.84596855953218,32.47128749327333,83.80393880479427,97.1959102471162,0.1823899371069182,0.0833333333333333,0.2442307692307692,0.25
1115,2,0,0,0.0,100,189,106231,381025,-1,427863,未知,Call,549552,184.2,Miscellaneous Goods,-1,B,Consigner,366528,46.43274,0.975187,482591,0.477868,0.960514,0,0,14,0,5,0,2,57.27817095022288,58.29261195317029,,120.84,0.1162790697674418,0.1521739130434782,,0.0
1116,2,0,0,509.26,109,102,182022,300000,-1,427861,Damage,Internal Software,449000000,1187.05,Pharmaceuticals,0,B,Consigner,1315646,4.21056,0.969181,394140,160.6771,0.993899,1,2,15,0,6,0,2,45.374295092323,127.44248338763862,172.11868320297572,163.30068855149273,0.25,0.1789473684210526,0.55,0.5474358974358975
1117,2,0,0,312.596,151,20,178273,340781,-1,427862,未知,Call,329431,125.12,Pharmaceuticals,-1,B,Unknown,50486,3.246475,0.98379,222052,4.922293,0.996736,0,0,15,3,5,0,2,55.000321274151965,37.02322078222722,3.4672920276054686,1.3125954607623984,0.0828402366863905,0.1428571428571428,0.5,0.0
1118,2,0,0,2.182,1,143,182022,300000,-1,424617,Damage,Call,582000000,1057.88,Miscellaneous Goods,-1,B,Unknown,10319150,49.24559,0.998355,928000000,0.614703,0.985777,1,0,14,3,6,0,2,69.06443164317325,101.9632107476282,172.11868320297572,163.30068855149273,0.1802721088435374,0.2075471698113207,0.55,0.5474358974358975
1119,2,1,0,372.387,7,207,141670,343436,-1,427861,Damage,Call,-6684,1293.77,Fresh,0,B,Consigner,836359,12.7713,0.95198,218249,11.29649,0.999216,1,0,7,0,0,1,1,41.37467782828752,10.009179220882077,0.0,0.0,0.0597014925373134,0.0,0.0,0.0
1120,2,0,0,20.22,1,102,178621,300000,-1,427864,Damage,Call,471000000,2925.99,Beauty & Daily Essentials,0,B,Consigner,14831,0.0,0.993864,521000000,23.33944,0.913867,1,0,3,0,6,0,2,69.06443164317325,127.44248338763862,280.63216304947264,163.30068855149273,0.1802721088435374,0.1789473684210526,0.391304347826087,0.5474358974358975
1121,2,1,0,738.565,231,147,68369,250717,-1,-74126,Damage,Internal Software,24689,330.09,Alcohol,-1,B,Consigner,2374,21.25002,0.889057,20389,58.39913,0.942156,1,2,0,0,2,0,2,186.153782404103,101.37354799694003,,3.252107276373005,0.0,0.1666666666666666,,1.0
1122,2,0,0,0.624,224,168,227346,212899,-1,427747,未知,Call,677617,100.74,Beauty & Daily Essentials,0,B,Receiver,55912,28.32292,0.981324,776993,13.97364,0.957983,0,0,3,1,6,0,2,1.1863996230597198,122.833580311983,93.95808297694902,80.54197037289836,0.0,0.2608695652173913,0.2585987261146497,0.3103448275862069
1123,2,0,0,331.654,146,151,227346,300000,-1,426867,Pickup Error,Vendor Consultation,848000000,1805.03,Miscellaneous Goods,-1,C,Consigner,24879993,166.9651,0.992545,6217035,21.05051,0.999567,3,6,14,0,6,0,2,75.50373567911244,62.91307713975876,93.95808297694902,163.30068855149273,0.3,0.1176470588235294,0.2585987261146497,0.5474358974358975
1124,2,1,0,58.36,48,222,126812,381045,-1,427864,Suspected Lost,Internal Software,-68349,2380.23,Dried Groceries,-1,C,Consigner,286496,6.416204,0.997962,390585,29.25567,0.97899,5,2,5,0,0,0,2,57.93111130768895,77.81584876066215,5.646049855886077,0.0,0.25,0.1598173515981735,0.0,0.0
1125,3,1,0,130.427,1,38,192515,285066,-1,427714,Suspected Lost,Vendor Consultation,317975,146.35,Miscellaneous Goods,0,B,Consigner,1609977,1.142012,0.901689,754725,0.0,0.953594,5,6,14,0,5,0,2,69.06443164317325,37.71779182770192,11.786123384031258,94.95419998905078,0.1802721088435374,0.125,0.0,0.0
1126,2,0,0,195.931,219,23,147127,320959,-1,427846,Damage,Call,-55721,128.32,Miscellaneous Goods,-1,B,Consigner,45376,93.39588,0.990993,65994,94.94735,0.946191,1,0,14,0,0,0,2,98.8784854205968,61.86596339980573,3.272144082456789,14.844460483579937,0.4210526315789473,0.2222222222222222,0.5,0.0
1127,2,0,0,515.026,13,42,204607,341060,-1,91101,Pickup Error,Vendor Consultation,827793,1328.84,Hardware,0,B,Receiver,55497,3.127179,0.900522,212658,11.27699,0.972296,3,6,9,1,6,0,2,117.72169897217258,47.89018349830656,3.74905000759994,0.0,0.2748538011695906,0.0571428571428571,0.0,0.0
1128,2,1,1,0.0,8,0,197503,100245,-1,427847,Damage,Vendor Consultation,14400,118.11,Miscellaneous Goods,-1,C,Consigner,712237,3.020482,0.999665,625099,0.56389,0.981213,1,6,14,0,2,0,2,53.4968995680882,75.01688402479252,0.0,,0.12,0.1507692307692307,0.0,
1129,2,1,0,1332.294,157,162,163818,161304,-1,427715,未知,Call,762124,851.84,Fresh,0,B,Receiver,8243,81.93005,0.970687,49987,114.7487,0.987723,0,0,7,1,6,1,1,52.75232409840045,20.52604032301665,0.7543401151054833,0.0,0.2391304347826087,0.1428571428571428,0.0,0.0
1130,2,0,0,3.32,253,1,54849,281524,-1,427859,未知,Call,2339859,337.1,"Apparel, Footwear & Accessories",0,Not Known,Unknown,165535,262.4962,0.987371,67394,140.4641,0.948726,0,0,1,3,6,0,2,63.03159537877947,69.89628878079544,10.62616803111406,249.8904752465473,0.1228070175438596,0.12,0.3333333333333333,0.0
1131,2,0,0,530.641,2,113,183889,1495,-1,253708,未知,Complaint,540051,535.55,Miscellaneous Goods,-1,B,Consigner,1116703,78.59907,0.999005,717687,1.248471,0.99276,0,1,14,0,5,0,2,56.04468495785089,75.03614438246761,83.80393880479427,0.0,0.0935960591133004,0.2,0.2442307692307692,0.0
1132,2,0,0,391.088,27,173,25310,402212,-1,34887,未知,Call,1021074,1406.06,Hardware,1,B,Consigner,990053,9.710765,0.792614,132063,57.9885,0.992623,0,0,9,0,6,0,2,94.032370683866,33.92099111754214,84.29245748064399,112.7653165952468,0.0983606557377049,0.0,0.0,0.0
1133,2,0,0,1.835,187,1,227346,356936,-1,-49857,Pickup Error,Vendor Consultation,87054,109.55,Miscellaneous Goods,-1,B,Receiver,71291,20.5032,0.998087,779682,0.0,0.999866,3,6,14,1,3,0,2,50.57901513935886,69.89628878079544,93.95808297694902,0.0,0.1261261261261261,0.12,0.2585987261146497,0.0
1134,2,1,0,7.538,13,211,181103,352359,-1,427816,未知,Call,1402641,103.47,Miscellaneous Goods,0,B,Consigner,21731,4.810923,0.991297,1716151,0.0,0.967012,0,0,14,0,6,0,2,117.72169897217258,74.44213332427378,33.04351601812015,115.9880379226179,0.2748538011695906,0.2777777777777778,0.0,0.4444444444444444
1135,2,0,0,0.837,200,244,147211,345248,-1,427834,Damage,Call,24568,321.45,Fresh,0,B,Unknown,291,47.09725,0.999885,412156,0.0,0.974337,1,0,7,3,2,1,1,49.37484041958838,48.83952358528552,14.283562291118086,19.950315514615216,0.2333333333333333,0.1923076923076923,0.25,0.0
1136,2,0,0,0.0,63,197,201312,271401,-1,427860,Suspected Lost,Internal Software,262982,185.5,Miscellaneous Goods,-1,B,Consigner,1056193,6.252075,0.975469,1431496,0.0,0.953488,5,2,14,0,5,0,2,87.51932180035882,63.769979151069016,11.970639244772864,3.0491488802493114,0.2022471910112359,0.208955223880597,0.1538461538461538,0.0
1137,2,0,0,699.91,3,39,147363,196521,-1,427812,Suspected Lost,Call,-21277,1041.44,Alcohol,-1,B,Consigner,52500,27.10597,0.990106,54105,7.384348,0.97074,5,0,0,0,0,0,2,41.966021036266106,44.92391936878398,166.04430721866316,4.538399142791336,0.1538461538461538,0.0,0.3571428571428571,0.0
1138,2,0,0,222.457,194,291,42471,300000,-1,363792,Pickup Error,Call,131000000,1167.85,Miscellaneous Goods,0,C,Consigner,32745,39.99925,0.941227,6825912,41.08878,0.988604,3,0,14,0,6,0,2,149.3218894878137,67.74750724681486,98.59350431373682,163.30068855149273,0.375,0.4782608695652174,0.55,0.5474358974358975
1139,2,0,0,115.538,218,145,15877,102098,-1,424047,未知,Call,635000000,2712.66,Miscellaneous Goods,0,C,Consigner,1564,3.377753,0.999831,5758814,22.99826,0.998923,0,0,14,0,6,0,2,45.42517437856351,51.36364548905606,46.97040480882532,82.94170936782488,0.3333333333333333,0.1290322580645161,0.1827956989247312,0.4
1140,2,1,0,14.795,3,20,126953,164157,-1,97081,Damage,Internal Software,79463,982.18,Hardware,-1,C,Receiver,34441,35.61817,0.997878,116018,72.62533,0.921558,1,2,9,1,2,0,2,41.966021036266106,37.02322078222722,90.8750832355054,0.0,0.1538461538461538,0.1428571428571428,0.6666666666666666,0.0
1141,2,1,1,0.0,35,181,227346,300000,-1,427864,Pickup Error,Call,821000000,913.51,Household Goods,-1,C,Consigner,1306115,29.13604,0.99614,369000000,7.926906,0.99863,3,0,11,0,6,0,2,152.40424014651626,45.1926466370765,93.95808297694902,163.30068855149273,0.4761904761904761,0.2325581395348837,0.2585987261146497,0.5474358974358975
1142,2,0,0,182.398,278,0,227346,397378,-1,427824,Suspected Lost,Call,-73176,245.32,Documents & Bills,-1,Not Known,Receiver,660075,0.0,0.970972,402271,0.0,0.96982,5,0,4,1,0,0,2,86.14768587401899,75.01688402479252,93.95808297694902,3.352523304206269,0.2307692307692307,0.1507692307692307,0.2585987261146497,0.0
1143,2,0,0,93.652,100,136,64307,322725,-1,328207,未知,Call,35632245,2312.66,Miscellaneous Goods,-1,Not Known,Consigner,40489,36.20913,0.944788,4610000000,19.44004,0.979069,0,0,14,0,6,0,2,57.27817095022288,153.9090693587367,19.086678377087647,33.01665652678206,0.1162790697674418,0.1428571428571428,0.1538461538461538,0.6363636363636364
1144,2,0,0,25.435,76,88,13070,69775,-1,427863,未知,Internal Software,462898,297.63,Dried Groceries,-1,C,Receiver,336694,6.055696,0.995324,35767,59.84287,0.994976,0,2,5,1,5,0,2,69.88780449033361,79.74310528281981,33.15735296063131,26.65674321787152,0.28125,0.2061855670103092,0.0,0.0
1145,2,0,0,27.921,314,180,122113,384693,-1,154117,未知,Call,192201,795.6,Electronic Product,-1,B,Consigner,1633,15.63263,0.999997,160031,39.07521,0.972727,0,0,6,0,4,0,2,114.58829809756544,113.61191858430128,7.199206428169957,8.309053996047163,0.0,0.0,0.0,0.0
1146,2,0,0,114.615,197,105,69106,370311,-1,427863,Damage,,9056,883.51,Miscellaneous Goods,-1,C,Receiver,350096,88.79362,0.986424,58027,62.35881,0.966955,1,5,14,1,2,0,2,69.0135805405548,22.47910396159198,0.0,0.0,0.1162790697674418,0.0909090909090909,0.0,0.0
1147,2,1,0,8.298,298,164,42738,396182,-1,427863,未知,Call,-42414,137.65,Appliances,-1,B,Unknown,1032833,10.73552,0.996917,92224,38.8983,0.995344,0,0,2,3,0,0,2,23.19966110141677,49.08316346381199,21.48077735530207,0.0,0.1538461538461538,0.1458333333333333,0.0,0.0
1148,2,0,0,1313.22,297,51,52197,351805,0,-7701,未知,Call,1796931,612.52,Household Goods,-1,B,Receiver,960769,0.0,0.99023,24492,34.78683,0.990835,0,0,11,1,6,0,2,28.535314885327075,156.03692117956203,25.338559933979784,73.67542098793885,0.0,0.0,0.0,0.0
1149,2,0,0,953.53,13,0,227346,77638,-1,-75418,Pickup Error,Call,1182115,663.32,Miscellaneous Goods,-1,Not Known,Consigner,3256,0.830809,0.99897,569519,18.80531,0.904332,3,0,14,0,6,0,2,117.72169897217258,75.01688402479252,93.95808297694902,0.0,0.2748538011695906,0.1507692307692307,0.2585987261146497,0.0
1150,3,0,0,172.712,321,1,44415,373033,-1,427857,Damage,Call,674066,2173.05,Appliances,-1,C,Consigner,173937,1.989948,0.964038,1098657,3.297919,0.989443,1,0,2,0,6,0,2,30.172814529434604,69.89628878079544,0.0,3.309093339165512,0.2941176470588235,0.12,0.0,0.0
1151,2,0,0,1.884,13,1,114441,212435,-1,-75572,Pickup Error,Call,-57530,349.79,Hardware,0,B,Consigner,131518,42.93401,0.969493,88105,61.2092,0.992085,3,0,9,0,0,0,2,117.72169897217258,69.89628878079544,0.0,0.0,0.2748538011695906,0.12,0.0,0.0
1152,1,1,1,6.442,268,102,183889,342713,-1,-95837,未知,Internal Software,1239410,104.8,Furniture,-1,Not Known,Consigner,528846,40.39741,0.986714,332765,0.0,0.948493,0,2,8,0,6,0,2,96.84596855953218,127.44248338763862,83.80393880479427,7.36010814397549,0.1823899371069182,0.1789473684210526,0.2442307692307692,0.0
1153,5,1,0,82.555,179,1,21772,11572,-1,427861,Damage,Complaint,587984,1868.39,Miscellaneous Goods,0,B,Consigner,45699,33.35124,0.988601,474923,23.97821,0.933464,1,1,14,0,5,0,2,56.8349237193444,69.89628878079544,0.0,0.0,0.1497584541062802,0.12,0.0,0.0
1154,2,0,0,374.886,1,100,63116,265536,-1,427860,Damage,Mini Program,-10107,1125.08,Appliances,-1,B,Consigner,37999,31.66623,0.99906,33365,50.46131,0.972711,1,4,2,0,0,0,2,69.06443164317325,111.92654089931048,70.64452470822128,3.4526986017429544,0.1802721088435374,0.1985815602836879,0.0,0.0
1155,2,0,0,439.821,100,272,210232,69583,-1,-102169,未知,Internal Software,2468531,363.98,Hardware,1,C,Consigner,285762,0.791212,0.995846,490655,0.798695,0.992624,0,2,9,0,6,0,2,57.27817095022288,13.424800452724666,139.9140213055044,0.0,0.1162790697674418,0.0625,0.1481481481481481,0.0
1156,2,0,0,126.975,117,199,107297,242096,-1,427863,未知,Call,-20618,496.15,Miscellaneous Goods,0,Not Known,Consigner,812095,0.0,0.983383,426013,0.762589,0.97105,0,0,14,0,0,0,2,57.51283596595224,65.33437063477945,11.819375909687954,0.4909728487145321,0.1052631578947368,0.3513513513513513,2.0,0.0
1157,2,0,0,3.487,42,4,15877,295559,-1,427780,未知,Call,459399,148.81,Jewelry,0,B,Receiver,10277,35.94727,0.979906,546828,6.774844,0.846138,0,0,12,1,5,0,2,106.19017586084024,81.2740685764068,46.97040480882532,,0.145631067961165,0.2439024390243902,0.1827956989247312,
1158,2,0,0,8.888,318,50,74967,152542,-1,427591,未知,Call,1518,1537.54,Dried Groceries,0,B,Consigner,1016782,1.799355,0.996518,709247,8.328376,0.901379,0,0,5,0,2,0,2,101.98257796760824,39.67417888170578,0.0,11.523285592336148,0.0869565217391304,0.1666666666666666,0.0,0.0
1159,2,0,0,176.689,151,221,209602,300000,-1,423109,Damage,Vendor Consultation,445000000,2258.86,Household Goods,-1,C,Unknown,29108938,4.199144,0.870442,98312297,34.41189,0.989551,1,6,11,3,6,0,2,55.000321274151965,124.92080405843552,92.7919306651536,163.30068855149273,0.0828402366863905,0.3333333333333333,0.5909090909090909,0.5474358974358975
1160,2,1,0,445.054,3,13,134812,90825,-1,427854,未知,Call,1080711,124.76,Fresh,0,B,Consigner,17064,30.60134,0.993272,2271138,0.0,0.945576,0,0,7,0,6,1,1,41.966021036266106,58.69138621086622,0.0,0.0,0.1538461538461538,0.0909090909090909,0.0,0.0
1161,2,0,0,118.532,107,99,116830,4092,-1,427849,未知,Call,378368,249.27,Miscellaneous Goods,-1,C,Consigner,244089,2.447816,0.990952,441875,27.06435,0.949155,0,0,14,0,5,0,2,69.59539401792847,39.75074374258253,47.17189825346653,103.90829565212064,0.135593220338983,0.1505376344086021,0.0,0.375
1162,2,0,0,19.379,39,163,227346,208199,-1,427799,未知,Internal Software,-39167,1864.26,Miscellaneous Goods,-1,C,Consigner,960618,42.55606,0.98663,174730,5.202793,0.997375,0,2,14,0,0,0,2,118.98890217190385,22.30901495641586,93.95808297694902,38.488427652918574,0.1538461538461538,0.0833333333333333,0.2585987261146497,0.0
1163,2,0,0,13.622,197,3,183889,377228,-1,427837,Suspected Lost,Vendor Consultation,639332,101.87,"Apparel, Footwear & Accessories",0,B,Consigner,457161,3.241086,0.976771,917315,10.83636,0.975695,5,6,1,0,6,0,2,69.0135805405548,63.81099393925928,83.80393880479427,112.97610681658466,0.1162790697674418,0.1170212765957446,0.2442307692307692,1.0
1164,2,0,0,32.035,99,6,156708,71560,0,45746,未知,Internal Software,-30194,837.52,Hardware,0,C,Receiver,37681,0.0,0.978501,560430,2.560163,0.998643,0,2,9,1,0,0,2,65.94900544613762,77.94187064631588,0.0,,0.211864406779661,0.1875,0.0,
1165,2,0,0,6.426,42,93,170832,393032,-1,427864,未知,Call,-20554,598.32,Miscellaneous Goods,-1,B,Consigner,627461,1.598317,0.973505,681389,0.545886,0.962643,0,0,14,0,0,0,2,106.19017586084024,41.18230514125912,8.663926150365382,843.7662337662338,0.145631067961165,0.0357142857142857,0.0,0.0
1166,3,1,0,32.888,100,179,190165,139397,-1,142946,未知,Internal Software,-71304,113.24,Dried Groceries,-1,C,Consigner,12124,27.4639,0.993314,1592215,0.235227,0.979837,0,2,5,0,0,0,2,57.27817095022288,49.485349035609424,82.37738910636585,,0.1162790697674418,0.17578125,0.0666666666666666,
1167,2,0,0,100.556,89,132,227346,83645,-1,427838,Damage,Call,107197,664.2,Maternity & Baby Products,0,B,Consigner,832409,33.14774,0.981011,390382,3.877233,0.99976,1,0,13,0,3,0,2,56.62852339692903,56.88193748364041,93.95808297694902,0.0,0.1,0.1636363636363636,0.2585987261146497,0.0
1168,2,0,0,4.379,76,246,191817,300000,-1,275627,未知,Call,51428093,1509.42,Beauty & Daily Essentials,-1,C,Consigner,1521,3.395741,0.991396,89443126,30.09622,0.935921,0,0,3,0,6,0,2,69.88780449033361,81.33591719373736,31.08972808888528,163.30068855149273,0.28125,0.4318181818181818,0.45,0.5474358974358975
1169,2,1,0,0.0,107,164,164226,115393,-1,33732,未知,Internal Software,-19225,689.54,Alcohol,0,C,Consigner,1739548,0.0,0.886683,1221720,10.78932,0.972063,0,2,0,0,0,0,2,69.59539401792847,49.08316346381199,37.47256574856723,,0.135593220338983,0.1458333333333333,0.0,
1170,2,1,0,10.026,90,127,114947,23266,-1,427746,Pickup Error,Call,-59341,420.75,Household Goods,-1,C,Receiver,22824,4.243046,0.983134,674692,13.83907,0.985811,3,0,11,1,0,0,2,70.21834052919762,63.45537171576693,0.0,4.026468943328298,0.1290322580645161,0.2325581395348837,0.0,0.6666666666666666
1171,2,0,0,339.724,268,190,147417,339623,-1,427817,未知,Call,540328,464.91,Documents & Bills,-1,Not Known,Unknown,140915,21.94394,0.987909,283206,5.690526,0.992995,0,0,4,3,5,0,2,96.84596855953218,47.29286625931772,10.341006150389106,181.2,0.1823899371069182,0.1052631578947368,0.0,1.0
1172,2,0,0,25.23,0,17,104970,124916,-1,83932,未知,Internal Software,336448,100.71,Beauty & Daily Essentials,-1,C,Receiver,573042,0.0,0.984484,632991,7.113279,0.988077,0,2,3,1,5,0,2,57.22795965470159,4.238454065518324,0.0,0.0,0.1678082191780822,0.0,0.0,0.0
1173,2,0,0,268.176,144,132,227346,419144,1,49883,未知,Call,1358741,391.95,Maternity & Baby Products,-1,B,Unknown,168714,14.71324,0.931294,192568,36.98722,0.960698,0,0,13,3,6,0,2,117.82362942315469,56.88193748364041,93.95808297694902,592.6,0.1333333333333333,0.1636363636363636,0.2585987261146497,0.0
1174,1,0,0,37.655,218,186,220883,228086,-1,427830,未知,Call,588599,200.32,Household Goods,0,C,Consigner,181324,1.387832,0.979664,778711,16.57852,0.997469,0,0,11,0,5,0,2,45.42517437856351,126.0016059546157,135.84925416861563,0.904334591115198,0.3333333333333333,0.125,0.1,0.0
1175,2,0,0,24.124,132,1,187888,300000,1,427864,Damage,Call,752000000,3328.25,Furniture,0,B,Unknown,2535104,25.46738,0.921991,7050000000,24.52663,0.979721,1,0,8,3,6,0,2,52.70819341651338,69.89628878079544,56.57647470954619,163.30068855149273,0.2071428571428571,0.12,0.1428571428571428,0.5474358974358975
1176,2,0,0,9.964,92,14,143044,325932,-1,427842,Suspected Lost,Mini Program,-44066,128.45,Appliances,-1,C,Consigner,239262,0.0,0.992932,128991,17.75933,0.913046,5,4,2,0,0,0,2,81.28282427291707,62.29691250575112,45.16510751774207,53.98777229710213,0.3529411764705882,0.125,0.1111111111111111,0.0
1177,2,0,0,220.213,1,211,220839,394751,-1,-89739,Damage,Internal Software,1578348,1451.17,Miscellaneous Goods,-1,B,Consigner,185732,145.6282,0.999339,9879,64.25705,0.979929,1,2,14,0,6,0,2,69.06443164317325,74.44213332427378,7.117751227275784,1.1303609028111263,0.1802721088435374,0.2777777777777778,0.0,0.0
1178,2,0,0,318.961,142,162,11974,168461,-1,427857,Damage,Call,4348769,1110.09,Alcohol,0,B,Consigner,31122,24.76638,0.983783,72085,5.634296,0.986796,1,0,0,0,6,0,2,91.575345523678,20.52604032301665,17.41986327383213,139.97778692787793,0.1756756756756756,0.1428571428571428,0.0,0.5
1179,5,0,0,115.235,168,0,97672,177945,-1,427774,未知,Internal Software,379512,1476.23,Furniture,-1,C,Unknown,398571,26.71303,0.997812,264157,19.61379,0.9897,0,2,8,3,5,0,2,114.70883773869524,75.01688402479252,0.0,1487.82,0.064516129032258,0.1507692307692307,0.0,0.0
1180,2,0,0,0.0,187,34,192128,131628,-1,427847,未知,Vendor Consultation,-39056,223.06,Miscellaneous Goods,0,C,Unknown,217852,7.763657,0.962653,965265,5.940987,0.985247,0,6,14,3,0,0,2,50.57901513935886,62.51602380669991,,0.0,0.1261261261261261,0.3157894736842105,,0.0
1181,3,0,0,322.87,10,227,51951,352968,1,427750,Damage,Call,33445,551.45,Miscellaneous Goods,-1,B,Unknown,53542,67.24196,0.989678,14074,91.64007,0.996467,1,0,14,3,2,0,2,75.08706991822723,20.902623722887064,0.0,123.97467342596896,0.0952380952380952,0.1764705882352941,0.0,0.0
1182,2,0,0,223.976,8,25,198288,161067,-1,110409,未知,Internal Software,458212,420.61,Dried Groceries,-1,B,Receiver,143860,72.93604,0.923329,47861,17.90082,0.966293,0,2,5,1,5,0,2,53.4968995680882,58.087333342513965,1.4823795515706308,,0.12,0.14,0.0,
1183,2,0,0,22.085,2,206,79787,449576,-1,34743,Suspected Lost,Call,3709826,1619.79,Hardware,-1,C,Receiver,23421,6.361209,0.951956,138835,53.06629,0.975138,5,0,9,1,6,0,2,56.04468495785089,37.75053008790583,0.0,0.0,0.0935960591133004,0.0,0.0,0.0
1184,2,0,0,193.445,132,98,212779,76246,-1,-71157,未知,Internal Software,-71340,694.0,Home Improvement and Building Material,1,B,Unknown,820741,2.784768,0.999339,1183531,27.15311,0.835029,0,2,10,3,0,0,2,52.70819341651338,65.32592348952949,33.320362345409855,0.0,0.2071428571428571,0.0638297872340425,0.1,0.0
1185,2,0,0,1050.629,1,307,126804,316683,-1,427856,Suspected Lost,Call,247231,931.54,Appliances,-1,C,Consigner,37733,68.3168,0.972562,73048,56.35636,0.994139,5,0,2,0,4,0,2,69.06443164317325,107.26414159528828,14.475207130303792,4.695163609295496,0.1802721088435374,0.4666666666666667,0.0,0.0
1186,2,0,0,901.87,102,264,13855,74637,-1,427861,未知,Internal Software,-17609,461.5,Home Improvement and Building Material,-1,B,Consigner,61799,51.59539,0.997253,668907,4.724537,0.997032,0,2,10,0,0,0,2,84.99396693620673,247.92772249804216,252.49836284503536,0.0,0.1518987341772152,0.0,0.3181818181818182,0.0
1187,2,1,0,248.425,291,197,217837,273768,-1,-151739,Pickup Error,Vendor Consultation,111733,318.83,Hardware,0,C,Consigner,471957,9.272061,0.995986,400061,0.0,0.948427,3,6,9,0,3,0,2,256.15858058802274,63.769979151069016,19.34282065712325,15.1580215699443,0.6,0.208955223880597,0.0,0.0
1188,2,0,0,840.241,199,186,183889,6594,-1,427726,Damage,Call,-82004,544.19,Maternity & Baby Products,0,C,Unknown,22435,122.0403,0.998003,72286,58.07605,0.976154,1,0,13,3,0,0,2,85.77074119936532,126.0016059546157,83.80393880479427,36.14156659046983,0.1063829787234042,0.125,0.2442307692307692,0.0
1189,2,0,0,181.069,42,7,212313,162147,-1,427846,Damage,Internal Software,152062,672.79,Maternity & Baby Products,-1,C,Consigner,204,83.65766,0.986809,377084,69.41523,0.94314,1,2,13,0,3,0,2,106.19017586084024,92.30255429171878,8.657302359085179,73.3874525342121,0.145631067961165,0.1935483870967742,0.0,0.0
1190,2,1,0,58.264,4,108,201787,300000,-1,427747,未知,Call,118000000,1564.83,Furniture,-1,B,Consigner,9905884,0.662612,0.992598,981000000,0.650695,0.961384,0,0,8,0,6,0,2,60.02737754693536,84.18931730634625,151.60579744998205,163.30068855149273,0.1592356687898089,0.16,0.4444444444444444,0.5474358974358975
1191,2,0,0,0.923,131,187,181635,228759,-1,-73454,Suspected Lost,Internal Software,-69214,100.43,Appliances,0,Not Known,Receiver,74137,4.252695,0.999195,1091866,0.920332,0.954287,5,2,2,1,0,0,2,25.28414948621409,71.38613126413931,0.0,2.2427699813026423,0.3529411764705882,0.1777777777777777,0.0,0.0
1192,2,0,0,1.117,42,211,134799,240333,-1,427858,Suspected Lost,Call,629848,113.06,Miscellaneous Goods,-1,C,Consigner,623086,0.0,0.968568,369122,0.0,0.975739,5,0,14,0,6,0,2,106.19017586084024,74.44213332427378,4.049191152195444,53.1767711354081,0.145631067961165,0.2777777777777778,0.0,0.0
1193,2,0,0,348.21,127,178,209602,300000,-1,387493,Pickup Error,Internal Software,715000000,1618.53,Miscellaneous Goods,0,B,Consigner,81970949,20.69361,0.913725,810000000,104.9537,0.992223,3,2,14,0,6,0,2,59.84735359218162,75.72709977879157,92.7919306651536,163.30068855149273,0.1397849462365591,0.2073170731707317,0.5909090909090909,0.5474358974358975
1194,2,0,0,469.84,165,0,142536,81909,-1,427852,未知,Call,390528,2468.49,Jewelry,-1,C,Unknown,1843,49.46905,0.99611,649703,19.37709,0.984319,0,0,12,3,5,0,2,17.28062430122183,75.01688402479252,8.602775141538764,0.0,0.0,0.1507692307692307,0.0,0.0
1195,2,1,0,24.648,97,55,207571,227732,-1,-23878,未知,Call,737246,548.23,Miscellaneous Goods,-1,C,Consigner,510714,83.99065,0.777166,571348,4.967978,0.994862,0,0,14,0,6,0,2,67.53870319850822,119.73828509963953,10.974709491692453,12.504432179294197,0.3333333333333333,0.1538461538461538,0.0,0.0
1196,5,0,0,491.649,146,68,104858,93542,-1,427864,Pickup Error,Mini Program,12161,1799.11,Miscellaneous Goods,-1,B,Receiver,29062,45.07267,0.999646,109256,51.29868,0.977115,3,4,14,1,2,0,2,75.50373567911244,106.21105813841784,53.11114118020303,65.31267258653345,0.3,0.0,0.0,0.0
1197,2,0,0,133.333,188,89,78873,450960,-1,427864,未知,Call,-56782,188.8,Miscellaneous Goods,0,B,Consigner,294998,69.16135,0.955835,408609,15.63737,0.963191,0,0,14,0,0,0,2,47.62317230513968,66.91243902018225,0.0,0.0,0.2051282051282051,0.1875,0.0,0.0
1198,2,0,0,6.933,103,97,186509,93037,-1,234995,未知,Call,-23523,763.91,Hardware,-1,C,Receiver,481392,16.84649,0.980695,220941,5.258281,0.92593,0,0,9,1,0,0,2,63.60914429442057,13.791098319222607,0.9893776956253852,0.0,0.0769230769230769,0.0,0.0,0.0
1199,5,1,0,1.129,188,236,213724,95997,-1,427750,未知,Vendor Consultation,240590,102.78,Electronic Product,-1,C,Unknown,85987,0.911231,0.988569,907365,0.0,0.887893,0,6,6,3,4,0,2,47.62317230513968,72.08983224663325,3.844331726792426,17.355049982764562,0.2051282051282051,0.2608695652173913,0.0,2.0
1200,2,1,0,40.927,146,234,227346,300000,-1,427864,Damage,Call,13835634,2825.84,Jewelry,0,C,Consigner,59689088,16.95423,0.987918,30878733,25.97983,0.970126,1,0,12,0,6,0,2,75.50373567911244,23.788597837309357,93.95808297694902,163.30068855149273,0.3,0.1052631578947368,0.2585987261146497,0.5474358974358975
1201,2,0,0,27.126,100,137,177391,404916,-1,118352,Damage,Call,484416,329.71,Hardware,0,C,Consigner,92648,138.5216,0.999829,643298,12.57041,0.967807,1,0,9,0,5,0,2,57.27817095022288,40.54514853954838,0.0,15.140981238789715,0.1162790697674418,0.1012658227848101,0.0,0.0
1202,2,0,0,115.282,10,3,216664,24772,-1,31849,Suspected Lost,Internal Software,-81390,672.21,Dried Groceries,0,C,Consigner,735759,10.7281,0.913163,479880,5.016431,0.933079,5,2,5,0,0,0,2,75.08706991822723,63.81099393925928,0.0,3.620942108179686,0.0952380952380952,0.1170212765957446,0.0,0.0
1203,3,1,1,4.316,187,187,77067,429020,-1,-59717,未知,Internal Software,-51814,415.01,Dried Groceries,1,C,Receiver,910148,0.0,0.999594,1332256,0.0,0.996787,0,2,5,1,0,0,2,50.57901513935886,71.38613126413931,7.776199004580669,0.0,0.1261261261261261,0.1777777777777777,0.0,0.0
1204,2,0,0,121.292,60,110,58535,454134,-1,-834,未知,Call,80211,730.46,Furniture,0,Not Known,Consigner,103716,29.54941,0.917336,496468,9.615101,0.99652,0,0,8,0,2,0,2,66.28701118831259,63.258594293395895,,4.55150127433663,0.0666666666666666,0.1219512195121951,,0.0
1205,2,0,0,117.281,248,144,227346,300000,-1,172827,未知,Call,563000000,4341.45,Miscellaneous Goods,0,C,Staff,1130902,12.36616,0.992768,4175834,0.0,0.907889,0,0,14,2,6,0,2,52.4860542706416,181.3163918567093,93.95808297694902,163.30068855149273,0.3333333333333333,0.2727272727272727,0.2585987261146497,0.5474358974358975
1206,2,0,0,0.0,2,93,214156,276439,-1,427806,未知,Call,782042,278.03,Household Goods,0,B,Consigner,2624,32.84682,0.97054,534830,44.86137,0.985907,0,0,11,0,6,0,2,56.04468495785089,41.18230514125912,3.996399589610633,181.62512753641624,0.0935960591133004,0.0357142857142857,0.0,0.0
1207,2,0,0,399.199,303,329,187135,307,-1,427864,未知,Call,1693153,440.12,Miscellaneous Goods,-1,Not Known,Consigner,144816,74.72209,0.986001,210566,3.230721,0.969521,0,0,14,0,6,0,2,3.992108050079065,50.90380172087939,0.0,0.0,0.0,0.5,0.0,0.0
1208,2,1,0,199.478,13,133,122233,137165,-1,-94184,未知,Call,-27109,1475.85,Hardware,-1,B,Consigner,454285,45.0825,0.996742,298314,6.437755,0.953617,0,0,9,0,0,0,2,117.72169897217258,67.74347839244929,0.0,,0.2748538011695906,0.1929824561403508,0.0,
1209,2,0,0,1400.216,25,3,188740,259197,-1,427846,未知,Internal Software,565928,389.29,Miscellaneous Goods,-1,C,Consigner,207195,115.0659,0.991661,382160,10.89502,0.975595,0,2,14,0,5,0,2,88.8237010925776,63.81099393925928,0.0,20.05327284962963,0.1843137254901961,0.1170212765957446,0.0,0.5
1210,2,0,0,167.575,197,272,215014,21631,-1,427863,Pickup Error,Call,1147482,1989.34,Pharmaceuticals,1,B,Consigner,29851,91.85311,0.995977,142144,25.89827,0.951484,3,0,15,0,6,0,2,69.0135805405548,13.424800452724666,381.05443155452434,0.0,0.1162790697674418,0.0625,0.0,0.0
1211,2,0,0,7.866,42,164,41311,253691,-1,148694,Pickup Error,Vendor Consultation,188758,1108.52,Alcohol,-1,B,Receiver,66434,1.466283,0.909811,237745,41.24958,0.920189,3,6,0,1,4,0,2,106.19017586084024,49.08316346381199,8.03278016799836,7.040462475611368,0.145631067961165,0.1458333333333333,0.0,0.3333333333333333
1212,2,0,0,128.174,100,178,227346,61821,-1,427863,未知,Call,632750,164.43,Dried Groceries,-1,B,Consigner,639713,5.645794,0.998263,1617735,0.0,0.947205,0,0,5,0,6,0,2,57.27817095022288,75.72709977879157,93.95808297694902,37.50837831073215,0.1162790697674418,0.2073170731707317,0.2585987261146497,0.75
1213,2,0,0,643.97,145,13,189807,119674,-1,-24501,未知,Call,84091,450.26,Hardware,-1,B,Consigner,369806,1.923859,0.71672,162687,5.672685,0.970099,0,0,9,0,2,0,2,69.30729146363558,58.69138621086622,0.0,1.1332119840747614,0.1590909090909091,0.0909090909090909,0.0,0.0
1214,2,1,0,11.59,42,42,211749,108421,1,427857,Pickup Error,Vendor Consultation,1486102,124.34,Alcohol,-1,B,Consigner,138904,13.83284,0.999733,148688,5.95265,0.921622,3,6,0,0,6,0,2,106.19017586084024,47.89018349830656,4.061706220573701,0.0,0.145631067961165,0.0571428571428571,0.0,0.0
1215,2,0,0,183.402,132,221,98687,43727,-1,427826,Suspected Lost,Call,445806,146.39,Alcohol,0,C,Consigner,222170,4.317219,0.997047,389385,4.417586,0.984393,5,0,0,0,5,0,2,52.70819341651338,124.92080405843552,4.206248391304647,,0.2071428571428571,0.3333333333333333,0.6666666666666666,
1216,2,1,0,145.778,89,178,210524,142661,-1,88821,Suspected Lost,Call,462236,2042.9,Hardware,-1,C,Receiver,138232,22.3821,0.966069,1018905,19.63366,0.981405,5,0,9,1,5,0,2,56.62852339692903,75.72709977879157,0.0,12.859482563481178,0.1,0.2073170731707317,0.0,0.0
1217,2,0,0,336.509,190,178,183770,447743,-1,427864,未知,Call,2275907,472.62,Pharmaceuticals,0,B,Consigner,39630,80.93296,0.998807,244926,11.78401,0.96452,0,0,15,0,6,0,2,73.48402451815683,75.72709977879157,31.96586256443485,170.51061937684312,0.1560693641618497,0.2073170731707317,0.6,1.0
1218,2,0,0,110.331,7,13,23605,373366,-1,427810,未知,Internal Software,52729,289.07,Furniture,1,B,Consigner,273396,25.16445,0.978506,111574,41.05739,0.932082,0,2,8,0,2,0,2,41.37467782828752,58.69138621086622,32.26880053668856,108.26780883678992,0.0597014925373134,0.0909090909090909,0.375,0.0
1219,2,1,0,162.264,187,140,202248,203883,-1,427863,Suspected Lost,Mini Program,-57532,1090.78,Jewelry,0,C,Receiver,759,13.91081,0.99887,696151,4.273167,0.984363,5,4,12,1,0,0,2,50.57901513935886,32.04443699722811,7.831567858605958,13.249766997392728,0.1261261261261261,0.1515151515151515,0.0,0.0
1220,2,0,0,13.494,151,151,51495,12636,-1,427830,未知,Vendor Consultation,406569,595.0,Miscellaneous Goods,-1,B,Consigner,913059,77.5967,0.966017,1076247,9.105487,0.990516,0,6,14,0,5,0,2,55.000321274151965,62.91307713975876,10.700341514545078,50.64615254801177,0.0828402366863905,0.1176470588235294,0.0,0.0
1221,2,1,0,176.255,146,263,54480,300000,-1,427864,未知,Call,248000000,3969.62,Alcohol,-1,Not Known,Receiver,61651,0.0,0.967793,842078,124.6338,0.920968,0,0,0,1,6,0,2,75.50373567911244,50.74917507594517,86.15897645078165,163.30068855149273,0.3,0.0,0.3478260869565217,0.5474358974358975
1222,2,0,0,115.965,151,168,224819,144700,-1,427850,未知,Call,-11735,1201.32,Miscellaneous Goods,-1,B,Receiver,13323,3.177413,0.997687,192941,29.4865,0.983393,0,0,14,1,0,0,2,55.000321274151965,122.833580311983,0.0,,0.0828402366863905,0.2608695652173913,0.0,
1223,2,0,0,128.525,42,1,31675,137577,-1,36222,Pickup Error,Call,378832,1267.54,Appliances,-1,B,Consigner,17649,19.2898,0.996486,180531,37.36715,0.95428,3,0,2,0,5,0,2,106.19017586084024,69.89628878079544,0.0,60.506461165695335,0.145631067961165,0.12,0.0,0.0
1224,2,1,0,72.504,56,319,4459,56026,-1,427792,未知,Call,1248080,142.54,Alcohol,-1,Not Known,Receiver,149382,60.57412,0.974052,133840,27.15088,0.981182,0,0,0,1,6,0,2,56.811578165689504,150.86048986331326,0.0,11.451351092199827,0.0833333333333333,0.275,0.0,0.0
1225,2,0,0,876.583,98,90,97849,405918,-1,427844,未知,Call,517816,967.96,Dried Groceries,0,C,Consigner,78487,0.138908,0.920274,127013,6.365547,0.996965,0,0,5,0,5,0,2,53.41855203788262,48.608787432873726,510.55,0.8970916805110853,0.1363636363636363,0.1724137931034483,2.0,0.0
1226,3,0,1,237.464,25,221,227346,76359,-1,427863,Suspected Lost,Call,345578,114.06,Dried Groceries,0,C,Consigner,677765,0.31997,0.987932,578853,0.0,0.866199,5,0,5,0,5,0,2,88.8237010925776,124.92080405843552,93.95808297694902,1.8341833939939869,0.1843137254901961,0.3333333333333333,0.2585987261146497,0.0
1227,2,1,0,19.286,151,164,183889,152062,-1,427864,Damage,Call,154328,231.74,Documents & Bills,-1,C,Consigner,49862,0.0,0.940032,748105,2.181844,0.8948,1,0,4,0,3,0,2,55.000321274151965,49.08316346381199,83.80393880479427,53.52688539981633,0.0828402366863905,0.1458333333333333,0.2442307692307692,0.0
1228,2,0,1,0.0,278,205,21593,341476,-1,427861,Damage,Call,-35376,398.36,Miscellaneous Goods,0,Not Known,Receiver,1529255,8.21696,0.943891,622381,0.0,0.984191,1,0,14,1,0,0,2,86.14768587401899,0.0,105.54084739155029,0.0,0.2307692307692307,0.0,0.0,0.0
1229,2,0,0,51.534,146,190,65880,51341,-1,427757,未知,Call,651539,150.68,Electronic Product,-1,B,Consigner,85443,13.64799,0.984177,112873,48.30943,0.991432,0,0,6,0,6,0,2,75.50373567911244,47.29286625931772,8.263119637255766,0.3842779251707786,0.3,0.1052631578947368,0.25,0.0
1230,5,1,0,933.637,8,189,90038,195459,-1,-43274,Damage,Internal Software,-67443,3844.3,Hardware,-1,C,Consigner,52368,5.792133,0.97785,647460,20.61431,0.973237,1,2,9,0,0,0,2,53.4968995680882,58.29261195317029,,32.01793721973094,0.12,0.1521739130434782,,0.0
1231,2,0,0,202.067,2,33,198839,86981,-1,5928,未知,Call,-44440,112.44,Hardware,-1,B,Consigner,43390,11.28293,1.0,107305,33.61261,0.954506,0,0,9,0,0,0,2,56.04468495785089,36.78825873504067,27.628725793632352,0.0,0.0935960591133004,0.3225806451612903,0.0,0.0
1232,2,0,0,812.246,3,128,183889,18077,-1,72938,Suspected Lost,Vendor Consultation,-18332,100.54,Hardware,-1,Not Known,Consigner,703072,71.41761,0.981395,75905,89.74278,0.968946,5,6,9,0,0,0,2,41.966021036266106,33.50686422306136,83.80393880479427,0.0,0.1538461538461538,0.1428571428571428,0.2442307692307692,0.0
1233,2,1,1,28.27,101,99,226558,164838,-1,427862,Pickup Error,Internal Software,-80761,304.64,Pharmaceuticals,0,Not Known,Consigner,852626,1.917566,0.96634,400640,3.253902,0.953227,3,2,15,0,0,0,2,94.6704948186992,39.75074374258253,99.90502183659396,51.59107642528012,0.2333333333333333,0.1505376344086021,0.2,0.5
1234,2,0,0,74.77,143,9,215974,290447,-1,427770,未知,Call,-4552,524.81,Miscellaneous Goods,0,B,Receiver,154621,70.56247,0.96376,333192,19.31086,0.942552,0,0,14,1,0,0,2,38.45695991907031,48.86197232263893,81.4699013359998,0.0,0.1136363636363636,0.5555555555555556,0.4375,0.0
1235,2,0,0,401.905,25,43,78045,425907,-1,-74902,Pickup Error,Call,360047,487.5,"Apparel, Footwear & Accessories",-1,B,Unknown,605548,3.280636,0.94185,76760,8.145825,0.967253,3,0,1,3,5,0,2,88.8237010925776,47.014223570793376,2.344434611814984,32.83139632811184,0.1843137254901961,0.1428571428571428,1.0,0.0
1236,2,0,0,7.849,100,295,210398,325776,-1,427864,Pickup Error,Call,-46627,776.86,Miscellaneous Goods,-1,B,Consigner,21558,118.3546,0.985254,186924,19.14905,0.999364,3,0,14,0,0,0,2,57.27817095022288,3.2504961276045585,0.0,0.0,0.1162790697674418,0.0,0.0,0.0
1237,2,0,0,23.32,3,222,15877,345248,-1,427698,Pickup Error,Call,2209071,143.48,Miscellaneous Goods,0,B,Receiver,1291753,1.030332,0.992221,354260,84.34719,0.937827,3,0,14,1,6,0,2,41.966021036266106,77.81584876066215,46.97040480882532,19.950315514615216,0.1538461538461538,0.1598173515981735,0.1827956989247312,0.0
1238,2,1,0,101.409,167,179,193650,112584,-1,427863,未知,Mini Program,388723,134.7,Documents & Bills,-1,C,Receiver,263833,30.68869,0.988201,1108399,3.977714,0.971236,0,4,4,1,5,0,2,58.72738978596847,49.485349035609424,48.10227495989376,,0.3636363636363636,0.17578125,0.25,
1239,2,0,1,0.0,140,74,214288,223860,-1,427739,Suspected Lost,Call,1576580,110.55,Miscellaneous Goods,0,B,Receiver,774566,8.877228,0.964918,316549,0.0,0.981756,5,0,14,1,6,0,2,162.4044975941189,4.030065568527107,792.91,15.167858996406204,0.2,1.0,0.0,0.0
1240,2,0,1,200.49,162,21,223752,300000,-1,427864,Pickup Error,Vendor Consultation,577000000,2725.46,Fresh,0,Not Known,Consigner,58605642,9.861902,0.998716,73757351,13.65032,0.934282,3,6,7,0,6,1,0,85.80271992814488,34.92133679953262,247.3830924887306,163.30068855149273,0.2352941176470588,0.2727272727272727,0.3902439024390244,0.5474358974358975
1241,2,1,0,149.472,8,29,186055,219243,-1,71861,Damage,Call,869638,1182.22,Hardware,0,C,Consigner,30258,21.28559,0.997493,723135,8.817119,0.98038,1,0,9,0,6,0,2,53.4968995680882,30.86500720980986,0.0,0.0,0.12,0.0,0.0,0.0
1242,3,0,0,61.37,55,197,36755,151924,-1,-10755,Pickup Error,Internal Software,-65325,116.14,Household Goods,-1,C,Consigner,2079536,0.0,0.832275,761152,0.002117,0.97201,3,2,11,0,0,0,2,35.60364621033194,63.769979151069016,,,0.1212121212121212,0.208955223880597,,
1243,3,0,0,37.752,32,107,210536,183981,-1,427847,Pickup Error,Internal Software,6001,197.21,Beauty & Daily Essentials,-1,B,Consigner,142394,56.56054,0.999111,852376,1.727448,0.93905,3,2,3,0,2,0,2,57.76408111082597,103.77469026595364,0.0,0.0,0.1666666666666666,0.1846153846153846,0.0,0.0
1244,2,1,0,169.373,13,142,140303,165548,-1,-152287,未知,Call,-64041,324.54,Beauty & Daily Essentials,-1,B,Receiver,132,26.8332,0.998939,971793,16.05977,0.92989,0,0,3,1,0,0,2,117.72169897217258,32.47128749327333,0.526786445018944,68.24280163047327,0.2748538011695906,0.0833333333333333,0.0,0.25
1245,2,1,0,87.268,0,319,206325,170389,-1,427859,Damage,Internal Software,931821,1155.51,Beauty & Daily Essentials,-1,B,Consigner,17509,56.55932,0.993641,1129,156.8619,0.99891,1,2,3,0,6,0,2,57.22795965470159,150.86048986331326,136.1021352810473,1.7249309519454428,0.1678082191780822,0.275,0.4,0.0
1246,2,0,0,891.649,132,277,143030,427395,-1,427839,Pickup Error,Internal Software,63394,2583.19,Pharmaceuticals,0,C,Staff,41799,30.59375,0.989144,35792,26.1488,0.993824,3,2,15,2,2,0,2,52.70819341651338,112.550724583876,,0.0,0.2071428571428571,0.0769230769230769,,0.0
1247,2,1,0,252.127,222,3,212637,53949,-1,427745,未知,Internal Software,-45771,297.59,Miscellaneous Goods,0,Not Known,Unknown,1049239,52.49909,0.990102,274356,5.56052,0.939445,0,2,14,3,0,0,2,44.00935888510234,63.81099393925928,367.4191677341794,28.729263761692145,0.173469387755102,0.1170212765957446,0.3809523809523809,0.0
1248,2,0,0,8.496,151,268,189807,250717,-1,427862,未知,Call,430398,901.36,Jewelry,0,Not Known,Receiver,405777,20.08373,0.977721,99984,117.019,0.959503,0,0,12,1,5,0,2,55.000321274151965,130.15540902762945,0.0,3.252107276373005,0.0828402366863905,0.2727272727272727,0.0,1.0
1249,2,0,0,24.517,102,178,10167,112637,-1,427862,Damage,Call,174623,290.31,Beauty & Daily Essentials,0,C,Staff,394921,33.75942,0.947854,401851,8.939229,0.963023,1,0,3,2,4,0,2,84.99396693620673,75.72709977879157,347.94,7.966932371912233,0.1518987341772152,0.2073170731707317,0.0,0.0
1250,2,1,0,555.981,0,4,93355,334004,-1,427761,未知,Call,-42464,568.87,Miscellaneous Goods,0,B,Consigner,231871,0.95272,0.947217,615001,1.572382,0.990161,0,0,14,0,0,0,2,57.22795965470159,81.2740685764068,2.7815951011409306,65.99531150667515,0.1678082191780822,0.2439024390243902,0.0,0.0
1251,2,0,0,20.081,100,124,174723,280152,-1,427864,Damage,Call,1448265,207.15,Jewelry,0,C,Consigner,717045,5.483506,0.98216,107967,2.98898,0.973512,1,0,12,0,6,0,2,57.27817095022288,314.8009828592744,3.587978775800976,1.3101127668476025,0.1162790697674418,0.25,0.6666666666666666,0.0
1252,2,0,0,492.244,92,106,102309,385250,-1,427827,未知,Mini Program,-53055,2075.6,Jewelry,0,B,Receiver,1616,12.56925,0.969638,421364,24.02194,0.942254,0,4,12,1,0,0,2,81.28282427291707,49.82089121674756,43.21398432790838,22.40074377636969,0.3529411764705882,0.1538461538461538,1.0,0.0
1253,2,0,0,88.304,268,3,212182,334004,-1,38855,Pickup Error,Call,281505,1401.34,Appliances,0,C,Receiver,26147,13.15031,0.977731,172539,28.89882,0.995048,3,0,2,1,5,0,2,96.84596855953218,63.81099393925928,62.71522772083796,65.99531150667515,0.1823899371069182,0.1170212765957446,0.5833333333333334,0.0
1254,2,0,0,83.973,13,192,193375,305734,-1,-138595,未知,Call,108221,251.86,Hardware,0,B,Receiver,433441,3.065929,0.865541,57372,2.146453,0.976914,0,0,9,1,3,0,2,117.72169897217258,82.7288345540081,221.39184031958067,9.846528723861423,0.2748538011695906,0.1,0.4545454545454545,0.0
1255,2,0,0,505.822,190,198,146589,105238,-1,427860,未知,Internal Software,-61709,486.26,Miscellaneous Goods,1,C,Consigner,328555,0.240361,0.993965,346643,14.18307,0.967461,0,2,14,0,0,0,2,73.48402451815683,27.951849133840675,0.7021528505602325,334.87613829823005,0.1560693641618497,0.09375,0.0,0.0
1256,2,1,0,41.767,302,133,138473,22402,-1,427567,Pickup Error,Call,50432,382.86,Electronic Product,0,B,Receiver,512567,12.53145,0.96333,315892,3.481729,0.922055,3,0,6,1,2,0,2,36.15561962809524,67.74347839244929,6.860430840339107,2.7617517986277904,0.0434782608695652,0.1929824561403508,0.0,0.25
1257,2,0,0,18.187,100,88,193886,26942,-1,427835,Damage,Call,554104,1750.16,Jewelry,0,B,Receiver,1726088,22.20774,0.982293,630495,4.117212,0.992783,1,0,12,1,5,0,2,57.27817095022288,79.74310528281981,183.07850421942743,3.245785895751148,0.1162790697674418,0.2061855670103092,0.2535211267605634,0.0
1258,2,0,1,23.011,3,128,13070,81033,-1,427850,Pickup Error,Call,-74741,764.52,Household Goods,-1,B,Receiver,344949,67.1404,0.98105,104058,35.08844,0.97905,3,0,11,1,0,0,2,41.966021036266106,33.50686422306136,33.15735296063131,128.1095406360424,0.1538461538461538,0.1428571428571428,0.0,0.0
1259,2,0,0,116.404,291,307,183889,300000,-1,414879,未知,Mini Program,551000000,2167.1,Dried Groceries,-1,C,Consigner,1595900,9.14309,0.997141,23139766,43.34177,0.991326,0,4,5,0,6,0,2,256.15858058802274,107.26414159528828,83.80393880479427,163.30068855149273,0.6,0.4666666666666667,0.2442307692307692,0.5474358974358975
1260,2,1,0,121.405,4,268,72968,54214,-1,-30369,Damage,Vendor Consultation,3287000,1142.11,Alcohol,0,C,Consigner,385001,69.04267,0.934981,85917,93.56326,0.851888,1,6,0,0,6,0,2,60.02737754693536,130.15540902762945,0.0,0.0,0.1592356687898089,0.2727272727272727,0.0,0.0
1261,2,0,0,663.124,246,117,93355,61081,-1,427843,未知,Internal Software,28715,1144.74,Miscellaneous Goods,-1,B,Consigner,571800,49.23448,0.990218,303203,47.41861,0.967379,0,2,14,0,2,0,2,87.28839398654806,66.62484724143525,2.7815951011409306,86.98590280904715,0.1666666666666666,0.0689655172413793,0.0,0.0
1262,2,0,0,202.888,32,94,210611,150268,-1,427862,Damage,Call,35322,341.76,Miscellaneous Goods,0,B,Consigner,107746,20.88676,0.937165,161048,3.366541,0.931518,1,0,14,0,2,0,2,57.76408111082597,36.228085028893005,1.153778383114904,233.0452549697085,0.1666666666666666,0.25,1.0,0.2
1263,2,1,0,1036.578,13,179,220816,339894,-1,427836,Pickup Error,Complaint,-67683,729.75,Furniture,0,C,Consigner,386,81.16014,0.991763,4598,15.72426,0.983076,3,1,8,0,0,0,2,117.72169897217258,49.485349035609424,6.220126996344044,47.92933630975572,0.2748538011695906,0.17578125,0.0,0.0
1264,3,0,0,292.296,7,83,183889,82651,-1,427862,未知,Call,-50840,1589.73,Household Goods,0,B,Receiver,1403466,24.48816,0.968983,424171,17.88053,0.933724,0,0,11,1,0,0,2,41.37467782828752,65.91514331433044,83.80393880479427,0.0,0.0597014925373134,0.1290322580645161,0.2442307692307692,0.0
1265,2,1,0,0.0,127,13,142016,17506,1,52549,Pickup Error,Call,243371,214.01,Pharmaceuticals,0,C,Consigner,953644,59.66961,0.999289,987907,2.673668,0.989794,3,0,15,0,4,0,2,59.84735359218162,58.69138621086622,,0.0,0.1397849462365591,0.0909090909090909,,0.0
1266,2,0,0,42.835,253,102,183889,183090,-1,159855,Suspected Lost,,559385,662.1,Hardware,0,B,Unknown,199969,29.58765,0.890714,129174,38.47757,0.998037,5,5,9,3,5,0,2,63.03159537877947,127.44248338763862,83.80393880479427,0.0,0.1228070175438596,0.1789473684210526,0.2442307692307692,0.0
1267,2,1,0,70.472,115,246,198779,300000,-1,427864,未知,Call,654000000,3691.15,Pharmaceuticals,-1,B,Consigner,128000000,11.07242,0.959662,60861849,55.57655,0.911151,0,0,15,0,6,0,2,111.8825499384886,81.33591719373736,61.50996322773379,163.30068855149273,0.4285714285714285,0.4318181818181818,0.1714285714285714,0.5474358974358975
1268,3,1,0,12.339,42,2,38088,412805,-1,427859,未知,Internal Software,-21311,318.48,Miscellaneous Goods,-1,B,Consigner,3492,16.90518,0.988223,118025,4.172741,0.9583,0,2,14,0,0,0,2,106.19017586084024,93.3192184944359,189.4617954933584,13.281783842786488,0.145631067961165,0.1111111111111111,0.3333333333333333,0.4
1269,2,0,0,461.685,63,164,154241,130894,1,427861,Damage,Call,2740264,2096.3,"Apparel, Footwear & Accessories",0,B,Consigner,2293,107.7735,0.996663,39757,138.0223,0.980387,1,0,1,0,6,0,2,87.51932180035882,49.08316346381199,0.0,0.0,0.2022471910112359,0.1458333333333333,0.0,0.0
1270,2,0,0,737.348,1,98,21470,273280,-1,-111315,Damage,Call,1152785,462.96,Appliances,0,B,Unknown,168200,20.69062,0.96817,70147,69.92419,0.973087,1,0,2,3,6,0,2,69.06443164317325,65.32592348952949,,71.92178301093355,0.1802721088435374,0.0638297872340425,,0.0
1271,2,0,0,7.228,55,0,220883,409831,-1,10496,Damage,Mini Program,236383,293.85,Appliances,0,Staff,Consigner,6530,120.1754,0.922484,156134,62.69236,0.995775,1,4,2,0,4,0,2,35.60364621033194,75.01688402479252,135.84925416861563,0.0,0.1212121212121212,0.1507692307692307,0.1,0.0
1272,5,0,0,363.413,222,39,211520,326060,-1,-5578,未知,Call,1814386,537.61,Dried Groceries,0,C,Consigner,77794,26.70222,0.98251,83740,103.3386,0.897985,0,0,5,0,6,0,2,44.00935888510234,44.92391936878398,171.97748481541532,,0.173469387755102,0.0,0.125,
1273,2,0,0,304.512,96,320,221084,169471,-1,427855,Damage,Call,99184,1079.92,Appliances,-1,B,Receiver,99542,4.526094,0.939548,448548,4.420768,0.864492,1,0,2,1,3,0,2,94.34474150468614,144.68713961273087,66.07030830964692,0.0,0.1764705882352941,0.5,0.0,0.0
1274,2,0,0,2.469,164,135,63116,217285,-1,427861,Suspected Lost,Call,571480,2583.11,Appliances,-1,B,Consigner,45243,0.0,0.997629,335846,14.55867,0.984239,5,0,2,0,5,0,2,59.72498410518864,125.17131951667804,70.64452470822128,4.739570730602305,0.1617647058823529,0.3414634146341463,0.0,0.0
1275,2,0,0,799.091,132,179,227346,154070,-1,427864,Damage,Call,258839,475.78,Pharmaceuticals,0,C,Unknown,168802,84.32525,0.970456,44701,49.02569,0.99594,1,0,15,3,4,0,2,52.70819341651338,49.485349035609424,93.95808297694902,0.0,0.2071428571428571,0.17578125,0.2585987261146497,0.0
1276,2,0,0,1.394,41,319,211449,300000,-1,-113391,未知,Call,232000000,1370.48,Jewelry,0,B,Unknown,986652,24.59087,0.991715,9850000000,27.64353,0.995577,0,0,12,3,6,0,2,15.195521366333276,150.86048986331326,77.2949522714683,163.30068855149273,0.125,0.275,0.5384615384615384,0.5474358974358975
1277,2,0,0,39.031,190,4,68454,436137,-1,427858,未知,Call,2135293,892.6,Dried Groceries,0,B,Receiver,928622,15.41432,0.944157,918339,15.07458,0.99913,0,0,5,1,6,0,2,73.48402451815683,81.2740685764068,7.3568241409448465,0.0,0.1560693641618497,0.2439024390243902,0.0,0.0
1278,5,0,0,0.0,13,250,153699,194841,-1,427783,Suspected Lost,Call,59155,158.42,"Apparel, Footwear & Accessories",0,C,Consigner,680249,10.36278,0.991474,1281563,0.355043,0.991843,5,0,1,0,2,0,2,117.72169897217258,21.62467426081106,172.40269826618092,,0.2748538011695906,0.0,0.1666666666666666,
1279,2,0,0,11.043,140,187,61139,349905,-1,427860,Damage,Internal Software,302364,100.01,Miscellaneous Goods,0,C,Consigner,779989,21.96234,0.999681,338970,21.97706,0.941215,1,2,14,0,5,0,2,162.4044975941189,71.38613126413931,13.365328449868178,25.10786067557613,0.2,0.1777777777777777,1.0,0.0
1280,2,0,0,287.26,146,7,227346,427035,1,427862,Damage,Vendor Consultation,141094,1360.61,"Apparel, Footwear & Accessories",0,C,Receiver,3939,116.3223,0.996742,106793,29.44313,0.968224,1,6,1,1,3,0,2,75.50373567911244,92.30255429171878,93.95808297694902,0.0,0.3,0.1935483870967742,0.2585987261146497,0.0
1281,3,0,1,5.075,146,1,210232,360270,-1,-22073,未知,Internal Software,-82017,104.06,Maternity & Baby Products,-1,B,Consigner,138698,33.24505,0.846687,742152,7.796032,0.996802,0,2,13,0,0,0,2,75.50373567911244,69.89628878079544,139.9140213055044,,0.3,0.12,0.1481481481481481,
1282,2,0,0,317.056,99,158,62216,299367,-1,427727,Damage,Call,-57100,128.27,Alcohol,-1,Not Known,Receiver,88451,31.27167,0.957661,170272,60.84732,0.997926,1,0,0,1,0,0,2,65.94900544613762,63.91833902730377,3.14188697396819,,0.211864406779661,0.1666666666666666,0.0,
1283,2,0,0,238.194,13,234,183889,300000,-1,427414,未知,Internal Software,137000000,1437.13,Miscellaneous Goods,-1,C,Consigner,193098,19.52817,0.950652,13761452,7.235772,0.980123,0,2,14,0,6,0,2,117.72169897217258,23.788597837309357,83.80393880479427,163.30068855149273,0.2748538011695906,0.1052631578947368,0.2442307692307692,0.5474358974358975
1284,2,0,1,29.631,254,3,115003,120766,-1,427845,未知,Mini Program,257773,125.43,Pharmaceuticals,0,C,Unknown,12735,13.66955,0.986626,1570590,2.047653,0.953477,0,4,15,3,4,0,2,3.2025571814825207,63.81099393925928,2.5266168670683955,27.27157451642113,0.0,0.1170212765957446,0.0,0.0
1285,2,0,0,5.042,107,41,206405,368516,-1,132154,未知,Call,189244,146.28,Hardware,0,B,Consigner,1112306,14.72425,0.942047,79836,33.41169,0.962644,0,0,9,0,4,0,2,69.59539401792847,13.251155129314414,0.0,72.91019955654102,0.135593220338983,0.0,0.0,1.0
1286,2,0,0,0.344,178,153,188562,191208,-1,427863,未知,Internal Software,4176294,716.7,Miscellaneous Goods,0,B,Consigner,2425310,0.232981,0.970792,1464439,0.0,0.981978,0,2,14,0,6,0,2,59.71452989301516,52.38805426785157,13.256705186604082,131.2599763328134,0.1660079051383399,0.1818181818181818,0.3076923076923077,0.0
1287,2,0,0,973.998,146,152,193886,358938,-1,-113721,未知,Call,903041,1837.55,Miscellaneous Goods,0,B,Consigner,98640,14.4429,0.964419,285502,15.17953,0.972192,0,0,14,0,6,0,2,75.50373567911244,64.80066655532329,183.07850421942743,,0.3,0.1458333333333333,0.2535211267605634,
1288,2,0,0,34.123,1,100,227346,287737,-1,427864,Pickup Error,Internal Software,336116,400.05,Miscellaneous Goods,0,C,Unknown,442962,91.00657,0.996505,83364,188.0805,0.990039,3,2,14,3,5,0,2,69.06443164317325,111.92654089931048,93.95808297694902,19.278148891162665,0.1802721088435374,0.1985815602836879,0.2585987261146497,0.125
1289,2,1,1,38.042,321,299,227346,104383,-1,427843,Suspected Lost,Call,-80570,117.46,Pharmaceuticals,-1,B,Receiver,662205,3.694626,0.927671,309751,1.120727,0.99951,5,0,15,1,0,0,2,30.172814529434604,132.21543972380903,93.95808297694902,0.0,0.2941176470588235,0.1875,0.2585987261146497,0.0
1290,2,0,0,342.586,108,190,54287,260081,-1,427863,未知,Call,4925,481.7,Appliances,0,C,Receiver,59593,18.66074,0.985511,251231,32.8332,0.982175,0,0,2,1,2,0,2,29.59624611070252,47.29286625931772,5.461322385479688,1.603582821254164,0.0666666666666666,0.1052631578947368,0.0,1.5
1291,2,0,0,14.373,3,100,82437,140224,1,427850,Suspected Lost,Internal Software,-41221,1466.74,Miscellaneous Goods,-1,C,Consigner,367435,2.353918,0.940508,549984,2.81448,0.995402,5,2,14,0,0,0,2,41.966021036266106,111.92654089931048,35.79217593298416,39.90040294989736,0.1538461538461538,0.1985815602836879,0.0,0.0
1292,2,0,0,84.115,5,182,227346,417035,-1,115204,未知,Mini Program,788880,679.66,Miscellaneous Goods,-1,B,Consigner,41013,73.40556,0.990686,246967,10.47558,0.935145,0,4,14,0,6,0,2,64.35039757274271,118.74044016391558,93.95808297694902,2.4653050215844305,0.0975609756097561,0.3,0.2585987261146497,0.0
1293,2,0,1,93.797,97,179,14084,337810,1,427478,未知,Internal Software,188142,1241.05,Beauty & Daily Essentials,0,C,Unknown,1360276,34.16124,0.997507,204859,29.04374,0.944304,0,2,3,3,4,0,2,67.53870319850822,49.485349035609424,69.64123028029817,0.0,0.3333333333333333,0.17578125,0.1481481481481481,0.0
1294,2,0,0,112.071,112,262,198484,332631,-1,103931,Pickup Error,Vendor Consultation,363958,150.73,Dried Groceries,-1,B,Consigner,65318,30.61788,0.988644,255624,0.0,0.969727,3,6,5,0,5,0,2,120.16911840370844,34.60034588316222,2.039746785672797,0.0,0.2142857142857142,0.1578947368421052,0.0,0.0
1295,2,0,0,16.951,89,179,219262,449767,-1,54425,未知,Call,147326,724.2,Hardware,0,B,Consigner,832639,8.771335,0.994822,298810,38.07056,0.951834,0,0,9,0,3,0,2,56.62852339692903,49.485349035609424,0.0,344.27,0.1,0.17578125,0.0,0.0
1296,2,0,0,2010.743,132,67,79414,12749,-1,-71220,Damage,Internal Software,709708,2675.2,Fresh,0,Not Known,Consigner,8186,241.5197,0.953101,13456,171.6947,0.998668,1,2,7,0,6,1,1,52.70819341651338,20.96220950079605,30.327100172290688,50.15900759802723,0.2071428571428571,0.0,0.0,0.2307692307692307
1297,2,0,0,20.982,121,344,227346,153765,-1,7068,未知,Call,130147,971.43,Fresh,0,Not Known,Receiver,89336,6.367027,0.684837,96715,19.48512,0.941251,0,0,7,1,3,1,1,13.574390773595596,39.2423650364136,93.95808297694902,70.30975765540003,0.0,0.32,0.2585987261146497,0.5
1298,5,0,0,4.937,108,129,21132,297826,-1,427862,Damage,Call,1894271,414.94,Dried Groceries,0,C,Receiver,689787,0.496084,0.990774,34896,11.45215,0.947644,1,0,5,1,6,0,2,29.59624611070252,32.940966148420515,26.747900453344243,1.554664918813007,0.0666666666666666,0.2285714285714285,0.25,0.0
1299,2,0,0,11.64,277,96,160393,46067,-1,427862,Damage,Mini Program,69842,632.49,Fresh,0,B,Consigner,2103,42.21194,0.995435,75213,103.1015,0.98083,1,4,7,0,2,1,1,70.53199433944796,114.16873400512304,7.681459394330086,58.926,0.25,0.2,0.0,0.0
1300,7,0,0,62.002,201,269,194353,254375,-1,427813,未知,Call,1519271,1044.63,Pharmaceuticals,0,B,Consigner,22256,21.88044,0.954512,215370,17.0106,0.975647,0,0,15,0,6,0,2,116.26723222288638,3.1767129398798124,7.478532065324048,2.983168670881964,0.4814814814814814,0.0,0.0,0.0
1301,2,0,0,1361.828,0,190,227346,365778,-1,69751,Pickup Error,Call,45381,958.59,Miscellaneous Goods,-1,Not Known,Consigner,1133310,53.05114,0.999116,293403,22.78603,0.974797,3,0,14,0,2,0,2,57.22795965470159,47.29286625931772,93.95808297694902,0.0,0.1678082191780822,0.1052631578947368,0.2585987261146497,0.0
1302,2,0,0,60.028,142,7,205604,367630,-1,180409,Damage,Internal Software,24292,945.74,Hardware,-1,B,Receiver,125450,49.43428,0.99573,67862,79.4246,0.977992,1,2,9,1,2,0,2,91.575345523678,92.30255429171878,61.82169041782026,2.8638572346033744,0.1756756756756756,0.1935483870967742,0.4166666666666667,0.0
1303,2,0,0,72.192,0,143,138207,156179,-1,427713,未知,Vendor Consultation,-1411,721.76,Miscellaneous Goods,-1,B,Consigner,44992,7.532727,0.980176,533123,16.34404,0.993155,0,6,14,0,0,0,2,57.22795965470159,101.9632107476282,6.700585877274129,100.72983967456328,0.1678082191780822,0.2075471698113207,0.0,0.0
1304,2,1,0,67.262,96,179,227346,446539,-1,427811,未知,Internal Software,-78472,281.9,Miscellaneous Goods,0,C,Receiver,59942,60.55902,0.999411,705364,2.691461,0.988971,0,2,14,1,0,0,2,94.34474150468614,49.485349035609424,93.95808297694902,0.0,0.1764705882352941,0.17578125,0.2585987261146497,0.0
1305,2,0,0,357.127,117,13,219127,151991,-1,-69412,Suspected Lost,Call,902590,933.49,Beauty & Daily Essentials,-1,C,Receiver,141979,51.07425,0.835198,71001,44.53177,0.987278,5,0,3,1,6,0,2,57.51283596595224,58.69138621086622,36.49114032580737,,0.1052631578947368,0.0909090909090909,0.0,
1306,2,0,0,534.004,31,0,184878,148488,-1,150599,Pickup Error,Call,860987,1049.19,Hardware,0,C,Consigner,88335,24.62402,0.655908,827492,12.22723,0.988756,3,0,9,0,6,0,2,68.5036860803531,75.01688402479252,187.86331098346247,2.4298484080541867,0.0833333333333333,0.1507692307692307,0.0,0.0
1307,2,0,0,21.931,104,0,196718,267108,1,427849,未知,Call,481186,1060.07,Documents & Bills,0,B,Consigner,21217,6.337526,0.981275,290960,3.619641,0.994363,0,0,4,0,5,0,2,9.768753582444225,75.01688402479252,,2.3453590543180733,0.0,0.1507692307692307,,0.0
1308,1,0,0,30.206,1,290,171505,55041,-1,427847,Suspected Lost,Call,1991599,250.69,Miscellaneous Goods,0,C,Consigner,301838,0.0,0.936514,248345,3.950003,0.999892,5,0,14,0,6,0,2,69.06443164317325,24.147092065640223,104.65594129268982,0.0,0.1802721088435374,0.5,0.0,0.0
1309,2,0,0,871.421,9,0,15258,103378,-1,427776,Pickup Error,Call,505835,1344.89,Home Improvement and Building Material,-1,B,Consigner,257636,79.68156,0.998779,5243,103.357,0.999197,3,0,10,0,5,0,2,183.019796897258,75.01688402479252,5.335292367207262,27.666439853014587,0.2580645161290322,0.1507692307692307,0.0,0.0
1310,2,0,0,38.25,158,117,227346,300000,-1,427864,Pickup Error,Internal Software,49021031,3573.18,Dried Groceries,-1,B,Receiver,21545659,1.158549,0.968591,24243777,0.890786,0.929532,3,2,5,1,6,0,2,166.88537928718344,66.62484724143525,93.95808297694902,163.30068855149273,0.1538461538461538,0.0689655172413793,0.2585987261146497,0.5474358974358975
1311,2,0,0,164.625,140,232,23677,236203,-1,427856,Pickup Error,Call,432686,182.49,Documents & Bills,-1,B,Consigner,54897,79.36939,0.979743,431817,19.35628,0.964358,3,0,4,0,5,0,2,162.4044975941189,104.02098248075887,0.5013326803356659,0.0,0.2,0.2,0.0,0.0
1312,2,1,0,37.524,190,222,227346,133616,-1,-197376,未知,Internal Software,459249,293.22,Hardware,-1,C,Receiver,1547963,0.0,0.996803,1657253,0.0,0.966175,0,2,9,1,5,0,2,73.48402451815683,77.81584876066215,93.95808297694902,170.51147805074507,0.1560693641618497,0.1598173515981735,0.2585987261146497,0.0
1313,2,0,0,37.895,25,79,224841,300000,-1,403709,Pickup Error,Vendor Consultation,682000000,1794.58,Jewelry,0,B,Consigner,7911331,0.0,0.985443,244000000,49.52599,0.986645,3,6,12,0,6,0,2,88.8237010925776,41.96640113648718,169.77832896859522,163.30068855149273,0.1843137254901961,0.2758620689655172,0.4545454545454545,0.5474358974358975
1314,2,0,0,527.935,3,187,159164,209762,-1,427859,Pickup Error,Call,-67849,626.04,Dried Groceries,-1,Not Known,Receiver,555329,40.01761,0.944092,73538,82.72636,0.984815,3,0,5,1,0,0,2,41.966021036266106,71.38613126413931,9.59187148299566,25.36608096277804,0.1538461538461538,0.1777777777777777,0.5,0.0
1315,2,1,0,78.891,270,164,741,79209,-1,-37131,Pickup Error,Internal Software,-41528,1104.32,Hardware,-1,C,Receiver,37724,21.42067,0.779411,495744,36.23007,0.925961,3,2,9,1,0,0,2,3.568973830235347,49.08316346381199,0.0,0.0,0.3333333333333333,0.1458333333333333,0.0,0.0
1316,2,1,0,80.484,7,125,190698,90173,-1,427849,Pickup Error,Internal Software,99554,877.62,Dried Groceries,0,C,Consigner,219184,0.0,0.988348,2031672,0.0,0.93351,3,2,5,0,3,0,2,41.37467782828752,73.66751450015366,0.0,10.035382885763866,0.0597014925373134,0.1523809523809524,0.0,0.5
1317,5,1,0,81.394,25,11,178273,117895,-1,427851,Pickup Error,Vendor Consultation,704502,1681.27,Beauty & Daily Essentials,-1,C,Consigner,349811,17.33991,0.989998,258727,28.43378,0.970166,3,6,3,0,6,0,2,88.8237010925776,31.253102632101324,3.4672920276054686,6.980141156473876,0.1843137254901961,0.0476190476190476,0.5,0.0
1318,3,1,0,171.925,25,143,113952,448070,-1,107169,未知,Mini Program,379036,348.93,Beauty & Daily Essentials,0,C,Receiver,152446,1.037824,0.966702,486334,0.0,0.979677,0,4,3,1,5,0,2,88.8237010925776,101.9632107476282,,267.05,0.1843137254901961,0.2075471698113207,,1.0
1319,2,0,1,173.044,189,105,45766,257991,-1,427844,未知,Call,-20751,2112.51,Home Improvement and Building Material,-1,C,Consigner,537794,36.3057,0.997407,137637,66.44348,0.982139,0,0,10,0,0,0,2,195.03697485801985,22.47910396159198,,0.0,0.2619047619047619,0.0909090909090909,,0.0
1320,5,0,0,0.014,178,12,126953,397557,-1,427863,未知,Call,-81660,187.73,Appliances,1,C,Consigner,197797,0.0,0.971626,1638224,0.976648,0.878517,0,0,2,0,0,0,2,59.71452989301516,78.44682581792124,90.8750832355054,5.109936588499431,0.1660079051383399,0.2340425531914893,0.6666666666666666,0.0
1321,2,0,0,120.055,110,343,183889,300000,-1,427864,未知,Call,471000000,1910.43,Pharmaceuticals,-1,B,Consigner,246722,13.25156,0.991229,64717529,85.21819,0.989909,0,0,15,0,6,0,2,110.78491220508148,140.5540846324199,83.80393880479427,163.30068855149273,0.2539682539682539,0.4761904761904761,0.2442307692307692,0.5474358974358975
1322,2,0,0,0.0,107,178,183889,50377,-1,427864,未知,Call,929512,314.61,Furniture,0,C,Unknown,247664,16.76643,0.958932,1006692,0.0,0.992755,0,0,8,3,6,0,2,69.59539401792847,75.72709977879157,83.80393880479427,52.2520510520726,0.135593220338983,0.2073170731707317,0.2442307692307692,0.4
1323,2,1,0,21.832,222,63,191011,168642,-1,427810,未知,Complaint,-63804,112.16,Jewelry,0,Staff,Unknown,637185,0.0,0.966025,759343,0.0,0.998519,0,1,12,3,0,0,2,44.00935888510234,52.20261068322199,0.0,0.0,0.173469387755102,0.2941176470588235,0.0,0.0
1324,2,0,0,17.65,96,187,14084,90345,-1,427860,Damage,Call,-39285,338.58,Pharmaceuticals,-1,B,Unknown,127956,30.29205,0.995977,1507284,0.0,0.990157,1,0,15,3,0,0,2,94.34474150468614,71.38613126413931,69.64123028029817,101.49576394975168,0.1764705882352941,0.1777777777777777,0.1481481481481481,0.0
1325,2,0,0,178.878,157,221,121546,319683,-1,427853,Pickup Error,Call,80641,1409.22,Miscellaneous Goods,-1,B,Consigner,60206,13.47621,0.978259,64165,18.26329,0.999842,3,0,14,0,2,0,2,52.75232409840045,124.92080405843552,0.3380645787694716,245.0050772320189,0.2391304347826087,0.3333333333333333,0.0,0.5
1326,2,1,0,103.72,89,98,69747,123793,-1,-34052,Damage,Call,1416764,300.83,Hardware,0,C,Consigner,881248,4.508852,0.982501,532722,0.0,0.978697,1,0,9,0,6,0,2,56.62852339692903,65.32592348952949,2.6487738573025665,,0.1,0.0638297872340425,0.0,
1327,5,0,0,169.907,311,150,205204,66968,-1,427863,Damage,Internal Software,348652,616.01,Household Goods,0,B,Receiver,256383,15.18029,0.982286,68264,33.81219,0.966475,1,2,11,1,5,0,2,25.68759344018441,162.57256490877438,0.0,621.9853709508882,0.0,0.1333333333333333,0.0,0.0
1328,2,0,0,43.888,200,134,12749,306642,-1,427822,未知,Call,255396,1006.4,Household Goods,-1,B,Consigner,689570,6.722331,0.999105,852945,0.0,0.994868,0,0,11,0,4,0,2,49.37484041958838,46.10167247042128,0.0,0.7357857286702021,0.2333333333333333,0.0869565217391304,0.0,0.0
1329,2,0,0,3.205,13,83,219947,208992,-1,427863,未知,Call,-45527,164.4,Miscellaneous Goods,0,B,Consigner,270331,62.06737,0.988888,866325,2.615082,0.964614,0,0,14,0,0,0,2,117.72169897217258,65.91514331433044,0.0,11.936033320943018,0.2748538011695906,0.1290322580645161,0.0,0.0
1330,5,0,0,603.92,189,83,166592,145551,-1,-97444,Suspected Lost,Vendor Consultation,183275,1894.1,Miscellaneous Goods,-1,B,Consigner,145682,46.07703,0.995115,140974,42.60057,0.939203,5,6,14,0,4,0,2,195.03697485801985,65.91514331433044,14.204238728381489,189.18076819463815,0.2619047619047619,0.1290322580645161,0.0,0.0
1331,3,1,1,0.0,1,256,199915,113514,-1,46274,未知,Internal Software,-52555,100.01,Household Goods,0,C,Receiver,2256190,5.342693,0.94173,458084,0.0,0.989228,0,2,11,1,0,0,2,69.06443164317325,65.73144639177269,202.6992696122633,39.98725378795768,0.1802721088435374,0.2105263157894736,0.3333333333333333,0.0
1332,2,0,0,98.035,1,37,15199,154070,-1,427863,Damage,Internal Software,-65577,725.73,Miscellaneous Goods,-1,B,Consigner,349,16.25259,0.994981,86327,11.39742,0.96161,1,2,14,0,0,0,2,69.06443164317325,71.26297526452987,3.299880877917794,0.0,0.1802721088435374,0.2033898305084746,0.0,0.0
1333,2,0,0,26.97,218,107,187888,300000,1,427864,未知,Call,852000000,3915.51,Documents & Bills,0,B,Consigner,19625,2.133408,0.998838,3986814,5.632803,0.972094,0,0,4,0,6,0,2,45.42517437856351,103.77469026595364,56.57647470954619,163.30068855149273,0.3333333333333333,0.1846153846153846,0.1428571428571428,0.5474358974358975
1334,2,0,0,661.27,97,99,180148,128627,-1,56652,未知,Call,3429047,327.37,Jewelry,0,B,Consigner,505950,66.67258,0.998024,180482,20.32362,0.988012,0,0,12,0,6,0,2,67.53870319850822,39.75074374258253,,3.7469766191883904,0.3333333333333333,0.1505376344086021,,0.0
1335,2,1,0,0.189,257,13,104057,150563,-1,427861,Damage,Internal Software,39184,807.86,Documents & Bills,0,B,Consigner,774407,4.927581,0.983421,660729,0.0,0.849066,1,2,4,0,2,0,2,241.1413877159976,58.69138621086622,3.2394990366088634,27.1991093402086,0.0,0.0909090909090909,0.0,1.0
1336,2,0,0,303.781,47,102,227346,300000,-1,427864,Damage,Internal Software,517000000,2932.95,Home Improvement and Building Material,-1,C,Consigner,286499,17.7307,0.986415,624336,5.99227,0.927524,1,2,10,0,6,0,2,42.58914280906974,127.44248338763862,93.95808297694902,163.30068855149273,0.24,0.1789473684210526,0.2585987261146497,0.5474358974358975
1337,2,0,0,72.743,321,142,176820,56685,-1,427725,Damage,Internal Software,198368,3029.18,Alcohol,0,Not Known,Consigner,353457,56.64266,0.990356,154559,13.50853,0.886368,1,2,0,0,4,0,2,30.172814529434604,32.47128749327333,25.94352246299482,51.36864499236308,0.2941176470588235,0.0833333333333333,0.0,0.0
1338,2,0,0,351.688,234,211,101529,203595,-1,427864,未知,Call,-70583,759.03,Miscellaneous Goods,-1,C,Unknown,181243,2.862978,0.979031,193947,4.242195,0.982707,0,0,14,3,0,0,2,53.91548040576459,74.44213332427378,13.920018082709868,0.0,0.0,0.2777777777777778,0.1666666666666666,0.0
1339,2,0,0,38.57,5,48,15877,216288,-1,427863,Pickup Error,Call,-80096,249.42,Dried Groceries,0,B,Consigner,295224,36.91389,0.989401,93199,40.13061,0.908265,3,0,5,0,0,0,2,64.35039757274271,1.0802392076662717,46.97040480882532,4.689133329176463,0.0975609756097561,0.0,0.1827956989247312,0.0
1340,5,0,0,540.337,160,137,152054,356385,0,-161070,未知,Call,-78008,944.88,Furniture,0,C,Staff,598341,0.0,0.972028,61722,17.7812,0.924561,0,0,8,2,0,0,2,20.70380212609264,40.54514853954838,32.83139632811184,0.0,0.0,0.1012658227848101,0.0,0.0
1341,2,0,0,18.073,106,178,300000,300000,-1,427864,未知,Call,53752320,2825.25,Pharmaceuticals,-1,B,Consigner,274373,7.410585,0.887722,1530000000,21.22858,0.972492,0,0,15,0,6,0,2,36.14329446399336,75.72709977879157,37.641990060787286,163.30068855149273,0.2692307692307692,0.2073170731707317,0.52,0.5474358974358975
1342,2,0,0,452.79,190,187,108226,44156,-1,-46776,Pickup Error,Call,776828,1376.28,Dried Groceries,-1,B,Receiver,27170,43.23755,0.992748,222585,24.78187,0.948692,3,0,5,1,6,0,2,73.48402451815683,71.38613126413931,0.0,44.46754714754112,0.1560693641618497,0.1777777777777777,0.0,1.0
1343,3,0,0,586.611,0,187,171044,86952,-1,427231,未知,Call,-59766,120.77,Household Goods,0,B,Consigner,80273,34.44499,0.985145,404851,16.77417,0.981135,0,0,11,0,0,0,2,57.22795965470159,71.38613126413931,0.175636627077052,118.646977478665,0.1678082191780822,0.1777777777777777,0.0,0.0
1344,2,0,0,0.0,203,125,199261,82841,-1,32836,Suspected Lost,Call,-20075,118.41,Miscellaneous Goods,0,C,Receiver,526340,0.0,0.998323,1538160,0.0,0.991764,5,0,14,1,0,0,2,77.98200428949028,73.66751450015366,70.13925554206644,10.164079475239486,0.0,0.1523809523809524,0.2222222222222222,0.0
1345,2,1,0,31.87,309,192,210274,214869,-1,427794,Suspected Lost,Call,-79980,412.84,"Apparel, Footwear & Accessories",0,B,Consigner,354826,4.600952,0.991809,793786,3.724563,0.991541,5,0,1,0,0,0,2,149.60386696145503,82.7288345540081,15.726402533319122,10.200760760794232,0.2777777777777778,0.1,0.0,1.0
1346,6,0,0,1185.144,210,42,122113,142059,-1,427743,未知,Call,241824,1958.37,Dried Groceries,-1,B,Unknown,151210,59.35429,0.990942,53585,69.15661,0.993023,0,0,5,3,4,0,2,36.96542033785124,47.89018349830656,7.199206428169957,0.9946360424758298,0.0,0.0571428571428571,0.0,0.0
1347,2,1,0,814.839,116,134,191996,144946,-1,427827,未知,Internal Software,50020,308.32,Maternity & Baby Products,-1,C,Consigner,1268574,10.60058,0.974716,869210,9.455058,0.937421,0,2,13,0,2,0,2,6.019370733152779,46.10167247042128,0.0,2.286497072069199,0.1111111111111111,0.0869565217391304,0.0,0.0
1348,2,1,1,22.92,35,112,161906,300000,-1,-163215,Suspected Lost,Call,909000000,1946.45,Miscellaneous Goods,-1,C,Consigner,117222,45.35189,0.996325,560000000,10.41928,0.955508,5,0,14,0,6,0,2,152.40424014651626,102.38596657017575,140.98470779763628,163.30068855149273,0.4761904761904761,0.4,0.217391304347826,0.5474358974358975
1349,2,0,0,113.428,25,215,86132,312000,-1,427852,Damage,Call,567772,246.34,Documents & Bills,-1,Not Known,Receiver,821406,13.0655,0.999199,38342,22.56408,0.994665,1,0,4,1,5,0,2,88.8237010925776,76.55751163645215,12.76154456816232,41.84546013191607,0.1843137254901961,0.1515151515151515,0.0,0.5
1350,2,0,1,24.864,13,104,92621,282580,-1,427864,Suspected Lost,Internal Software,876503,191.68,Furniture,-1,B,Receiver,1062922,0.734218,0.954536,872289,0.0,0.980229,5,2,8,1,6,0,2,117.72169897217258,21.728510570447654,0.0,0.0,0.2748538011695906,0.1666666666666666,0.0,0.0
1351,2,0,0,8.055,190,0,185442,428006,-1,427793,Suspected Lost,Call,1304639,283.34,Miscellaneous Goods,0,C,Consigner,509858,9.341477,0.979915,865260,0.0,0.983515,5,0,14,0,6,0,2,73.48402451815683,75.01688402479252,7.555296856810245,0.0,0.1560693641618497,0.1507692307692307,0.0,0.0
1352,2,0,0,511.699,0,268,205604,300000,-1,423729,Pickup Error,Call,877000000,1198.43,"Apparel, Footwear & Accessories",-1,B,Staff,34111,27.14839,0.989035,375000000,45.00687,0.942997,3,0,1,2,6,0,2,57.22795965470159,130.15540902762945,61.82169041782026,163.30068855149273,0.1678082191780822,0.2727272727272727,0.4166666666666667,0.5474358974358975
1353,2,0,0,199.844,247,37,183889,149424,-1,427845,未知,Call,-72988,652.48,Miscellaneous Goods,0,B,Receiver,314631,9.045081,0.991375,67441,10.62155,0.954621,0,0,14,1,0,0,2,32.91556462230818,71.26297526452987,83.80393880479427,0.0,0.0526315789473684,0.2033898305084746,0.2442307692307692,0.0
1354,2,1,1,457.699,56,221,184209,69490,1,427742,Suspected Lost,Internal Software,-67064,110.88,Household Goods,0,B,Receiver,852074,9.721871,0.976647,676529,3.12256,0.986836,5,2,11,1,0,0,2,56.811578165689504,124.92080405843552,207.5233372303657,51.744508456338096,0.0833333333333333,0.3333333333333333,0.4375,0.0
1355,1,0,0,0.217,111,27,213517,448581,1,427861,未知,Internal Software,-79132,103.04,Appliances,-1,C,Consigner,8945,18.12346,0.996132,687767,0.0,0.987066,0,2,2,0,0,0,2,55.72588842983137,64.72765369509243,,11.317861365955055,0.0384615384615384,0.4545454545454545,,0.0
1356,2,0,1,2.469,147,211,138144,78256,-1,-81815,未知,Call,-33202,119.61,Fresh,0,C,Consigner,164465,29.00957,0.958338,123410,35.54808,0.995615,0,0,7,0,0,1,0,45.57215363038746,74.44213332427378,91.51978877517804,0.0,0.2,0.2777777777777778,0.0,0.0
1357,5,1,0,3.871,125,243,40587,439310,-1,427835,未知,Call,214681,182.45,Miscellaneous Goods,-1,C,Consigner,397748,21.37642,0.905254,596742,19.22098,0.961819,0,0,14,0,4,0,2,70.23909957621414,61.478185686911466,0.0,0.5329240035842865,0.0793650793650793,0.0625,0.0,0.0
1358,2,0,0,299.972,173,118,226651,177796,-1,44006,未知,Internal Software,-81556,827.86,Dried Groceries,0,C,Receiver,8420,0.0,0.828023,103748,4.712399,0.974991,0,2,5,1,0,0,2,144.66956521279226,87.17605904958299,0.0,75.74650371367177,0.2222222222222222,0.0833333333333333,0.0,0.0
1359,2,0,0,120.448,3,244,97672,144524,-1,427814,未知,Call,-74242,267.76,Jewelry,0,C,Consigner,519219,3.523533,0.914219,215363,0.794679,0.972775,0,0,12,0,0,0,2,41.966021036266106,48.83952358528552,0.0,0.0,0.1538461538461538,0.1923076923076923,0.0,0.0
1360,2,0,0,1654.018,169,33,227346,300000,-1,-14547,Pickup Error,,769000000,864.69,Electronic Product,-1,C,Receiver,75838766,67.20867,0.873352,91507561,103.9966,0.998651,3,5,6,1,6,0,2,79.91551653024653,36.78825873504067,93.95808297694902,163.30068855149273,0.4285714285714285,0.3225806451612903,0.2585987261146497,0.5474358974358975
1361,2,1,0,0.0,42,257,153761,448165,-1,427786,未知,Call,1072293,162.73,Alcohol,0,B,Receiver,367408,0.0,0.995955,518699,3.584637,0.961538,0,0,0,1,6,0,2,106.19017586084024,188.1296835034576,76.71150369918685,4.413397470449198,0.145631067961165,0.2307692307692307,0.0,0.0
1362,2,0,0,906.67,197,219,223242,232780,-1,58893,未知,Mini Program,-24720,100.95,Beauty & Daily Essentials,-1,Not Known,Consigner,68092,12.11329,0.940452,208723,0.0,0.989897,0,4,3,0,0,0,2,69.0135805405548,77.51992483992979,0.0,0.0,0.1162790697674418,0.2,0.0,0.0
1363,2,0,0,39.445,2,120,199334,4853,-1,427824,未知,Call,142576,620.8,Jewelry,0,C,Consigner,5031,45.63679,0.99806,65616,20.33219,0.999694,0,0,12,0,3,0,2,56.04468495785089,58.82366816997872,16.48642277633066,0.0,0.0935960591133004,0.2352941176470588,0.0,0.0
1364,2,1,0,0.0,187,142,176871,241670,-1,148414,未知,Internal Software,-59030,116.5,Hardware,-1,C,Consigner,656641,9.705133,0.840214,309011,16.14854,0.978414,0,2,9,0,0,0,2,50.57901513935886,32.47128749327333,0.0,0.0,0.1261261261261261,0.0833333333333333,0.0,0.0
1365,5,1,0,26.563,62,3,128617,159649,-1,427863,Suspected Lost,Internal Software,1286913,231.37,Furniture,-1,B,Consigner,642165,9.229459,0.999032,1129869,1.112569,0.995433,5,2,8,0,6,0,2,59.10241917250735,63.81099393925928,0.0,3.2511502977855686,1.0,0.1170212765957446,0.0,0.0
1366,2,1,0,158.366,58,90,227346,418289,-1,427864,Pickup Error,Call,970491,276.05,Maternity & Baby Products,0,B,Consigner,508808,42.75806,0.937098,100781,22.48405,0.999088,3,0,13,0,6,0,2,56.49645910069927,48.608787432873726,93.95808297694902,13.130491759211036,0.6,0.1724137931034483,0.2585987261146497,0.0
1367,2,0,0,1734.87,178,117,224826,273280,-1,427861,未知,Internal Software,-37327,1364.38,"Apparel, Footwear & Accessories",1,Not Known,Consigner,140240,115.0872,0.989766,26162,35.27579,0.960057,0,2,1,0,0,0,2,59.71452989301516,66.62484724143525,52.8716761853076,71.92178301093355,0.1660079051383399,0.0689655172413793,0.0909090909090909,0.0
1368,2,1,0,112.218,99,151,227346,300000,-1,427864,Pickup Error,Vendor Consultation,752000000,3492.75,Dried Groceries,-1,Not Known,Consigner,68670587,15.03069,0.930225,9457394,4.011078,0.983633,3,6,5,0,6,0,2,65.94900544613762,62.91307713975876,93.95808297694902,163.30068855149273,0.211864406779661,0.1176470588235294,0.2585987261146497,0.5474358974358975
1369,2,0,0,149.07,1,312,223697,139529,-1,427863,未知,Internal Software,2962232,111.31,Pharmaceuticals,0,B,Unknown,38487,23.7852,0.998733,13988,23.85424,0.999713,0,2,15,3,6,0,2,69.06443164317325,11.59545355040523,0.0,431.37,0.1802721088435374,0.0,0.0,0.0
1370,2,0,0,1087.467,131,178,190863,307712,-1,427860,Damage,Call,881751,1241.56,Home Improvement and Building Material,-1,B,Consigner,1063437,30.75138,0.97733,202144,13.43293,0.968588,1,0,10,0,6,0,2,25.28414948621409,75.72709977879157,0.0,8.040447869130446,0.3529411764705882,0.2073170731707317,0.0,0.0
1371,3,1,0,146.432,100,117,82387,49478,-1,58667,Pickup Error,Internal Software,-55611,234.03,Dried Groceries,0,B,Consigner,4138,58.59427,0.997017,71631,80.12185,0.989362,3,2,5,0,0,0,2,57.27817095022288,66.62484724143525,25.94230953049805,0.0,0.1162790697674418,0.0689655172413793,0.5,0.0
1372,2,1,0,92.522,96,25,147127,173793,-1,427705,Pickup Error,Call,335901,590.11,Fresh,0,Not Known,Unknown,712467,62.08041,0.957111,774118,15.93944,0.96188,3,0,7,3,5,1,1,94.34474150468614,58.087333342513965,3.272144082456789,356.1166978051363,0.1764705882352941,0.14,0.5,0.3333333333333333
1373,3,0,0,515.949,162,116,222881,151227,-1,427678,Pickup Error,Call,-15658,688.66,Household Goods,0,B,Consigner,1471,117.2299,0.996833,261720,13.72241,0.96168,3,0,11,0,0,0,2,85.80271992814488,0.0,115.49779051682847,0.0,0.2352941176470588,0.0,0.2142857142857142,0.0
1374,2,1,1,133.098,298,26,106131,186892,-1,427864,Damage,Call,3565871,834.0,Furniture,0,B,Receiver,8652,75.76193,0.996286,178978,23.79028,0.98067,1,0,8,1,6,0,2,23.19966110141677,68.6759562379523,10.27607429957101,9.709257079001455,0.1538461538461538,0.0769230769230769,0.0,0.0
1375,2,0,0,100.234,137,154,206692,25071,-1,427819,Pickup Error,Internal Software,9868,145.98,Miscellaneous Goods,-1,B,Consigner,1166384,9.552449,0.932623,1530531,0.860686,0.963453,3,2,14,0,2,0,2,58.18470170477054,50.479144433344814,1.4964174170372395,0.3835474940785893,0.1707317073170731,0.3076923076923077,0.0,0.0
1376,2,0,0,758.16,251,190,21719,362093,-1,427846,未知,Vendor Consultation,-81941,104.63,"Apparel, Footwear & Accessories",-1,B,Receiver,22725,88.93661,0.994815,169229,36.9126,0.958283,0,6,1,1,0,0,2,111.85858001386802,47.29286625931772,94.89744717805506,119.7402355315706,0.75,0.1052631578947368,0.5,0.0
1377,2,0,0,212.144,1,230,93642,343921,-1,174730,Handover Error,Call,367720,573.35,Hardware,0,B,Consigner,186557,60.30355,0.962904,101348,13.86715,0.99929,2,0,9,0,5,0,2,69.06443164317325,3.065234483739149,,0.0,0.1802721088435374,0.0,,0.0
1378,2,0,0,0.0,89,197,42871,204230,-1,427862,Pickup Error,Complaint,-6659,106.95,Pharmaceuticals,0,B,Receiver,13101,84.06379,0.999721,1219792,14.11481,0.993302,3,1,15,1,0,0,2,56.62852339692903,63.769979151069016,2.721855908465732,196.1526540100736,0.1,0.208955223880597,0.0,0.0
1379,2,0,0,448.267,190,88,15877,195459,-1,427851,Pickup Error,Vendor Consultation,22023,870.03,Dried Groceries,0,C,Receiver,124964,41.15679,0.99843,832139,15.97862,0.952876,3,6,5,1,2,0,2,73.48402451815683,79.74310528281981,46.97040480882532,32.01793721973094,0.1560693641618497,0.2061855670103092,0.1827956989247312,0.0
1380,2,0,0,30.458,278,2,210232,272024,-1,-136321,Pickup Error,Call,828445,135.12,Beauty & Daily Essentials,0,Not Known,Consigner,989824,8.269749,0.98588,580785,9.597676,0.969068,3,0,3,0,6,0,2,86.14768587401899,93.3192184944359,139.9140213055044,6.01392434439545,0.2307692307692307,0.1111111111111111,0.1481481481481481,0.0
1381,2,0,0,247.072,13,0,184051,121447,-1,-25251,未知,Call,60304,605.19,Furniture,-1,C,Consigner,731599,61.5603,0.979541,204264,6.215501,0.944167,0,0,8,0,2,0,2,117.72169897217258,75.01688402479252,267.25616498285734,31.70157748077531,0.2748538011695906,0.1507692307692307,0.0,0.5
1382,2,0,0,124.687,189,11,23282,137864,-1,427850,未知,Call,-12221,1263.24,Furniture,-1,B,Consigner,2226,53.93559,0.999999,57208,10.56484,0.946671,0,0,8,0,0,0,2,195.03697485801985,31.253102632101324,,164.42873271539648,0.2619047619047619,0.0476190476190476,,0.1666666666666666
1383,2,1,0,43.823,181,1,118859,289325,-1,92594,未知,Vendor Consultation,-79026,2004.18,Hardware,-1,C,Consigner,76348,22.74641,0.828995,21100,76.03656,0.987992,0,6,9,0,0,0,2,66.98420127730182,69.89628878079544,12.091425156856886,19.22346582068416,0.1568627450980392,0.12,0.0,0.3333333333333333
1384,2,0,0,0.0,226,11,69291,10787,-1,45503,未知,Call,-48741,100.2,Hardware,-1,C,Consigner,116147,3.831657,0.920278,306114,3.400645,0.953474,0,0,9,0,0,0,2,26.215935350622463,31.253102632101324,24.433412404126308,0.0,0.0,0.0476190476190476,0.0,0.0
1385,2,0,0,80.053,91,100,205296,340986,-1,427862,Pickup Error,Call,-73893,340.41,Alcohol,0,B,Receiver,55479,14.9924,0.941093,1133140,4.769069,0.928001,3,0,0,1,0,0,2,22.138572095820624,111.92654089931048,10.080985915492956,88.57171354478356,0.2307692307692307,0.1985815602836879,0.0,0.0
1386,2,0,0,5.533,147,199,172274,256304,1,44375,Pickup Error,Mini Program,314143,465.54,Miscellaneous Goods,-1,B,Consigner,92725,1.47184,0.983616,885180,23.21285,0.987271,3,4,14,0,5,0,2,45.57215363038746,65.33437063477945,51.65060418713632,0.0,0.2,0.3513513513513513,0.0,0.0
1387,2,1,0,952.299,3,264,137044,411079,-1,427853,未知,Call,1147253,592.06,Dried Groceries,0,B,Consigner,1588351,97.76414,0.98197,472173,2.664259,0.849284,0,0,5,0,6,0,2,41.966021036266106,247.92772249804216,0.0,4.630745816778439,0.1538461538461538,0.0,0.0,0.5
1388,2,0,0,48.359,63,29,194437,312000,-1,-3907,Pickup Error,Internal Software,903287,288.84,Appliances,0,C,Consigner,292,84.73829,0.996795,153082,8.43512,0.99612,3,2,2,0,6,0,2,87.51932180035882,30.86500720980986,1.0944211861286497,41.84546013191607,0.2022471910112359,0.0,0.0,0.5
1389,3,0,0,0.0,2,178,227346,156680,-1,427838,未知,Internal Software,1183390,246.75,Beauty & Daily Essentials,0,C,Consigner,1091789,15.2114,0.988907,994733,0.0,0.930616,0,2,3,0,6,0,2,56.04468495785089,75.72709977879157,93.95808297694902,0.0,0.0935960591133004,0.2073170731707317,0.2585987261146497,0.0
1390,2,0,0,73.235,32,200,124838,436137,1,55004,未知,Internal Software,-71864,212.57,Miscellaneous Goods,-1,B,Consigner,1523436,10.45679,0.990375,41667,35.88124,0.997639,0,2,14,0,0,0,2,57.76408111082597,56.43921018029192,,0.0,0.1666666666666666,0.3333333333333333,,0.0
1391,5,0,0,18.903,63,105,137790,380406,-1,157876,Pickup Error,Internal Software,144556,357.62,Electronic Product,1,C,Consigner,1096486,0.0,0.921231,509256,0.0,0.97857,3,2,6,0,3,0,2,87.51932180035882,22.47910396159198,16.02510900933162,0.0,0.2022471910112359,0.0909090909090909,0.0,0.0
1392,2,1,0,7.955,42,1,174255,127398,-1,427858,Suspected Lost,Vendor Consultation,949636,231.49,Home Improvement and Building Material,-1,B,Staff,16848,3.70937,0.979832,161132,2.560999,0.975139,5,6,10,2,6,0,2,106.19017586084024,69.89628878079544,15.944320009189068,0.5143633672120644,0.145631067961165,0.12,0.0,0.0
1393,2,0,0,122.639,100,42,183889,297826,-1,427864,Suspected Lost,Mini Program,1554816,389.13,Documents & Bills,0,C,Receiver,39254,49.45505,0.923247,97753,59.01017,0.975099,5,4,4,1,6,0,2,57.27817095022288,47.89018349830656,83.80393880479427,1.554664918813007,0.1162790697674418,0.0571428571428571,0.2442307692307692,0.0
1394,2,0,0,91.23,40,71,17929,316253,-1,-145976,未知,Internal Software,409725,625.01,Dried Groceries,-1,B,Unknown,78340,2.682301,0.977575,53426,30.98131,0.863433,0,2,5,3,5,0,2,13.814102694348689,60.78127493377559,3.079202353144736,50.54633788614905,0.3478260869565217,0.5714285714285714,0.0,0.0
1395,3,0,1,2.394,24,329,183889,440284,1,-180789,Suspected Lost,Call,318155,553.05,Home Improvement and Building Material,0,B,Unknown,5434,0.0,0.995123,630463,2.571006,0.998177,5,0,10,3,5,0,2,135.3681908873524,50.90380172087939,83.80393880479427,0.662026301278807,0.4615384615384615,0.5,0.2442307692307692,0.0
1396,2,0,0,190.647,103,1,227346,400951,-1,24999,Damage,Call,795353,207.2,Miscellaneous Goods,-1,B,Consigner,82118,6.571003,0.995884,428837,46.90939,0.960588,1,0,14,0,6,0,2,63.60914429442057,69.89628878079544,93.95808297694902,4.578934465391724,0.0769230769230769,0.12,0.2585987261146497,0.0
1397,2,0,0,129.083,39,158,27315,149060,-1,427664,未知,Call,533066,387.4,Miscellaneous Goods,-1,C,Consigner,558312,31.53052,0.967211,501337,0.589538,0.93242,0,0,14,0,5,0,2,118.98890217190385,63.91833902730377,393.02,1.0579537849966634,0.1538461538461538,0.1666666666666666,0.0,0.0
1398,2,1,0,13.62,106,0,216313,450263,-1,427754,Suspected Lost,Call,360613,105.21,Documents & Bills,-1,C,Unknown,10104,7.165422,0.994223,45766,9.936345,0.9403,5,0,4,3,5,0,2,36.14329446399336,75.01688402479252,16.407106205693722,4.523967211200064,0.2692307692307692,0.1507692307692307,0.1111111111111111,0.0
1399,2,0,0,17.471,103,13,114186,185452,-1,427863,未知,Call,146354,498.71,Jewelry,0,C,Unknown,65926,14.00341,0.966045,170235,34.43689,0.989291,0,0,12,3,3,0,2,63.60914429442057,58.69138621086622,6.130247311295039,,0.0769230769230769,0.0909090909090909,0.0,
1400,2,1,0,287.695,90,179,220693,455258,-1,427772,Pickup Error,Call,-44642,441.72,Alcohol,0,C,Consigner,216839,13.28725,0.949956,380616,12.79618,0.981691,3,0,0,0,0,0,2,70.21834052919762,49.485349035609424,1.2467033467562751,73.73312883435584,0.1290322580645161,0.17578125,0.0,0.0
1401,2,1,0,37.394,1,43,99443,400951,-1,427808,未知,Internal Software,100254,1007.08,Alcohol,-1,C,Receiver,34460,17.25073,0.994966,1238575,0.574918,0.99918,0,2,0,1,3,0,2,69.06443164317325,47.014223570793376,1.2695837495060722,4.578934465391724,0.1802721088435374,0.1428571428571428,0.0,0.0
1402,2,1,0,124.742,13,137,118559,429934,-1,427864,未知,Call,2211680,591.9,Miscellaneous Goods,0,C,Consigner,638624,27.3228,0.974874,64381,46.00187,0.974094,0,0,14,0,6,0,2,117.72169897217258,40.54514853954838,0.0,6.606943346867591,0.2748538011695906,0.1012658227848101,0.0,0.0
1403,2,0,0,18.803,309,64,183889,300000,-1,427864,Damage,Call,260000000,2811.03,"Apparel, Footwear & Accessories",-1,C,Consigner,6250205,0.0,0.950075,848000000,3.285704,0.941769,1,0,1,0,6,0,2,149.60386696145503,57.77796915034717,83.80393880479427,163.30068855149273,0.2777777777777778,0.2,0.2442307692307692,0.5474358974358975
1404,2,0,0,56.585,181,3,213266,21472,-1,427862,Damage,Internal Software,176229,1039.49,Pharmaceuticals,0,C,Receiver,517361,2.528346,0.996045,702465,10.45771,0.998858,1,2,15,1,4,0,2,66.98420127730182,63.81099393925928,2.90841211071862,0.0,0.1568627450980392,0.1170212765957446,0.0,0.0
1405,2,0,0,3.187,8,0,224785,365689,-1,-78625,Pickup Error,Mini Program,401416,180.55,Miscellaneous Goods,-1,C,Consigner,4952,48.45967,0.98848,620196,37.45009,0.999506,3,4,14,0,5,0,2,53.4968995680882,75.01688402479252,,12.600263383040064,0.12,0.1507692307692307,,0.0
1406,2,0,0,143.017,27,104,123138,304541,-1,427858,未知,Internal Software,83822,424.98,Miscellaneous Goods,-1,B,Unknown,100811,0.127897,0.896343,1179711,0.0,0.920718,0,2,14,3,2,0,2,94.032370683866,21.728510570447654,43.003328454344825,0.0,0.0983606557377049,0.1666666666666666,0.25,0.0
1407,2,0,0,198.201,236,291,223744,102098,-1,427854,未知,Call,720000000,1118.06,Jewelry,-1,C,Consigner,78105991,7.385464,0.997684,52712064,9.426995,0.998435,0,0,12,0,6,0,2,143.2185525729411,67.74750724681486,84.8128817715846,82.94170936782488,0.4666666666666667,0.4782608695652174,0.2727272727272727,0.4
1408,3,0,0,9.872,186,129,5949,203595,-1,427821,未知,Call,-78935,207.42,Appliances,-1,C,Consigner,214422,9.643447,0.978794,239229,5.138758,0.974417,0,0,2,0,0,0,2,26.671001699995884,32.940966148420515,374.6828676722536,0.0,0.0,0.2285714285714285,0.0,0.0
1409,2,0,0,125.507,42,13,146703,118182,-1,-80967,未知,Internal Software,-51902,422.5,Appliances,0,B,Unknown,18857,55.51695,0.981642,9216,58.24364,0.999669,0,2,2,3,0,0,2,106.19017586084024,58.69138621086622,0.0,33.82368344486471,0.145631067961165,0.0909090909090909,0.0,0.0
1410,2,0,0,1.987,102,71,201787,300000,1,427864,未知,Internal Software,295000000,1004.0,Alcohol,0,C,Consigner,441892,0.0,0.999939,479000000,0.0,0.997766,0,2,0,0,6,0,2,84.99396693620673,60.78127493377559,151.60579744998205,163.30068855149273,0.1518987341772152,0.5714285714285714,0.4444444444444444,0.5474358974358975
1411,2,0,0,262.442,235,148,134812,352766,1,427752,未知,Call,355343,720.82,Electronic Product,-1,B,Consigner,4814,240.8226,0.99891,147136,135.3621,0.97422,0,0,6,0,5,0,2,47.19797237469512,186.1115673147385,0.0,29.170460333472725,0.1538461538461538,0.5,0.0,0.5
1412,2,1,1,0.0,256,222,175827,348000,-1,427864,未知,Complaint,-71733,112.29,Miscellaneous Goods,0,B,Receiver,723944,0.0,0.9569,1627346,0.0,0.999171,0,1,14,1,0,0,2,63.02678114229304,77.81584876066215,2.553652877644079,0.0,0.125,0.1598173515981735,0.0,0.0
1413,2,0,0,309.742,1,70,13688,310068,-1,72454,Damage,Internal Software,-50107,148.38,Alcohol,0,B,Consigner,4858,144.6326,0.999597,63535,79.77342,0.997279,1,2,0,0,0,0,2,69.06443164317325,13.0371686741244,0.0,0.0,0.1802721088435374,0.0,0.0,0.0
1414,2,1,0,212.81,15,151,160393,437583,-1,427809,Damage,Internal Software,166345,107.14,Alcohol,0,C,Consigner,626688,38.52218,0.966405,492135,5.908107,0.913211,1,2,0,0,3,0,2,80.35899212714475,62.91307713975876,7.681459394330086,2.256858017853652,0.0909090909090909,0.1176470588235294,0.0,0.0
1415,2,0,0,220.811,152,222,172836,341894,-1,18034,未知,Call,451540,100.04,Dried Groceries,-1,Not Known,Consigner,392567,5.13888,0.966387,235613,0.0,0.967829,0,0,5,0,5,0,2,97.86133232302556,77.81584876066215,,,0.2702702702702703,0.1598173515981735,,
1416,2,0,1,159.29,165,203,15877,345655,-1,1485,未知,Call,13069,704.06,Miscellaneous Goods,-1,B,Unknown,1225615,43.21085,0.839348,574295,4.273079,0.966361,0,0,14,3,2,0,2,17.28062430122183,73.82922603912272,46.97040480882532,42.49041137608107,0.0,0.25,0.1827956989247312,0.0
1417,2,0,0,4.087,164,21,193778,371405,-1,427735,Suspected Lost,Call,3425223,361.49,Furniture,-1,Not Known,Receiver,41289,51.06521,0.983931,44130,54.43691,0.998321,5,0,8,1,6,0,2,59.72498410518864,34.92133679953262,0.0,3.878136630911384,0.1617647058823529,0.2727272727272727,0.0,0.0
1418,2,0,0,428.44,100,268,193650,188329,-1,427837,Pickup Error,Call,-14800,770.02,Miscellaneous Goods,0,B,Consigner,25973,72.8525,0.993688,88534,28.95688,0.896376,3,0,14,0,0,0,2,57.27817095022288,130.15540902762945,48.10227495989376,0.0,0.1162790697674418,0.2727272727272727,0.25,0.0
1419,2,0,0,113.514,28,135,82024,285456,-1,427864,未知,Call,-81545,715.76,Dried Groceries,-1,B,Consigner,898076,0.92827,0.948369,1243565,1.731623,0.991064,0,0,5,0,0,0,2,13.882312037163258,125.17131951667804,0.0,102.50992275186768,0.0,0.3414634146341463,0.0,0.0
1420,2,0,0,50.643,0,31,62582,427226,-1,-78799,Damage,Call,-11499,126.87,Miscellaneous Goods,0,B,Consigner,1453236,12.45664,0.874899,184585,2.322584,0.987978,1,0,14,0,0,0,2,57.22795965470159,64.94709665704212,0.0,,0.1678082191780822,0.1379310344827586,0.0,
1421,2,1,0,481.252,25,1,51501,187020,1,427861,Pickup Error,Internal Software,-80388,1100.29,Miscellaneous Goods,-1,B,Unknown,1847100,7.715883,0.973523,360045,1.179887,0.992665,3,2,14,3,0,0,2,88.8237010925776,69.89628878079544,17.211993158265418,148.65755279370393,0.1843137254901961,0.12,0.0,0.0
1422,2,0,0,0.0,27,198,151243,284294,-1,427847,Pickup Error,Internal Software,446772,130.34,Miscellaneous Goods,1,Not Known,Consigner,209309,5.724997,0.99597,474548,17.65496,0.959551,3,2,14,0,5,0,2,94.032370683866,27.951849133840675,0.0,12.575595527467184,0.0983606557377049,0.09375,0.0,0.0
1423,2,0,0,251.013,145,38,13070,326821,-1,427805,未知,Call,-74831,486.22,Miscellaneous Goods,-1,B,Consigner,5012,2.185388,0.999873,63930,35.58892,0.993262,0,0,14,0,0,0,2,69.30729146363558,37.71779182770192,33.15735296063131,146.15020660390536,0.1590909090909091,0.125,0.0,0.2857142857142857
1424,2,0,0,834.308,47,151,217103,300000,-1,427864,未知,Call,125000000,2895.66,Documents & Bills,0,B,Receiver,188000000,84.63657,0.988859,74859729,64.02377,0.974501,0,0,4,1,6,0,2,42.58914280906974,62.91307713975876,62.9717255612148,163.30068855149273,0.24,0.1176470588235294,0.6,0.5474358974358975
1425,1,0,0,58.761,4,0,204154,417450,-1,-90000,Suspected Lost,Call,180908,676.65,"Apparel, Footwear & Accessories",0,B,Receiver,123820,14.03405,0.966618,218537,50.55867,0.974497,5,0,1,1,4,0,2,60.02737754693536,75.01688402479252,2.9252227402018502,56.1411889596603,0.1592356687898089,0.1507692307692307,0.0,0.0
1426,2,1,0,463.471,0,34,214956,162279,-1,-12920,未知,Call,347070,739.86,Appliances,0,C,Consigner,223249,37.64201,0.98666,182013,14.57155,0.983614,0,0,2,0,5,0,2,57.22795965470159,62.51602380669991,0.0,0.0,0.1678082191780822,0.3157894736842105,0.0,0.0
1427,2,0,0,490.071,82,278,4771,292110,-1,427862,未知,Call,-12335,1372.82,Dried Groceries,0,B,Receiver,700523,59.21304,0.947986,69591,14.3208,0.860352,0,0,5,1,0,0,2,17.278540115103553,46.0922146974701,3.662800809618717,16.642056178527813,0.3333333333333333,0.0434782608695652,1.0,0.0
1428,2,0,0,203.355,100,68,85238,358569,-1,4687,Pickup Error,Call,1163208,1079.17,Hardware,0,Not Known,Consigner,39155,84.14954,0.994484,213387,10.34655,0.941428,3,0,9,0,6,0,2,57.27817095022288,106.21105813841784,0.0,0.0,0.1162790697674418,0.0,0.0,0.0
1429,5,1,0,17.787,91,182,108150,137096,-1,427812,未知,Vendor Consultation,71607,449.3,Appliances,-1,C,Unknown,234005,0.931113,0.992837,357049,2.29016,0.971563,0,6,2,3,2,0,2,22.138572095820624,118.74044016391558,0.0,25.297156837233015,0.2307692307692307,0.3,0.0,0.0
1430,2,0,0,80.338,25,1,15877,246650,-1,-46950,Pickup Error,Call,2700235,164.64,Hardware,0,C,Consigner,5785,28.68809,0.908378,203079,28.29656,0.985544,3,0,9,0,6,0,2,88.8237010925776,69.89628878079544,46.97040480882532,121.90701006294256,0.1843137254901961,0.12,0.1827956989247312,0.0
1431,2,1,0,365.031,88,320,211045,19210,-1,427801,未知,Call,325886,1155.16,Fresh,0,Not Known,Consigner,237655,21.37311,0.966378,255436,26.34079,0.975716,0,0,7,0,5,1,1,116.52863038936586,144.68713961273087,61.94321966693101,2.2516381591271784,0.0925925925925925,0.5,0.0,0.0
1432,2,0,0,210.726,100,319,173748,104383,-1,-44397,未知,Internal Software,-11489,883.98,Hardware,-1,C,Receiver,121046,0.0,0.997465,1856629,0.0,0.949786,0,2,9,1,0,0,2,57.27817095022288,150.86048986331326,,0.0,0.1162790697674418,0.275,,0.0
1433,2,0,0,98.236,264,0,124901,162524,-1,427857,Pickup Error,Internal Software,-55951,655.44,Miscellaneous Goods,-1,B,Receiver,270185,41.35113,0.995149,374439,72.95527,0.999816,3,2,14,1,0,0,2,10.196754333140523,75.01688402479252,0.0,104.07,0.0,0.1507692307692307,0.0,0.0
1434,2,0,0,0.0,190,151,211520,391011,-1,-122063,Damage,Call,237964,1268.64,Fresh,0,B,Unknown,111002,9.957728,0.998561,82084,69.35494,0.987766,1,0,7,3,4,1,1,73.48402451815683,62.91307713975876,171.97748481541532,0.0,0.1560693641618497,0.1176470588235294,0.125,0.0
1435,2,0,0,103.209,157,67,183889,453554,-1,427861,未知,Internal Software,119973,207.12,Alcohol,0,B,Unknown,414242,20.94024,0.96,33613,18.43361,0.991545,0,2,0,3,3,0,2,52.75232409840045,20.96220950079605,83.80393880479427,0.0,0.2391304347826087,0.0,0.2442307692307692,0.0
1436,2,0,0,197.383,102,98,114529,34068,-1,427843,Damage,Call,139312,1044.96,Dried Groceries,1,B,Consigner,440305,42.5446,0.976917,99664,23.05032,0.992269,1,0,5,0,3,0,2,84.99396693620673,65.32592348952949,2.128796678621594,20.70849185724275,0.1518987341772152,0.0638297872340425,0.0,0.0
1437,2,0,0,257.437,14,1,188777,10867,-1,427854,Damage,Vendor Consultation,236815,1158.32,Furniture,-1,B,Consigner,822645,43.06527,0.949898,27553,24.62997,0.998043,1,6,8,0,4,0,2,46.7451960537384,69.89628878079544,12.783269534664282,0.0,0.0555555555555555,0.12,0.0,0.0
1438,2,0,0,210.684,232,135,64307,300000,1,427864,未知,Call,579000000,3962.47,Pharmaceuticals,0,B,Consigner,177951,1.651976,0.982436,747576,26.04786,0.990616,0,0,15,0,6,0,2,47.355810569472624,125.17131951667804,19.086678377087647,163.30068855149273,0.4210526315789473,0.3414634146341463,0.1538461538461538,0.5474358974358975
1439,2,0,0,1.972,151,264,218234,236252,-1,427825,Pickup Error,Call,334929,306.1,"Apparel, Footwear & Accessories",-1,B,Consigner,788662,5.66452,0.873297,547183,0.651014,0.977744,3,0,1,0,5,0,2,55.000321274151965,247.92772249804216,90.07393570343464,0.0,0.0828402366863905,0.0,0.0,0.0
1440,2,0,0,3.177,55,178,227346,263807,-1,427843,Damage,Call,2070737,552.53,Household Goods,0,Not Known,Consigner,373944,23.70248,0.99211,434195,0.429954,0.925942,1,0,11,0,6,0,2,35.60364621033194,75.72709977879157,93.95808297694902,2.423141408831436,0.1212121212121212,0.2073170731707317,0.2585987261146497,0.0
1441,2,0,0,296.21,105,1,192286,379031,-1,-88561,Pickup Error,Call,-49693,130.94,Appliances,-1,C,Consigner,445737,30.47487,0.996481,175672,20.05387,0.993681,3,0,2,0,0,0,2,20.905244322916747,69.89628878079544,0.0,55.739320695685855,0.0909090909090909,0.12,0.0,0.1428571428571428
1442,2,0,0,253.169,181,110,176509,75094,-1,8777,未知,Call,-25201,123.94,Hardware,0,B,Consigner,271279,71.58987,0.9998,403234,9.479017,0.953953,0,0,9,0,0,0,2,66.98420127730182,63.258594293395895,0.9969379818248052,,0.1568627450980392,0.1219512195121951,0.0,
1443,2,0,0,18.821,246,190,215052,184129,-1,-12785,Damage,Internal Software,236402,149.57,Miscellaneous Goods,0,B,Consigner,1940,7.618366,0.999703,19654,54.11878,0.972341,1,2,14,0,4,0,2,87.28839398654806,47.29286625931772,0.0,0.380598897711933,0.1666666666666666,0.1052631578947368,0.0,0.0
1444,2,1,0,0.72,151,134,193650,165309,-1,427851,Damage,Vendor Consultation,931168,1425.14,Dried Groceries,-1,Not Known,Unknown,745141,22.50315,0.92253,740340,11.33566,0.957573,1,6,5,3,6,0,2,55.000321274151965,46.10167247042128,48.10227495989376,2.2189587681427643,0.0828402366863905,0.0869565217391304,0.25,0.5
1445,2,1,0,1247.277,220,3,188562,432205,-1,427842,Damage,Call,727459,874.03,Appliances,0,C,Consigner,468906,15.68017,0.998347,61014,24.68941,0.932029,1,0,2,0,6,0,2,72.30195311537067,63.81099393925928,13.256705186604082,0.0,0.1304347826086956,0.1170212765957446,0.3076923076923077,0.0
1446,2,0,0,159.85,4,103,54888,158971,-1,427845,未知,Internal Software,66179,444.32,Miscellaneous Goods,-1,B,Consigner,17953,9.786391,0.960563,1023368,12.08043,0.993698,0,2,14,0,2,0,2,60.02737754693536,65.94505261935754,1.9894168975885855,5.034230589699704,0.1592356687898089,0.1111111111111111,0.0,0.0
1447,2,0,0,540.061,43,1,89593,80395,-1,427625,未知,Call,47997,794.44,Miscellaneous Goods,-1,C,Consigner,7116,24.34064,0.999136,215050,25.57515,0.998756,0,0,14,0,2,0,2,71.58077320943575,69.89628878079544,9.609608617356969,1.4751217671270034,0.075,0.12,0.0,0.0
1448,3,0,0,232.989,99,143,169968,137827,-1,427844,Damage,,1398471,575.11,Jewelry,-1,B,Consigner,383213,18.90886,0.993208,124387,3.9614,0.898461,1,5,12,0,6,0,2,65.94900544613762,101.9632107476282,7.326241848620928,14.760955453260358,0.211864406779661,0.2075471698113207,0.5,0.0
1449,2,0,0,0.746,145,151,227346,373657,-1,36012,未知,Internal Software,-76289,139.26,Appliances,-1,C,Receiver,722613,0.0,0.893247,1098459,0.0,0.982149,0,2,2,1,0,0,2,69.30729146363558,62.91307713975876,93.95808297694902,44.64170359798693,0.1590909090909091,0.1176470588235294,0.2585987261146497,0.0
1450,3,0,0,5.928,223,244,187623,30592,-1,-55372,未知,Internal Software,-758,128.75,Hardware,-1,C,Consigner,1172615,1.158621,0.650841,426347,0.329399,0.936607,0,2,9,0,0,0,2,0.6670873724968165,48.83952358528552,,,0.0,0.1923076923076923,,
1451,2,0,0,65.876,0,143,27766,165548,-1,427597,Damage,Vendor Consultation,151889,483.03,Beauty & Daily Essentials,-1,C,Receiver,249935,17.8734,0.988336,390446,0.143803,0.983069,1,6,3,1,3,0,2,57.22795965470159,101.9632107476282,126.2829682622968,68.24280163047327,0.1678082191780822,0.2075471698113207,0.1875,0.25
1452,2,0,0,428.855,41,354,118026,74381,-1,-161163,Damage,Call,709665,838.89,"Apparel, Footwear & Accessories",-1,C,Consigner,620828,16.83131,0.884156,22566,57.7259,0.983575,1,0,1,0,6,0,2,15.195521366333276,9.573291551504283,0.0,,0.125,0.0,0.0,
1453,2,0,0,549.188,142,56,177391,108739,-1,427816,未知,Call,215911,813.79,Beauty & Daily Essentials,1,C,Receiver,2525,124.3155,0.999862,35853,83.33374,0.993777,0,0,3,1,4,0,2,91.575345523678,9.118982064482928,0.0,0.3366569547670232,0.1756756756756756,0.4444444444444444,0.0,0.0
1454,2,0,0,182.518,77,344,129386,274398,-1,427846,未知,Call,-62566,404.4,Dried Groceries,-1,C,Staff,56974,138.7141,0.970992,52348,48.7753,0.98931,0,0,5,2,0,0,2,90.360561198532,39.2423650364136,1.4690197017564868,3.238337024849785,0.0,0.32,0.0,0.0
1455,2,0,0,81.105,58,20,78045,10728,-1,427861,Suspected Lost,Call,-82052,555.21,Miscellaneous Goods,-1,C,Receiver,453376,24.44404,0.975193,778409,38.02038,0.999796,5,0,14,1,0,0,2,56.49645910069927,37.02322078222722,2.344434611814984,0.0,0.6,0.1428571428571428,1.0,0.0
1456,3,0,0,6.075,91,1,193650,296558,-1,-69709,Pickup Error,Call,-28420,688.53,Hardware,0,C,Consigner,117442,11.09213,0.979364,541564,8.90404,0.985221,3,0,9,0,0,0,2,22.138572095820624,69.89628878079544,48.10227495989376,45.018880866803634,0.2307692307692307,0.12,0.25,0.3333333333333333
1457,2,0,0,103.915,190,178,190513,363691,-1,427864,未知,Call,-78812,145.15,Miscellaneous Goods,0,C,Consigner,275540,22.07562,0.950209,814265,3.941239,0.957832,0,0,14,0,0,0,2,73.48402451815683,75.72709977879157,0.0,2.1631544546393484,0.1560693641618497,0.2073170731707317,0.0,0.0
1458,2,0,0,131.056,144,14,227346,254873,-1,68910,Damage,Internal Software,151477,384.09,Hardware,0,B,Unknown,518450,75.89878,0.989356,67866,115.0443,0.968987,1,2,9,3,3,0,2,117.82362942315469,62.29691250575112,93.95808297694902,19.97330852013592,0.1333333333333333,0.125,0.2585987261146497,0.25
1459,2,0,0,607.356,190,128,190904,222938,-1,427863,Damage,Call,536140,2537.47,Miscellaneous Goods,0,C,Unknown,84,0.390103,0.997607,9419,35.91598,0.979061,1,0,14,3,5,0,2,73.48402451815683,33.50686422306136,0.0,2.747011328961306,0.1560693641618497,0.1428571428571428,0.0,0.0
1460,2,0,0,56.656,99,350,149702,403170,-1,427859,未知,Call,169466,962.64,Alcohol,1,C,Receiver,238375,80.65838,0.994054,323285,8.337611,0.999349,0,0,0,1,3,0,2,65.94900544613762,9.079521678213355,,0.0,0.211864406779661,0.0,,0.0
1461,2,0,0,61.041,76,257,148748,381045,-1,427842,未知,Call,-30479,172.49,"Apparel, Footwear & Accessories",-1,C,Consigner,38062,3.387464,0.991932,1723973,0.078043,0.970107,0,0,1,0,0,0,2,69.88780449033361,188.1296835034576,12.895938651217667,0.0,0.28125,0.2307692307692307,0.0,0.0
1462,2,0,0,79.922,102,178,199668,405431,-1,-107992,未知,Call,125879,152.43,Furniture,-1,B,Consigner,420765,51.10912,0.986008,459823,37.87398,0.907779,0,0,8,0,3,0,2,84.99396693620673,75.72709977879157,13.218014694667684,,0.1518987341772152,0.2073170731707317,0.0,
1463,2,0,0,796.758,0,146,224332,317546,-1,427864,未知,Call,-62737,1595.47,Documents & Bills,-1,C,Consigner,200974,157.0645,0.996264,383718,11.39522,0.966303,0,0,4,0,0,0,2,57.22795965470159,100.44850004559429,4.480783247051931,,0.1678082191780822,0.1071428571428571,0.0,
1464,2,1,0,381.059,42,76,72009,360091,-1,-24286,未知,Internal Software,462563,747.19,Jewelry,0,B,Consigner,24576,21.89452,0.983369,414753,23.01167,0.976414,0,2,12,0,5,0,2,106.19017586084024,104.46696466604024,88.98416554029349,7.4098638674978,0.145631067961165,0.3043478260869565,0.3333333333333333,0.0
1465,2,0,0,123.327,2,114,10288,318435,-1,427726,Damage,Internal Software,491987,733.44,Home Improvement and Building Material,-1,Not Known,Receiver,1331,3.266382,0.978813,1084823,1.839855,0.940735,1,2,10,1,5,0,2,56.04468495785089,32.542608500339675,10.868802217626111,20.663046604516747,0.0935960591133004,0.0909090909090909,0.0,0.0
1466,2,0,0,0.092,151,39,227346,367035,-1,427858,未知,Internal Software,532467,101.12,Alcohol,-1,C,Consigner,153272,27.98308,0.992731,258255,0.0,0.959315,0,2,0,0,5,0,2,55.000321274151965,44.92391936878398,93.95808297694902,0.0,0.0828402366863905,0.0,0.2585987261146497,0.0
1467,1,1,0,23.988,24,151,108697,200953,-1,427864,Pickup Error,Call,488318,145.72,"Apparel, Footwear & Accessories",-1,B,Receiver,35259,13.78874,0.992121,87710,69.96677,0.927758,3,0,1,1,5,0,2,135.3681908873524,62.91307713975876,1.3119881659968455,0.0,0.4615384615384615,0.1176470588235294,0.0,0.0
1468,2,0,0,838.975,226,268,18414,404314,-1,45268,未知,Call,-63529,739.2,Hardware,-1,C,Receiver,61832,3.92886,0.965286,139566,30.52945,0.952963,0,0,9,1,0,0,2,26.215935350622463,130.15540902762945,4.104991891481951,0.0,0.0,0.2727272727272727,0.0,0.0
1469,2,0,0,0.0,179,268,13855,254364,-1,427846,未知,Call,8695,1664.41,Miscellaneous Goods,-1,C,Consigner,146004,0.478082,0.968084,1511180,0.0,0.927449,0,0,14,0,2,0,2,56.8349237193444,130.15540902762945,252.49836284503536,95.86448836722532,0.1497584541062802,0.2727272727272727,0.3181818181818182,0.0
1470,2,1,0,553.758,1,108,79489,97667,-1,427864,未知,Mini Program,531829,677.69,Miscellaneous Goods,0,B,Consigner,214041,6.29341,0.985625,58157,98.73348,0.997821,0,4,14,0,5,0,2,69.06443164317325,84.18931730634625,2.916450834781341,0.0,0.1802721088435374,0.16,0.0,0.0
1471,3,0,0,26.695,44,165,122990,350564,-1,71874,Pickup Error,Vendor Consultation,185593,395.04,Miscellaneous Goods,0,B,Receiver,356959,20.73458,0.89268,219284,48.36257,0.9913,3,6,14,1,4,0,2,54.68123268224992,12.058791888583432,0.0,1.1674243921985548,0.1818181818181818,0.0,0.0,1.3333333333333333
1472,2,0,0,734.069,0,4,183889,212899,-1,101222,Damage,Call,611957,255.41,Household Goods,-1,C,Consigner,28729,44.53246,0.991461,11224,65.28939,0.99263,1,0,11,0,6,0,2,57.22795965470159,81.2740685764068,83.80393880479427,80.54197037289836,0.1678082191780822,0.2439024390243902,0.2442307692307692,0.3103448275862069
1473,2,0,0,77.475,220,38,227346,436934,-1,427859,未知,Call,16481,931.11,Alcohol,-1,C,Unknown,444812,0.0,0.992132,269156,67.44241,0.913771,0,0,0,3,2,0,2,72.30195311537067,37.71779182770192,93.95808297694902,5.188786957848654,0.1304347826086956,0.125,0.2585987261146497,0.0
1474,2,0,0,65.567,95,125,183889,300000,-1,427864,未知,Internal Software,957000000,1915.53,Household Goods,-1,C,Consigner,1151727,46.2074,0.983504,7331000,25.07786,0.97735,0,2,11,0,6,0,2,81.89649653587233,73.66751450015366,83.80393880479427,163.30068855149273,0.3333333333333333,0.1523809523809524,0.2442307692307692,0.5474358974358975
1475,2,0,0,0.0,151,187,222142,137864,-1,427789,Pickup Error,Mini Program,856852,204.97,Miscellaneous Goods,0,Not Known,Consigner,623821,31.53272,0.979514,264548,13.78875,0.97792,3,4,14,0,6,0,2,55.000321274151965,71.38613126413931,155.27,164.42873271539648,0.0828402366863905,0.1777777777777777,1.0,0.1666666666666666
1476,2,0,1,45.667,253,2,149756,364266,-1,427803,未知,Internal Software,-47625,456.68,Miscellaneous Goods,0,B,Consigner,490833,2.005716,0.949772,174234,56.33236,0.987237,0,2,14,0,0,0,2,63.03159537877947,93.3192184944359,1.257661600177132,0.0,0.1228070175438596,0.1111111111111111,0.0,0.0
1477,2,0,0,150.949,179,178,4704,42624,-1,427846,未知,Vendor Consultation,572821,181.28,Appliances,0,C,Consigner,1954,12.09104,0.995262,541377,21.62461,0.983954,0,6,2,0,5,0,2,56.8349237193444,75.72709977879157,83.96094219309775,0.2863884571916622,0.1497584541062802,0.2073170731707317,0.5,0.0
1478,2,0,0,6.455,365,320,15877,245678,-1,-164021,未知,Call,192402,107.4,"Apparel, Footwear & Accessories",0,C,Consigner,365756,6.455775,0.991481,453919,13.33551,0.940879,0,0,1,0,4,0,2,37.278575072205086,144.68713961273087,46.97040480882532,0.5205444763628514,0.0769230769230769,0.5,0.1827956989247312,2.0
1479,2,0,0,375.952,0,96,183889,300000,1,140636,Suspected Lost,Internal Software,788000000,2270.99,Fresh,-1,C,Unknown,27802828,55.06181,0.935876,72694861,101.6376,0.999335,5,2,7,3,6,1,1,57.22795965470159,114.16873400512304,83.80393880479427,163.30068855149273,0.1678082191780822,0.2,0.2442307692307692,0.5474358974358975
1480,2,1,0,46.056,9,179,220839,379768,-1,427718,Pickup Error,Call,-19451,2252.08,Miscellaneous Goods,0,B,Consigner,83876,44.85312,0.999952,315904,102.9697,0.999176,3,0,14,0,0,0,2,183.019796897258,49.485349035609424,7.117751227275784,1.230620436894616,0.2580645161290322,0.17578125,0.0,0.0
1481,1,1,0,2.627,48,2,78191,81909,-1,157425,未知,Call,-15604,1199.08,Dried Groceries,0,C,Consigner,189955,0.47386,0.956212,483406,0.963759,0.906749,0,0,5,0,0,0,2,57.93111130768895,93.3192184944359,0.0,0.0,0.25,0.1111111111111111,0.0,0.0
1482,2,0,0,16.021,13,190,183889,257744,-1,-99029,Damage,Call,353638,245.01,Jewelry,0,B,Receiver,402810,108.7937,0.998152,395,48.44385,0.994688,1,0,12,1,5,0,2,117.72169897217258,47.29286625931772,83.80393880479427,0.0,0.2748538011695906,0.1052631578947368,0.2442307692307692,0.0
1483,2,0,0,227.84,183,2,183889,159723,-1,427758,未知,Call,1234477,529.95,Documents & Bills,-1,B,Receiver,916682,2.174154,0.980578,366644,28.09988,0.896921,0,0,4,1,6,0,2,25.522374298572164,93.3192184944359,83.80393880479427,0.0,0.1666666666666666,0.1111111111111111,0.2442307692307692,0.0
1484,2,0,0,0.0,189,119,129203,23233,-1,12769,Suspected Lost,Call,1155596,337.39,"Apparel, Footwear & Accessories",0,B,Consigner,322417,53.37448,0.974396,148434,13.84521,0.989226,5,0,1,0,6,0,2,195.03697485801985,14.807654637958604,3.1197441097954965,0.0,0.2619047619047619,0.6,0.0,0.0
1485,2,0,0,115.302,178,63,144842,358938,-1,427863,Pickup Error,Call,663986,650.98,Alcohol,0,C,Receiver,10010,38.9005,0.998856,102474,72.86966,0.999564,3,0,0,1,6,0,2,59.71452989301516,52.20261068322199,7.47041306451505,,0.1660079051383399,0.2941176470588235,0.0,
1486,2,0,0,49.734,58,178,74535,362839,-1,-15132,未知,Call,117685,1193.07,Maternity & Baby Products,0,B,Consigner,28468,78.78268,0.98544,545307,56.53401,0.928358,0,0,13,0,3,0,2,56.49645910069927,75.72709977879157,0.0,2.565970347281198,0.6,0.2073170731707317,0.0,0.0
1487,2,0,0,25.317,101,156,227346,232920,-1,-201278,Damage,Mini Program,-81754,1180.17,Home Improvement and Building Material,0,B,Consigner,483919,41.54985,0.959801,887414,0.0,0.92302,1,4,10,0,0,0,2,94.6704948186992,13.292117589246272,93.95808297694902,5.758592536874708,0.2333333333333333,0.0,0.2585987261146497,0.0
1488,2,1,0,170.461,4,155,172964,161962,-1,427849,未知,Call,343008,520.82,Miscellaneous Goods,-1,C,Consigner,171664,87.56879,0.941573,107125,50.73459,0.910577,0,0,14,0,5,0,2,60.02737754693536,89.85481766821702,9.0879074769204,3.031319070853664,0.1592356687898089,0.1818181818181818,0.0,0.0
1489,2,0,0,0.0,55,15,227346,112065,-1,427818,Damage,Internal Software,-76799,105.78,Dried Groceries,-1,B,Unknown,1419721,0.0,0.962279,1373172,0.0,0.995292,1,2,5,3,0,0,2,35.60364621033194,76.467556088998,93.95808297694902,0.0,0.1212121212121212,0.1296296296296296,0.2585987261146497,0.0
1490,2,1,0,22.755,37,1,154210,220337,-1,427859,未知,Internal Software,463712,616.11,Pharmaceuticals,0,Not Known,Receiver,48046,0.0,0.994989,1335864,3.419805,0.873817,0,2,15,1,5,0,2,50.88561657397553,69.89628878079544,4.804284376815546,5.522590107661973,0.0434782608695652,0.12,0.5,0.0
1491,2,0,0,403.997,55,189,189493,396543,-1,427655,未知,Call,-75198,219.38,Miscellaneous Goods,1,B,Consigner,419585,0.256768,0.986907,409844,6.433109,0.984246,0,0,14,0,0,0,2,35.60364621033194,58.29261195317029,0.0,,0.1212121212121212,0.1521739130434782,0.0,
1492,2,1,0,267.69,179,178,188510,194076,-1,427864,未知,Call,158279,1759.41,Miscellaneous Goods,0,B,Receiver,172153,37.36723,0.864831,577878,1.462853,0.978454,0,0,14,1,3,0,2,56.8349237193444,75.72709977879157,2.2882283467001403,13.467529484875913,0.1497584541062802,0.2073170731707317,0.0,0.0
1493,2,0,0,7.931,145,0,227346,60479,-1,42028,Damage,Complaint,2019020,1140.11,Hardware,0,C,Consigner,831713,87.6372,0.936452,259836,69.52748,0.96795,1,1,9,0,6,0,2,69.30729146363558,75.01688402479252,93.95808297694902,,0.1590909090909091,0.1507692307692307,0.2585987261146497,
1494,2,0,0,76.588,106,109,170196,266156,-1,427814,Damage,Call,552683,1075.98,Appliances,-1,C,Consigner,57143,16.20082,0.979582,224733,27.61137,0.815544,1,0,2,0,5,0,2,36.14329446399336,30.366206626535966,0.0,3.282851038503713,0.2692307692307692,0.0952380952380952,0.0,0.0
1495,1,0,0,286.178,117,0,156694,292221,-1,427863,未知,Call,271354,146.66,Maternity & Baby Products,-1,C,Unknown,1749,148.9114,0.998779,807386,4.787462,0.913319,0,0,13,3,5,0,2,57.51283596595224,75.01688402479252,8.114437357418876,4.031834591401378,0.1052631578947368,0.1507692307692307,0.0,0.0
1496,2,0,0,177.667,2,0,153121,89575,1,427609,未知,Call,15667,317.73,Dried Groceries,0,B,Consigner,14092,34.21674,0.975098,9013,67.68925,0.998288,0,0,5,0,2,0,2,56.04468495785089,75.01688402479252,117.76646553366857,0.0,0.0935960591133004,0.1507692307692307,0.0,0.0
1497,2,1,0,26.764,110,7,87215,368729,-1,-81124,未知,Vendor Consultation,379699,453.83,Hardware,0,B,Consigner,276357,50.38333,0.905433,217098,25.13221,0.986841,0,6,9,0,5,0,2,110.78491220508148,92.30255429171878,14.12056817609566,0.0,0.2539682539682539,0.1935483870967742,0.0,0.0
1498,2,1,0,0.0,178,102,139637,290644,-1,5304,未知,Call,306493,113.56,Hardware,0,B,Receiver,488479,14.1072,0.977836,870680,56.79695,0.980313,0,0,9,1,5,0,2,59.71452989301516,127.44248338763862,,6.7983254255388745,0.1660079051383399,0.1789473684210526,,0.0
1499,2,1,0,554.883,5,151,174462,428908,-1,427862,未知,Internal Software,-59251,132.31,Fresh,-1,C,Unknown,19071,39.60612,0.991831,800847,5.139388,0.979343,0,2,7,3,0,1,1,64.35039757274271,62.91307713975876,15.72114373973302,3.88238354909878,0.0975609756097561,0.1176470588235294,0.0,0.0
1500,2,0,0,34.595,79,220,227346,381130,-1,427803,Pickup Error,Call,344602,810.55,Maternity & Baby Products,-1,B,Receiver,157241,36.77734,0.996665,681183,13.19973,0.978363,3,0,13,1,5,0,2,7.551432120387115,26.24295176398572,93.95808297694902,54.69251928014359,0.6,0.05,0.2585987261146497,0.1666666666666666
1501,2,0,0,250.86,0,0,183288,31523,-1,427860,Pickup Error,Call,643786,1145.79,Dried Groceries,0,C,Receiver,88277,16.92143,0.997309,146657,18.36708,0.987857,3,0,5,1,6,0,2,57.22795965470159,75.01688402479252,73.31698009166644,0.0,0.1678082191780822,0.1507692307692307,0.0,0.0
1502,2,1,0,27.278,337,307,181103,20847,-1,176793,Pickup Error,Internal Software,-45865,138.64,Hardware,-1,C,Consigner,457336,16.64766,0.944538,232941,5.749615,0.915869,3,2,9,0,0,0,2,88.95815087072324,107.26414159528828,33.04351601812015,4.74224934029902,0.4,0.4666666666666667,0.0,0.0
1503,2,0,0,173.819,276,127,134127,380279,-1,427814,未知,Vendor Consultation,-79977,851.05,Miscellaneous Goods,-1,B,Consigner,719047,5.164812,0.872943,796090,0.0,0.88712,0,6,14,0,0,0,2,81.82778229712547,63.45537171576693,3.891474121007876,0.0,0.0,0.2325581395348837,0.0,0.0
1504,2,0,0,132.409,88,197,15877,77230,-1,427831,Pickup Error,Call,-81725,1716.88,Jewelry,1,B,Unknown,107029,72.49308,0.9815,188443,9.485482,0.954903,3,0,12,3,0,0,2,116.52863038936586,63.769979151069016,46.97040480882532,15.349690123166235,0.0925925925925925,0.208955223880597,0.1827956989247312,1.0
1505,2,0,0,3.023,41,132,20488,317783,-1,54632,Damage,Call,186453,585.52,Hardware,0,C,Receiver,32525,15.44089,0.980454,452483,28.52475,0.980718,1,0,9,1,4,0,2,15.195521366333276,56.88193748364041,0.0,154.36103292701094,0.125,0.1636363636363636,0.0,0.0
1506,2,0,0,62.446,32,110,198058,14158,-1,427847,Suspected Lost,Internal Software,912487,268.62,Maternity & Baby Products,0,Not Known,Unknown,53390,3.171221,0.964322,1388754,0.412997,0.899611,5,2,13,3,6,0,2,57.76408111082597,63.258594293395895,43.33347943050635,,0.1666666666666666,0.1219512195121951,0.3684210526315789,
1507,2,0,0,290.142,26,179,183889,278628,-1,-82071,Pickup Error,Call,347495,373.23,Dried Groceries,0,B,Consigner,836994,5.024743,0.771361,645780,3.535226,0.980444,3,0,5,0,5,0,2,109.80516018052288,49.485349035609424,83.80393880479427,0.0,0.12,0.17578125,0.2442307692307692,0.0
1508,2,0,0,120.656,211,126,103615,159649,-1,427844,未知,Call,-81784,1020.02,Fresh,0,C,Consigner,94932,9.733892,0.988919,301821,6.954353,0.950773,0,0,7,0,0,1,1,95.356323113403,5.468307916372967,13.963463921970147,3.2511502977855686,0.1041666666666666,0.1666666666666666,0.0,0.0
1509,2,0,0,7.213,42,238,15439,278632,-1,14322,Damage,Complaint,25031,244.43,Jewelry,0,B,Consigner,763468,3.952759,0.897586,279001,4.0603,0.910539,1,1,12,0,2,0,2,106.19017586084024,84.51278515195959,,66.35016093112638,0.145631067961165,0.2,,0.0
1510,2,0,0,60.936,76,246,183889,300000,-1,427864,未知,Internal Software,405000000,1436.99,Pharmaceuticals,-1,B,Consigner,52557998,41.19628,0.993667,74600000000,1.8072,0.961279,0,2,15,0,6,0,2,69.88780449033361,81.33591719373736,83.80393880479427,163.30068855149273,0.28125,0.4318181818181818,0.2442307692307692,0.5474358974358975
1511,2,0,0,214.751,92,268,225538,448280,-1,427770,未知,Call,249911,380.34,"Apparel, Footwear & Accessories",-1,B,Consigner,196,66.20983,0.991307,103955,14.89049,0.962413,0,0,1,0,4,0,2,81.28282427291707,130.15540902762945,21.978945284948427,0.0,0.3529411764705882,0.2727272727272727,0.5,0.0
1512,2,0,0,9.55,151,179,46532,26942,-1,427864,Damage,Call,19627,618.94,Jewelry,-1,B,Consigner,94345,32.3381,0.987384,97821,14.52775,0.997292,1,0,12,0,2,0,2,55.000321274151965,49.485349035609424,0.0,3.245785895751148,0.0828402366863905,0.17578125,0.0,0.0
1513,2,0,0,97.343,93,6,125764,187229,-1,427846,Damage,Call,563537,177.92,Miscellaneous Goods,-1,C,Consigner,500764,45.62963,0.999552,267695,3.650899,0.99812,1,0,14,0,5,0,2,66.74115822236953,77.94187064631588,56.0885472184815,0.0,0.1304347826086956,0.1875,0.5,0.0
1514,2,0,0,220.379,15,179,169374,254135,-1,427778,Damage,Call,1308061,1860.3,Dried Groceries,-1,C,Consigner,83315,67.37089,0.988626,174734,19.56768,0.991534,1,0,5,0,6,0,2,80.35899212714475,49.485349035609424,8.229051183891928,0.0,0.0909090909090909,0.17578125,0.0,0.0
1515,2,1,0,136.498,151,261,194353,111586,-1,427862,Damage,Call,350432,601.81,Miscellaneous Goods,0,C,Consigner,107196,30.80343,0.979075,1027998,12.6001,0.94991,1,0,14,0,5,0,2,55.000321274151965,28.19336277655888,7.478532065324048,825.5027192982454,0.0828402366863905,0.0,0.0,0.0
1516,1,1,0,24.767,99,292,71914,91651,-1,427402,未知,Call,201278,152.26,Home Improvement and Building Material,-1,B,Consigner,1540575,0.0,0.971065,1249848,0.0,0.971576,0,0,10,0,4,0,2,65.94900544613762,23.00992930524647,23.579723569924496,3.4475978516917607,0.211864406779661,0.4,0.0,0.5
1517,2,0,0,611.104,109,63,205604,300000,-1,427864,未知,Call,404000000,2036.44,Alcohol,-1,C,Consigner,16091,103.0611,0.999952,6366241,66.99582,0.982721,0,0,0,0,6,0,2,45.374295092323,52.20261068322199,61.82169041782026,163.30068855149273,0.25,0.2941176470588235,0.4166666666666667,0.5474358974358975
1518,2,0,0,61.212,110,319,183889,300000,-1,427864,Suspected Lost,Call,521000000,3149.82,Electronic Product,0,B,Receiver,1277599,16.04678,0.999352,482000000,47.72176,0.999107,5,0,6,1,6,0,2,110.78491220508148,150.86048986331326,83.80393880479427,163.30068855149273,0.2539682539682539,0.275,0.2442307692307692,0.5474358974358975
1519,2,0,0,20.986,312,63,183889,297528,1,427802,未知,Call,-61711,595.95,Miscellaneous Goods,0,C,Consigner,7131,21.62743,0.974972,216378,38.29155,0.993117,0,0,14,0,0,0,2,6.513179064997686,52.20261068322199,83.80393880479427,14.822562336086428,0.3333333333333333,0.2941176470588235,0.2442307692307692,0.0
1520,2,0,0,1134.975,178,176,188771,429196,-1,-135376,Damage,Call,383706,2131.47,"Apparel, Footwear & Accessories",0,Not Known,Receiver,464,179.3796,0.985745,5,196.0933,0.992838,1,0,1,1,5,0,2,59.71452989301516,22.555021711690088,34.879334311052624,0.0,0.1660079051383399,0.5,0.0833333333333333,0.0
1521,2,0,0,225.703,1,357,131525,31330,-1,427851,Damage,Call,1363544,444.24,Miscellaneous Goods,0,B,Consigner,28280,29.54458,0.957679,36945,12.54236,0.995808,1,0,14,0,6,0,2,69.06443164317325,0.443093374570547,,36.67909957659056,0.1802721088435374,0.0,,0.25
1522,2,0,0,3.094,268,100,227346,435440,-1,427864,未知,Call,1086153,410.9,Furniture,0,C,Receiver,107783,13.69353,0.97979,258153,14.80275,0.991468,0,0,8,1,6,0,2,96.84596855953218,111.92654089931048,93.95808297694902,102.77864667474913,0.1823899371069182,0.1985815602836879,0.2585987261146497,0.5
1523,2,0,0,2387.979,25,268,227346,187655,-1,239012,未知,Call,35851,787.82,Hardware,-1,C,Receiver,51018,47.03722,0.998077,426185,30.5314,0.988801,0,0,9,1,2,0,2,88.8237010925776,130.15540902762945,93.95808297694902,111.74456345342422,0.1843137254901961,0.2727272727272727,0.2585987261146497,0.0
1524,2,0,0,71.138,222,227,187857,374235,-1,427779,Damage,Internal Software,-81387,280.19,Household Goods,0,C,Consigner,573269,14.81507,0.991775,517459,0.0,0.904671,1,2,11,0,0,0,2,44.00935888510234,20.902623722887064,10.576748343982649,36.20597235314875,0.173469387755102,0.1764705882352941,0.0,0.0
1525,2,0,0,416.086,122,187,42871,103605,-1,427864,未知,Call,-38833,780.15,Miscellaneous Goods,-1,Not Known,Consigner,100303,11.86162,0.981056,1343750,16.65636,0.92597,0,0,14,0,0,0,2,5.812833322697888,71.38613126413931,2.721855908465732,0.0,0.1428571428571428,0.1777777777777777,0.0,0.0
1526,2,0,0,36.629,101,3,7424,12749,-1,-44089,Pickup Error,Call,1383793,462.18,Hardware,-1,C,Receiver,7993,31.5772,0.987217,447278,26.40402,0.942376,3,0,9,1,6,0,2,94.6704948186992,63.81099393925928,3.2347753350426416,50.15900759802723,0.2333333333333333,0.1170212765957446,0.0,0.2307692307692307
1527,2,0,0,547.779,3,4,196543,440284,-1,427861,未知,Call,69146,497.16,Jewelry,0,B,Receiver,232858,32.08383,0.976386,110030,27.04597,0.977284,0,0,12,1,2,0,2,41.966021036266106,81.2740685764068,105.82996775545362,0.662026301278807,0.1538461538461538,0.2439024390243902,0.0,0.0
1528,2,1,0,7.796,99,106,226651,367259,-1,427667,Suspected Lost,Call,-81620,238.25,Electronic Product,-1,C,Receiver,999639,96.80559,0.992564,339709,0.0,0.975137,5,0,6,1,0,0,2,65.94900544613762,49.82089121674756,0.0,0.0,0.211864406779661,0.1538461538461538,0.0,0.0
1529,2,0,0,126.551,188,79,40911,130894,-1,427827,未知,Vendor Consultation,758209,346.31,Fresh,0,Not Known,Receiver,314688,28.34374,0.948717,174510,22.66938,0.928518,0,6,7,1,6,1,1,47.62317230513968,41.96640113648718,61.514558355762176,0.0,0.2051282051282051,0.2758620689655172,0.0,0.0
1530,1,1,0,47.382,268,1,147363,72115,-1,427860,Pickup Error,Call,-79457,136.8,Home Improvement and Building Material,-1,C,Staff,438308,3.209604,0.995527,94653,8.977596,0.943768,3,0,10,2,0,0,2,96.84596855953218,69.89628878079544,166.04430721866316,0.0,0.1823899371069182,0.12,0.3571428571428571,0.0
1531,2,0,0,8.905,0,178,227346,206786,-1,40923,Damage,Mini Program,33608,301.97,Hardware,0,Not Known,Consigner,79994,175.6942,0.994862,314276,43.52377,0.994545,1,4,9,0,2,0,2,57.22795965470159,75.72709977879157,93.95808297694902,,0.1678082191780822,0.2073170731707317,0.2585987261146497,
1532,2,0,0,330.343,137,178,183770,229373,-1,427856,Suspected Lost,Call,1005083,354.68,Miscellaneous Goods,0,C,Consigner,249542,27.88303,0.981983,336282,28.27016,0.964922,5,0,14,0,6,0,2,58.18470170477054,75.72709977879157,31.96586256443485,20.883859186734828,0.1707317073170731,0.2073170731707317,0.6,0.0
1533,2,0,0,94.332,143,109,16971,363213,-1,427860,Pickup Error,Call,897104,693.58,Miscellaneous Goods,0,C,Receiver,118191,29.69144,0.990118,396851,23.90325,0.956493,3,0,14,1,6,0,2,38.45695991907031,30.366206626535966,0.0,0.0,0.1136363636363636,0.0952380952380952,0.0,0.0
1534,2,0,0,12.606,121,102,126100,262847,-1,427750,未知,Internal Software,1908970,494.92,Miscellaneous Goods,0,C,Unknown,797031,0.0,0.958473,1024134,27.6577,0.953819,0,2,14,3,6,0,2,13.574390773595596,127.44248338763862,1.72415133202495,0.0,0.0,0.1789473684210526,0.0,0.0
1535,5,0,0,0.224,189,13,188022,320285,-1,427859,未知,Vendor Consultation,451224,248.2,Documents & Bills,-1,B,Receiver,67838,21.62629,0.987802,81995,62.20342,0.998232,0,6,4,1,5,0,2,195.03697485801985,58.69138621086622,0.0,0.0,0.2619047619047619,0.0909090909090909,0.0,0.0
1536,2,0,0,0.0,181,37,42026,302382,-1,427699,Pickup Error,Call,21125,636.25,Home Improvement and Building Material,-1,C,Receiver,121241,44.51135,0.993212,819160,0.301168,0.964269,3,0,10,1,2,0,2,66.98420127730182,71.26297526452987,262.6067922046753,0.0,0.1568627450980392,0.2033898305084746,0.2222222222222222,0.0
1537,2,0,0,5.443,127,199,183889,125541,-1,427856,未知,Call,317352,420.76,Miscellaneous Goods,-1,C,Unknown,284205,37.82675,0.96371,263990,31.55674,0.995393,0,0,14,3,5,0,2,59.84735359218162,65.33437063477945,83.80393880479427,54.33002584206252,0.1397849462365591,0.3513513513513513,0.2442307692307692,0.0
1538,2,0,0,0.094,1,178,105777,399343,-1,-33874,未知,Call,-6620,625.18,Hardware,-1,C,Unknown,7625,53.46927,0.964668,967954,24.47126,0.989671,0,0,9,3,0,0,2,69.06443164317325,75.72709977879157,,4.944565444152056,0.1802721088435374,0.2073170731707317,,0.25
1539,1,1,0,171.447,365,136,227346,200773,-1,427860,Pickup Error,Call,240140,291.77,Alcohol,0,B,Consigner,29761,27.64485,0.999507,312629,7.32278,0.972889,3,0,0,0,4,0,2,37.278575072205086,153.9090693587367,93.95808297694902,6.868601517069241,0.0769230769230769,0.1428571428571428,0.2585987261146497,0.3333333333333333
1540,2,1,0,440.469,108,261,64893,113906,-1,-154349,Pickup Error,Vendor Consultation,-81636,2091.21,Pharmaceuticals,0,C,Consigner,127798,57.31667,0.987134,407372,1.478459,0.997314,3,6,15,0,0,0,2,29.59624611070252,28.19336277655888,1.9692824559876945,0.0,0.0666666666666666,0.0,0.0,0.0
1541,2,0,0,19.145,181,134,227346,292177,-1,427851,未知,Call,36481,110.65,Beauty & Daily Essentials,0,Staff,Consigner,2526521,0.0,0.97119,706340,0.0,0.946438,0,0,3,0,2,0,2,66.98420127730182,46.10167247042128,93.95808297694902,0.0,0.1568627450980392,0.0869565217391304,0.2585987261146497,0.0
1542,2,0,1,43.181,3,197,82453,290099,-1,427807,Suspected Lost,Call,-44485,248.58,Miscellaneous Goods,-1,Not Known,Consigner,56581,0.423584,0.990347,231570,16.60572,0.92528,5,0,14,0,0,0,2,41.966021036266106,63.769979151069016,4.18666296746832,24.915085897539694,0.1538461538461538,0.208955223880597,0.0,0.0
1543,2,0,0,431.996,125,184,211828,59843,-1,427768,Suspected Lost,Internal Software,369619,124.43,Pharmaceuticals,-1,B,Unknown,2718613,11.22711,0.976938,123993,12.24211,0.975603,5,2,15,3,5,0,2,70.23909957621414,190.59538025568105,0.0,1.000916762947707,0.0793650793650793,0.25,0.0,0.0
1544,2,0,0,1.629,110,146,113451,281679,-1,427768,未知,Call,635236,306.35,Furniture,0,C,Receiver,82312,1.608965,0.938094,298632,0.0,0.932578,0,0,8,1,6,0,2,110.78491220508148,100.44850004559429,51.35043988269794,0.3524975006811533,0.2539682539682539,0.1071428571428571,0.0,0.0
1545,2,0,0,147.656,178,183,124322,309157,-1,427657,未知,Call,219227,612.34,Alcohol,0,C,Consigner,412280,6.439768,0.961167,145801,28.66689,0.929357,0,0,0,0,4,0,2,59.71452989301516,53.17673485466082,4.88905669745839,10.468974855981996,0.1660079051383399,0.1666666666666666,0.0,0.0
1546,2,0,0,0.019,43,322,44415,306491,-1,-16311,Damage,Call,-73380,441.93,Hardware,0,B,Consigner,638445,9.616346,0.926934,422279,5.662382,0.999395,1,0,9,0,0,0,2,71.58077320943575,58.30792878609847,0.0,0.0,0.075,0.2777777777777778,0.0,0.0
1547,2,0,0,35.639,129,221,227346,300000,-1,363229,Damage,Call,911000000,2180.02,Dried Groceries,-1,B,Consigner,1438251,28.03353,0.970167,762000000,4.926906,0.991772,1,0,5,0,6,0,2,111.99462456548208,124.92080405843552,93.95808297694902,163.30068855149273,0.53125,0.3333333333333333,0.2585987261146497,0.5474358974358975
1548,2,1,0,68.051,32,215,69106,36892,-1,427864,未知,Call,507088,168.19,Alcohol,0,B,Consigner,1614780,10.22214,0.987715,564306,0.0,0.999629,0,0,0,0,5,0,2,57.76408111082597,76.55751163645215,0.0,26.68978645895256,0.1666666666666666,0.1515151515151515,0.0,0.0
1549,1,1,0,698.514,151,76,227346,300000,-1,202841,未知,Internal Software,121000000,2000.46,Documents & Bills,-1,B,Receiver,45661777,76.61653,0.982702,8369044,53.93727,0.860803,0,2,4,1,6,0,2,55.000321274151965,104.46696466604024,93.95808297694902,163.30068855149273,0.0828402366863905,0.3043478260869565,0.2585987261146497,0.5474358974358975
1550,2,0,0,14.201,223,101,118859,404231,-1,427851,未知,Vendor Consultation,56773,102.71,Fresh,-1,B,Receiver,2014243,21.71569,0.978568,138896,15.97865,0.993394,0,6,7,1,2,1,1,0.6670873724968165,58.58878798840541,12.091425156856886,0.0,0.0,0.1323529411764706,0.0,0.0
1551,2,0,0,266.018,89,198,184878,90928,-1,427657,未知,Mini Program,215035,280.14,Alcohol,-1,C,Receiver,104230,21.62782,0.977746,445518,16.30111,0.944973,0,4,0,1,4,0,2,56.62852339692903,27.951849133840675,187.86331098346247,2.1783044813230457,0.1,0.09375,0.0,0.0
1552,2,0,0,11.088,227,120,43546,152083,-1,24626,未知,Mini Program,395886,826.85,Hardware,-1,C,Unknown,1426314,14.56211,0.996486,165958,1.606066,0.99603,0,4,9,3,5,0,2,17.16632556726263,58.82366816997872,,0.0,0.15625,0.2352941176470588,,0.0
1553,2,1,0,1.196,79,178,227346,285755,1,427861,未知,Call,34977,106.6,Dried Groceries,0,C,Consigner,48856,22.7747,0.976486,327488,31.63329,0.989995,0,0,5,0,2,0,2,7.551432120387115,75.72709977879157,93.95808297694902,0.0,0.6,0.2073170731707317,0.2585987261146497,0.0
1554,2,0,0,716.471,42,203,184209,300000,-1,-188762,Pickup Error,Call,332000000,4110.68,Pharmaceuticals,0,C,Consigner,1666,100.2892,0.882792,888000000,194.6651,0.997998,3,0,15,0,6,0,2,106.19017586084024,73.82922603912272,207.5233372303657,163.30068855149273,0.145631067961165,0.25,0.4375,0.5474358974358975
1555,2,0,1,248.031,25,292,18224,104402,-1,427840,Damage,Call,198614,481.89,Jewelry,-1,Not Known,Consigner,87126,43.90115,0.99944,434350,59.94344,0.933439,1,0,12,0,4,0,2,88.8237010925776,23.00992930524647,4.009895515003347,0.5874518804879748,0.1843137254901961,0.4,0.0,0.0
1556,2,0,0,2.345,289,178,224515,207026,-1,427862,Damage,Call,2951103,160.55,Household Goods,0,C,Consigner,409611,15.51395,0.971897,196076,31.63797,0.940176,1,0,11,0,6,0,2,27.511013989016,75.72709977879157,40.69700970341554,27.767557864713822,0.1428571428571428,0.2073170731707317,0.0,0.0
1557,2,0,0,225.997,99,110,101842,26957,-1,-65155,Damage,Call,42747,473.39,Miscellaneous Goods,1,B,Consigner,1335121,62.24788,0.998984,201435,34.28054,0.872016,1,0,14,0,2,0,2,65.94900544613762,63.258594293395895,0.0,17.072698021065914,0.211864406779661,0.1219512195121951,0.0,0.0
1558,2,0,0,0.0,1,190,213517,183994,-1,427859,未知,Complaint,-60366,469.27,Pharmaceuticals,0,Not Known,Consigner,386805,0.521637,0.965911,2019047,2.91344,0.906898,0,1,15,0,0,0,2,69.06443164317325,47.29286625931772,,91.71835443037972,0.1802721088435374,0.1052631578947368,,0.0
1559,2,1,1,23.837,63,102,97572,412413,-1,-166440,未知,Internal Software,-39743,101.01,Hardware,0,B,Consigner,1149710,1.28024,0.955105,317075,10.3071,0.973954,0,2,9,0,0,0,2,87.51932180035882,127.44248338763862,0.0,0.0,0.2022471910112359,0.1789473684210526,0.0,0.0
1560,2,0,0,2.742,145,220,74041,437879,-1,427847,Damage,Call,991360,649.02,Miscellaneous Goods,-1,B,Unknown,565856,15.96193,0.93783,790152,1.434886,0.984212,1,0,14,3,6,0,2,69.30729146363558,26.24295176398572,61.16778712342028,11.348789606193035,0.1590909090909091,0.05,0.0,0.0
1561,2,0,0,709.785,115,178,227346,300000,-1,427863,Suspected Lost,Call,664000000,1389.43,Electronic Product,0,B,Receiver,8916209,6.260346,0.977781,33298922,11.49865,0.954351,5,0,6,1,6,0,2,111.8825499384886,75.72709977879157,93.95808297694902,163.30068855149273,0.4285714285714285,0.2073170731707317,0.2585987261146497,0.5474358974358975
1562,2,1,0,59.281,109,121,208648,121447,-1,427854,Suspected Lost,Call,1295572,172.11,Miscellaneous Goods,-1,C,Consigner,33030,0.024847,0.996451,208842,1.585254,0.997462,5,0,14,0,6,0,2,45.374295092323,33.63318266760793,61.77883639334807,31.70157748077531,0.25,0.1,0.0,0.5
1563,2,0,0,237.471,146,137,218216,262569,-1,86657,未知,Mini Program,179411,1977.21,Hardware,-1,C,Consigner,103071,11.60459,0.998217,51805,48.63469,0.898998,0,4,9,0,4,0,2,75.50373567911244,40.54514853954838,218.40923219403984,4.533049624621256,0.3,0.1012658227848101,0.0,0.0
1564,5,1,0,0.328,151,137,39040,95816,-1,427863,未知,Call,1368707,100.35,Alcohol,1,C,Consigner,1661,25.11052,0.97556,422565,4.560392,0.965715,0,0,0,0,6,0,2,55.000321274151965,40.54514853954838,0.0,157.71537354541073,0.0828402366863905,0.1012658227848101,0.0,0.0
1565,2,0,0,18.018,139,158,115419,300340,-1,427855,Damage,Call,-12134,401.47,Miscellaneous Goods,-1,Not Known,Unknown,5262,132.8442,0.965475,90102,29.37385,0.981974,1,0,14,3,0,0,2,100.6160456989,63.91833902730377,0.0,107.69216814159292,0.125,0.1666666666666666,0.0,0.0
1566,2,0,0,299.561,268,136,227346,237969,-1,-15048,Suspected Lost,Call,564906,648.61,Hardware,0,B,Consigner,1499,167.4301,0.992808,304506,43.00754,0.829497,5,0,9,0,5,0,2,96.84596855953218,153.9090693587367,93.95808297694902,23.15687464546417,0.1823899371069182,0.1428571428571428,0.2585987261146497,0.0
1567,2,0,0,1433.958,225,103,104625,8174,-1,-129453,Damage,Call,488152,1086.31,Hardware,0,C,Consigner,246185,1.694875,0.989431,874504,0.687806,0.97828,1,0,9,0,5,0,2,33.869565555369114,65.94505261935754,,35.04030183501972,0.1538461538461538,0.1111111111111111,,0.0
1568,2,0,0,466.625,162,63,183889,300000,-1,-188762,未知,Call,690000000,1169.27,Miscellaneous Goods,0,C,Unknown,983224,30.50515,0.9441,86937074,0.0,0.936247,0,0,14,3,6,0,2,85.80271992814488,52.20261068322199,83.80393880479427,163.30068855149273,0.2352941176470588,0.2941176470588235,0.2442307692307692,0.5474358974358975
1569,2,1,0,81.602,158,33,193886,300000,-1,427864,未知,Call,189000000,1043.13,Electronic Product,-1,C,Consigner,18368665,0.0,0.900015,14516896,0.0,0.823662,0,0,6,0,6,0,2,166.88537928718344,36.78825873504067,183.07850421942743,163.30068855149273,0.1538461538461538,0.3225806451612903,0.2535211267605634,0.5474358974358975
1570,3,0,0,222.279,98,188,196670,240789,-1,427849,Suspected Lost,Call,87799,1068.14,Dried Groceries,0,C,Consigner,764923,35.96696,0.999822,113118,15.37423,0.957081,5,0,5,0,3,0,2,53.41855203788262,81.19796947313277,51.9135530492278,0.0,0.1363636363636363,0.1052631578947368,0.4,0.0
1571,2,1,0,64.797,53,179,183427,337130,-1,75364,Suspected Lost,Call,109314,120.04,Fresh,0,B,Consigner,1700744,0.350495,0.937137,783622,6.140787,0.987017,5,0,7,0,3,1,1,91.52139322123428,49.485349035609424,0.0,12.625377431837723,0.0,0.17578125,0.0,0.0
1572,2,1,0,647.595,148,199,227346,300000,-1,427863,未知,Internal Software,927000000,999.41,Documents & Bills,0,B,Consigner,7371770,82.68338,0.998219,424000000,94.44816,0.999517,0,2,4,0,6,0,2,17.55762269851077,65.33437063477945,93.95808297694902,163.30068855149273,0.1666666666666666,0.3513513513513513,0.2585987261146497,0.5474358974358975
1573,2,0,0,164.367,34,178,201489,9067,-1,427844,未知,Internal Software,1145727,876.03,Furniture,0,B,Receiver,9744,66.67355,0.974507,12883,67.20178,0.998217,0,2,8,1,6,0,2,21.581383370738404,75.72709977879157,157.55368793219986,1.4646038370285746,0.1538461538461538,0.2073170731707317,0.0,0.0
1574,2,1,0,15.28,117,222,176047,97667,-1,427765,Pickup Error,Call,-74252,186.64,Miscellaneous Goods,0,C,Consigner,648581,1.394339,0.958929,2060001,0.0,0.974476,3,0,14,0,0,0,2,57.51283596595224,77.81584876066215,50.955929077725926,0.0,0.1052631578947368,0.1598173515981735,0.0909090909090909,0.0
1575,2,0,0,130.692,147,21,127028,188329,1,427842,Pickup Error,Call,149743,709.45,Miscellaneous Goods,0,C,Receiver,46733,3.547038,0.983205,325834,12.33483,0.979133,3,0,14,1,3,0,2,45.57215363038746,34.92133679953262,28.27023720519269,0.0,0.2,0.2727272727272727,0.0,0.0
1576,2,0,0,835.456,68,184,79414,417382,-1,66950,未知,Call,-81028,118.65,Hardware,-1,Staff,Receiver,213314,7.813474,0.971511,126859,91.73521,0.963244,0,0,9,1,0,0,2,35.752526053991645,190.59538025568105,30.327100172290688,1.5764549031092137,0.0,0.25,0.0,1.0
1577,2,0,0,180.276,109,1,98353,361190,-1,427802,未知,Call,-34094,806.22,Dried Groceries,1,C,Consigner,19158,15.51014,0.994316,121846,55.00686,0.971101,0,0,5,0,0,0,2,45.374295092323,69.89628878079544,50.5880195599022,0.0,0.25,0.12,0.0,0.0
1578,2,0,0,49.918,59,142,87215,369871,-1,427820,未知,Call,292049,129.87,Furniture,-1,B,Consigner,40335,33.72038,0.947544,84282,52.22625,0.995649,0,0,8,0,5,0,2,34.62796867277994,32.47128749327333,14.12056817609566,23.324522720425097,0.0,0.0833333333333333,0.0,0.0
1579,2,1,0,242.572,0,3,162971,75164,-1,427811,Pickup Error,Call,4262212,112.76,Home Improvement and Building Material,0,C,Consigner,5319,21.90648,0.978597,596240,22.06289,0.978718,3,0,10,0,6,0,2,57.22795965470159,63.81099393925928,17.83235760059428,4.190150628766619,0.1678082191780822,0.1170212765957446,0.5,0.0
1580,2,1,0,0.0,13,246,125764,96722,1,427864,Damage,Internal Software,1874507,133.67,Jewelry,0,B,Consigner,27868,0.0,0.967053,148140,18.72944,0.992868,1,2,12,0,6,0,2,117.72169897217258,81.33591719373736,56.0885472184815,0.0,0.2748538011695906,0.4318181818181818,0.5,0.0
1581,2,0,0,0.0,232,34,184209,300000,1,427864,Damage,Call,346000000,3714.61,Miscellaneous Goods,0,C,Consigner,28072635,0.390669,0.979746,3798587,55.58284,0.992217,1,0,14,0,6,0,2,47.355810569472624,62.51602380669991,207.5233372303657,163.30068855149273,0.4210526315789473,0.3157894736842105,0.4375,0.5474358974358975
1582,5,0,0,0.26,256,134,178246,261266,-1,23970,未知,Call,963054,140.22,Electronic Product,0,B,Unknown,221917,17.4212,0.998315,640943,1.317429,0.972829,0,0,6,3,6,0,2,63.02678114229304,46.10167247042128,23.277444894225717,0.0,0.125,0.0869565217391304,0.0,0.0
1583,2,0,0,259.995,146,271,193886,300000,-1,426410,Damage,Call,984000000,3422.15,Electronic Product,-1,B,Receiver,85297,83.11487,0.908218,5530000000,60.25482,0.990667,1,0,6,1,6,0,2,75.50373567911244,24.09621176644301,183.07850421942743,163.30068855149273,0.3,0.3448275862068966,0.2535211267605634,0.5474358974358975
1584,2,0,0,69.731,179,199,226363,354613,-1,427860,未知,Vendor Consultation,-30341,464.03,Maternity & Baby Products,0,Not Known,Unknown,65917,0.027493,0.983046,410089,0.0,0.983192,0,6,13,3,0,0,2,56.8349237193444,65.33437063477945,170.41930224977384,21.537789002805248,0.1497584541062802,0.3513513513513513,1.0,0.0
1585,2,1,0,23.405,268,179,164551,150893,-1,427848,Pickup Error,Call,-67213,942.26,Miscellaneous Goods,-1,B,Consigner,53619,29.59549,0.988921,1876863,0.0,0.971594,3,0,14,0,0,0,2,96.84596855953218,49.485349035609424,0.0,180.28290271132377,0.1823899371069182,0.17578125,0.0,0.5
1586,2,1,0,8.606,13,190,24933,325932,-1,427864,未知,Call,-28244,520.09,Dried Groceries,0,C,Consigner,58560,9.216227,0.968758,1010227,41.59572,0.977247,0,0,5,0,0,0,2,117.72169897217258,47.29286625931772,4.480075990180143,53.98777229710213,0.2748538011695906,0.1052631578947368,0.0,0.0
1587,2,1,0,23.59,146,222,183889,243170,-1,427863,未知,Call,-13047,957.27,Alcohol,-1,B,Consigner,1146638,8.974482,0.998928,1029884,0.0,0.944932,0,0,0,0,0,0,2,75.50373567911244,77.81584876066215,83.80393880479427,110.3407850726025,0.3,0.1598173515981735,0.2442307692307692,0.0588235294117647
1588,2,1,0,4.869,55,102,97270,147953,-1,427588,Damage,Internal Software,98820,106.13,Miscellaneous Goods,1,C,Consigner,792964,4.185433,0.976467,530940,0.0,0.978086,1,2,14,0,3,0,2,35.60364621033194,127.44248338763862,46.16707782866526,0.0,0.1212121212121212,0.1789473684210526,0.0,0.0
1589,2,1,0,45.393,83,268,227346,300000,-1,362638,未知,Call,526000000,2766.07,Jewelry,-1,B,Consigner,14925120,0.0,0.997049,33255872,14.16454,0.948249,0,0,12,0,6,0,2,41.983009764404585,130.15540902762945,93.95808297694902,163.30068855149273,0.5,0.2727272727272727,0.2585987261146497,0.5474358974358975
1590,2,1,0,775.9,185,43,205742,426409,-1,427592,Pickup Error,Call,908053,347.46,Dried Groceries,0,B,Consigner,515581,81.48537,0.998147,205532,14.69287,0.971844,3,0,5,0,6,0,2,64.67006111935692,47.014223570793376,213.34987259339945,7.200396051081927,0.1851851851851851,0.1428571428571428,0.2727272727272727,0.0
1591,2,0,0,0.095,40,30,9459,39537,-1,427863,Damage,Call,690083,568.83,Miscellaneous Goods,1,B,Receiver,5408,20.37266,0.996017,17957,29.62698,0.979832,1,0,14,1,6,0,2,13.814102694348689,41.05192821401258,476.4466587957497,0.0,0.3478260869565217,1.3333333333333333,0.0,0.0
1592,2,0,0,461.872,0,234,183889,300000,-1,427864,Pickup Error,Internal Software,494000000,3262.03,Dried Groceries,0,B,Consigner,16987,107.9793,0.9785,45451794,77.84122,0.957115,3,2,5,0,6,0,2,57.22795965470159,23.788597837309357,83.80393880479427,163.30068855149273,0.1678082191780822,0.1052631578947368,0.2442307692307692,0.5474358974358975
1593,2,0,0,154.242,209,178,220639,402896,-1,-115678,Damage,Internal Software,202914,539.1,Hardware,0,Not Known,Consigner,51259,20.57958,0.978455,11043,54.98653,0.976808,1,2,9,0,4,0,2,10.618390271369725,75.72709977879157,,0.0,0.0,0.2073170731707317,,0.0
1594,2,0,0,39.772,4,34,191947,173827,-1,427836,未知,Call,1574067,424.14,Jewelry,-1,B,Receiver,445596,0.0,0.978857,1044311,0.0,0.994442,0,0,12,1,6,0,2,60.02737754693536,62.51602380669991,0.0,0.0,0.1592356687898089,0.3157894736842105,0.0,0.0
1595,2,0,0,1709.77,101,246,199261,300000,-1,427864,Suspected Lost,Call,329000000,3202.53,Home Improvement and Building Material,0,Staff,Consigner,163906,128.3137,0.954069,5557739,9.315311,0.99685,5,0,10,0,6,0,2,94.6704948186992,81.33591719373736,70.13925554206644,163.30068855149273,0.2333333333333333,0.4318181818181818,0.2222222222222222,0.5474358974358975
1596,2,1,0,116.327,40,132,203694,386074,-1,427847,Damage,Call,-6050,218.11,Jewelry,0,B,Unknown,263851,37.96064,0.948173,86246,34.92558,0.93725,1,0,12,3,0,0,2,13.814102694348689,56.88193748364041,106.9473158337424,0.9843854950121482,0.3478260869565217,0.1636363636363636,0.1428571428571428,0.0
1597,2,1,0,0.0,109,43,183485,208406,-1,427860,Damage,Internal Software,78526,107.54,Miscellaneous Goods,0,B,Unknown,2000522,5.649036,0.964299,787989,0.479163,0.952394,1,2,14,3,2,0,2,45.374295092323,47.014223570793376,25.059208051844788,0.0,0.25,0.1428571428571428,1.5,0.0
1598,2,0,1,0.0,132,4,212638,228192,-1,-55369,未知,Complaint,-36427,141.07,Documents & Bills,0,Not Known,Consigner,661255,24.11453,0.990815,480588,7.484448,0.947743,0,1,4,0,0,0,2,52.70819341651338,81.2740685764068,0.5074479203291974,0.0,0.2071428571428571,0.2439024390243902,0.0,0.0
1599,2,1,0,149.38,222,42,227346,274738,-1,74966,Damage,Internal Software,-81783,763.63,"Apparel, Footwear & Accessories",0,B,Consigner,159325,76.27582,0.984135,120808,29.44779,0.979758,1,2,1,0,0,0,2,44.00935888510234,47.89018349830656,93.95808297694902,,0.173469387755102,0.0571428571428571,0.2585987261146497,
1600,1,1,0,728.064,228,185,197553,300000,-1,427864,Pickup Error,Call,551000000,2057.22,Household Goods,-1,B,Consigner,25678408,87.54799,0.986757,4880000000,39.48422,0.999275,3,0,11,0,6,0,2,11.774994837524424,82.10025254899978,312.78449282805343,163.30068855149273,0.75,0.2025316455696202,0.2608695652173913,0.5474358974358975
1601,2,0,0,277.302,146,228,42471,300000,-1,427864,未知,Call,475000000,1379.12,Miscellaneous Goods,-1,C,Consigner,251214,38.01766,0.995129,51285733,38.18456,0.90699,0,0,14,0,6,0,2,75.50373567911244,177.3461916734879,98.59350431373682,163.30068855149273,0.3,0.3846153846153846,0.55,0.5474358974358975
1602,2,0,0,0.0,234,0,227346,145134,-1,427842,Damage,Internal Software,-72444,113.85,Electronic Product,-1,B,Consigner,1418713,2.127652,0.998478,1461489,0.0,0.962719,1,2,6,0,0,0,2,53.91548040576459,75.01688402479252,93.95808297694902,2.752967978725996,0.0,0.1507692307692307,0.2585987261146497,0.0
1603,1,0,0,44.3,268,192,190005,253803,-1,427813,Suspected Lost,Vendor Consultation,-64693,144.19,Alcohol,0,B,Consigner,219257,0.0,0.943643,309874,0.346443,0.947083,5,6,0,0,0,0,2,96.84596855953218,82.7288345540081,126.39239485248224,0.0,0.1823899371069182,0.1,0.0,0.0
1604,2,0,0,75.705,2,87,124164,183685,1,427862,Pickup Error,Mini Program,2697907,1399.35,Fresh,-1,B,Receiver,42136,20.09542,0.986216,77776,32.56933,0.956815,3,4,7,1,6,1,1,56.04468495785089,45.35697664884356,0.0,13.704681526365146,0.0935960591133004,0.0,0.0,0.0
1605,2,0,0,18.091,0,178,1030,261333,-1,427530,未知,Vendor Consultation,1743026,294.18,Alcohol,0,C,Consigner,1064247,25.06867,0.985424,426278,4.806706,0.949244,0,6,0,0,6,0,2,57.22795965470159,75.72709977879157,34.99450868258708,1.0723306462520386,0.1678082191780822,0.2073170731707317,0.5,0.0
1606,2,0,0,3.165,147,0,153185,19584,-1,-26518,Suspected Lost,Call,472234,405.12,Appliances,0,B,Consigner,471411,7.321176,0.990158,501749,0.492218,0.938672,5,0,2,0,5,0,2,45.57215363038746,75.01688402479252,18.61933165099029,,0.2,0.1507692307692307,0.0,
1607,5,0,0,131.613,132,65,175957,319896,-1,427863,未知,Call,112621,584.04,Miscellaneous Goods,0,C,Consigner,414583,1.751492,0.934761,44318,13.45599,0.988483,0,0,14,0,3,0,2,52.70819341651338,15.858115373315863,1.824389096657643,38.56099787039854,0.2071428571428571,0.0,0.0,0.0
1608,1,0,0,62.224,14,268,227346,60279,-1,16679,未知,Vendor Consultation,922889,576.92,Beauty & Daily Essentials,0,C,Staff,339899,77.59303,0.999138,61722,109.809,0.985851,0,6,3,2,6,0,2,46.7451960537384,130.15540902762945,93.95808297694902,204.02319902319903,0.0555555555555555,0.2727272727272727,0.2585987261146497,0.0
1609,5,1,0,17.747,12,88,14084,300000,-1,-57658,未知,Call,542000000,809.35,Miscellaneous Goods,-1,C,Consigner,32316026,28.42095,0.986354,439000000,21.6387,0.999776,0,0,14,0,6,0,2,59.94601001535578,79.74310528281981,69.64123028029817,163.30068855149273,0.2666666666666666,0.2061855670103092,0.1481481481481481,0.5474358974358975
1610,2,1,0,131.354,309,63,193375,300000,-1,427864,未知,Call,32852358,4353.23,Household Goods,0,B,Consigner,671112,15.14025,0.999348,9774924,70.47392,0.986618,0,0,11,0,6,0,2,149.60386696145503,52.20261068322199,221.39184031958067,163.30068855149273,0.2777777777777778,0.2941176470588235,0.4545454545454545,0.5474358974358975
1611,2,0,0,709.697,258,0,120179,306314,-1,34110,Suspected Lost,Call,906289,102.59,Hardware,-1,Staff,Consigner,36270,48.06794,0.999718,125392,50.93706,0.999349,5,0,9,0,6,0,2,0.0,75.01688402479252,,0.0,0.0,0.1507692307692307,,0.0
1612,3,1,0,6.312,115,62,170123,436291,-1,427823,未知,Call,-28351,678.23,Miscellaneous Goods,-1,C,Consigner,514121,7.364708,0.98746,623939,0.0,0.940992,0,0,14,0,0,0,2,111.8825499384886,26.44942264549353,75.64841498559079,198.11205783684912,0.4285714285714285,0.1111111111111111,1.0,0.0
1613,2,1,0,191.441,4,7,126695,136918,-1,427862,未知,Call,104833,119.47,Documents & Bills,0,C,Receiver,123486,54.99043,0.968806,123585,3.55957,0.994287,0,0,4,1,3,0,2,60.02737754693536,92.30255429171878,57.06973849851224,0.0,0.1592356687898089,0.1935483870967742,0.0,0.0
1614,2,0,0,704.33,11,125,110996,409385,1,67847,Suspected Lost,Call,422781,322.96,Maternity & Baby Products,0,B,Consigner,463807,56.02967,0.99957,59963,31.83916,0.999778,5,0,13,0,5,0,2,46.140341664130425,73.66751450015366,47.357171881349046,27.125027320826536,0.1724137931034483,0.1523809523809524,1.0,0.5
1615,2,0,0,9.394,25,92,206943,447499,-1,48391,未知,Vendor Consultation,47320,455.25,Miscellaneous Goods,-1,B,Consigner,501286,63.79779,0.997124,94241,25.62381,0.913663,0,6,14,0,2,0,2,88.8237010925776,40.2168723640722,11.524240815301765,21.94691841657459,0.1843137254901961,0.2222222222222222,0.0,0.5
1616,3,0,0,244.155,4,76,74759,192295,-1,427829,未知,Call,1173825,328.87,Electronic Product,0,B,Consigner,714424,39.68663,0.998009,32470,39.81445,0.999101,0,0,6,0,6,0,2,60.02737754693536,104.46696466604024,78.50641773628938,0.0,0.1592356687898089,0.3043478260869565,0.0,0.0
1617,2,1,1,230.836,27,158,146182,343424,-1,427841,Damage,Internal Software,763469,1262.19,Maternity & Baby Products,-1,B,Consigner,285897,0.0,0.99842,29388,56.46835,0.981425,1,2,13,0,6,0,2,94.032370683866,63.91833902730377,0.0,41.668841488709965,0.0983606557377049,0.1666666666666666,0.0,0.0
1618,2,1,0,211.934,180,13,201815,365778,-1,427844,Pickup Error,Call,-41953,2218.06,Miscellaneous Goods,-1,C,Receiver,14781,22.34393,0.987156,78602,36.69525,0.986956,3,0,14,1,0,0,2,50.83458178883807,58.69138621086622,5.034230589699704,0.0,0.1333333333333333,0.0909090909090909,0.0,0.0
1619,5,1,1,445.692,217,132,190672,63594,-1,427860,未知,Call,552878,826.73,Dried Groceries,0,C,Consigner,36398,27.81233,0.99413,612218,4.975129,0.890255,0,0,5,0,5,0,2,126.03523867460144,56.88193748364041,8.001399664198216,0.0,0.2,0.1636363636363636,0.0,0.0
1620,3,0,0,0.432,63,243,46301,100106,-1,427817,Damage,Call,183853,636.56,Alcohol,0,B,Consigner,1258781,61.16339,0.979386,347777,2.872828,0.983255,1,0,0,0,4,0,2,87.51932180035882,61.478185686911466,101.81004319129738,0.0,0.2022471910112359,0.0625,0.0,0.0
1621,5,0,0,85.831,7,62,227346,146078,-1,427854,未知,Call,-52463,930.23,Miscellaneous Goods,0,B,Consigner,157543,8.531069,0.975567,127647,47.67821,0.998681,0,0,14,0,0,0,2,41.37467782828752,26.44942264549353,93.95808297694902,78.70015792616239,0.0597014925373134,0.1111111111111111,0.2585987261146497,0.3333333333333333
1622,2,0,0,9.796,151,88,183889,56127,-1,78993,Pickup Error,Call,1713471,998.86,Fresh,0,B,Receiver,349468,7.910661,0.949833,746492,3.311659,0.917539,3,0,7,1,6,1,1,55.000321274151965,79.74310528281981,83.80393880479427,5.923390116960188,0.0828402366863905,0.2061855670103092,0.2442307692307692,0.0
1623,5,1,0,0.0,356,4,208254,372365,-1,-29210,未知,Internal Software,142657,392.24,Furniture,-1,C,Consigner,269680,0.0,0.999423,1781978,0.0,0.867825,0,2,8,0,3,0,2,3.2007643975276423,81.2740685764068,,4.600322609552827,0.5,0.2439024390243902,,0.0
1624,2,0,0,703.694,268,291,227346,300000,1,-188762,Pickup Error,Call,372000000,3127.95,Alcohol,0,B,Consigner,4335026,66.68367,0.983772,10804183,153.0633,0.980089,3,0,0,0,6,0,2,96.84596855953218,67.74750724681486,93.95808297694902,163.30068855149273,0.1823899371069182,0.4782608695652174,0.2585987261146497,0.5474358974358975
1625,2,0,1,318.566,216,1,132459,431652,-1,427864,Damage,Call,126728,448.35,Fresh,0,C,Consigner,448058,0.0,0.970584,56813,25.09634,0.89834,1,0,7,0,3,1,0,14.71817851823966,69.89628878079544,0.0,13.098145054191836,0.4285714285714285,0.12,0.0,0.0
1626,2,0,0,15.707,187,67,15120,285810,-1,427794,未知,Call,468667,318.29,Miscellaneous Goods,0,C,Consigner,855846,0.528516,0.983171,287691,18.01711,0.996195,0,0,14,0,5,0,2,50.57901513935886,20.96220950079605,0.2863884571916622,15.7188414838634,0.1261261261261261,0.0,0.0,0.0
1627,2,0,0,158.688,42,3,51270,238011,-1,47031,未知,Call,172943,268.47,Appliances,0,B,Receiver,208207,0.0,0.99821,239476,14.91915,0.998198,0,0,2,1,4,0,2,106.19017586084024,63.81099393925928,0.0,,0.145631067961165,0.1170212765957446,0.0,
1628,2,0,0,379.349,318,181,227346,33688,-1,427838,未知,Vendor Consultation,338483,256.34,Furniture,-1,B,Consigner,1061289,42.66103,0.97027,245923,3.637471,0.983737,0,6,8,0,5,0,2,101.98257796760824,45.1926466370765,93.95808297694902,20.523744212542077,0.0869565217391304,0.2325581395348837,0.2585987261146497,0.0
1629,2,1,1,26.221,249,268,138872,27144,-1,427863,Pickup Error,Vendor Consultation,-29173,124.44,Pharmaceuticals,0,B,Consigner,234564,76.25779,0.982276,98071,15.66477,0.834792,3,6,15,0,0,0,2,80.79605912489077,130.15540902762945,1.7549352589908658,0.0,0.125,0.2727272727272727,0.0,0.0
1630,2,1,0,162.785,4,132,208679,60657,-1,427858,Damage,Vendor Consultation,1771435,1131.94,Alcohol,-1,C,Consigner,134271,123.2627,0.963327,78656,66.90008,0.969131,1,6,0,0,6,0,2,60.02737754693536,56.88193748364041,11.390866090507476,11.461602994321114,0.1592356687898089,0.1636363636363636,0.4,0.0
1631,2,0,0,343.956,152,100,182022,300000,-1,15605,Pickup Error,Call,968000000,1875.94,Fresh,0,C,Consigner,2173983,115.2592,0.98717,36976409,130.1515,0.964851,3,0,7,0,6,1,1,97.86133232302556,111.92654089931048,172.11868320297572,163.30068855149273,0.2702702702702703,0.1985815602836879,0.55,0.5474358974358975
1632,2,1,0,54.205,143,15,225876,295559,-1,-10889,Pickup Error,Call,-68380,470.56,Hardware,0,C,Receiver,31274,17.56592,0.986942,68553,35.76341,0.977513,3,0,9,1,0,0,2,38.45695991907031,76.467556088998,4.71621179920171,,0.1136363636363636,0.1296296296296296,0.0,
1633,2,1,0,255.72,253,106,196422,204475,-1,427861,未知,Mini Program,109020,1582.15,Dried Groceries,0,C,Receiver,71258,29.9271,0.971207,80094,47.37774,0.99877,0,4,5,1,3,0,2,63.03159537877947,49.82089121674756,2.647185040228707,152.0138636645368,0.1228070175438596,0.1538461538461538,0.0,0.0
1634,2,0,0,24.984,24,155,100524,33688,-1,427851,未知,Call,86648,282.22,Alcohol,0,Not Known,Receiver,12218,60.95036,0.98426,450365,28.93472,0.981318,0,0,0,1,3,0,2,135.3681908873524,89.85481766821702,0.2879376135170713,20.523744212542077,0.4615384615384615,0.1818181818181818,0.0,0.0
1635,2,0,0,0.0,328,130,223453,12784,-1,-41789,Damage,Internal Software,266405,105.29,Hardware,-1,C,Staff,523675,85.02709,0.925356,474308,1.891691,0.998184,1,2,9,2,5,0,2,559.0942457776877,42.32195994529707,425.1735874744725,,0.0,0.125,1.0,
1636,2,0,0,12.994,178,134,195046,395587,-1,427860,Suspected Lost,Call,83999,300.85,Pharmaceuticals,0,Not Known,Receiver,363064,3.464675,0.952456,1845573,0.0,0.980671,5,0,15,1,2,0,2,59.71452989301516,46.10167247042128,12.221182945955912,0.0,0.1660079051383399,0.0869565217391304,0.3333333333333333,0.0
1637,2,0,0,9.337,218,2,227346,264711,-1,-105811,Suspected Lost,Internal Software,-78917,111.33,Miscellaneous Goods,-1,B,Consigner,476031,9.732607,0.997391,510987,6.119743,0.965395,5,2,14,0,0,0,2,45.42517437856351,93.3192184944359,93.95808297694902,74.70850169044282,0.3333333333333333,0.1111111111111111,0.2585987261146497,0.0
1638,2,1,0,165.147,179,197,123601,226222,-1,53807,未知,Call,-49037,392.55,Household Goods,0,C,Consigner,9124,32.17017,0.945852,139846,7.911612,0.948046,0,0,11,0,0,0,2,56.8349237193444,63.769979151069016,2.456573519141579,1.1863996230597198,0.1497584541062802,0.208955223880597,0.0,0.0
1639,2,1,0,107.43,291,143,41477,299524,-1,427864,Damage,Internal Software,624518,493.46,Documents & Bills,0,C,Consigner,129357,57.51628,0.997639,339396,33.96724,0.87439,1,2,4,0,6,0,2,256.15858058802274,101.9632107476282,2.200485168442409,43.21742184755884,0.6,0.2075471698113207,0.3333333333333333,0.0
1640,2,0,0,25.699,94,0,227346,369430,-1,427864,Damage,,783450,593.09,Miscellaneous Goods,0,Not Known,Unknown,628092,92.5059,0.967865,13280,147.915,0.986727,1,5,14,3,6,0,2,53.703811704376186,75.01688402479252,93.95808297694902,4.227431474230078,0.1428571428571428,0.1507692307692307,0.2585987261146497,0.0
1641,2,0,0,332.29,25,23,10093,232726,-1,427852,未知,Call,-19162,1208.71,Miscellaneous Goods,-1,B,Receiver,452025,4.590611,0.980344,271130,8.408495,0.967589,0,0,14,1,0,0,2,88.8237010925776,61.86596339980573,2.4333184928964595,0.0,0.1843137254901961,0.2222222222222222,0.0,0.0
1642,2,0,0,158.824,1,127,185937,2249,1,427858,未知,Mini Program,1999630,481.54,Miscellaneous Goods,-1,B,Consigner,7908,6.607659,0.999989,130171,107.8747,0.993573,0,4,14,0,6,0,2,69.06443164317325,63.45537171576693,0.0,39.242917030348416,0.1802721088435374,0.2325581395348837,0.0,0.0
1643,2,0,0,2.055,3,0,203152,375214,-1,427833,Suspected Lost,Call,-81052,114.36,Furniture,0,C,Consigner,7527,1.067562,0.989581,664148,5.693536,0.992977,5,0,8,0,0,0,2,41.966021036266106,75.01688402479252,50.82413103090491,149.51,0.1538461538461538,0.1507692307692307,0.0,0.0
1644,2,0,0,69.291,182,178,193650,243170,-1,427639,未知,Internal Software,337851,735.68,Miscellaneous Goods,0,C,Receiver,26365,5.056211,0.966064,321226,25.85003,0.988499,0,2,14,1,5,0,2,22.285995961952302,75.72709977879157,48.10227495989376,110.3407850726025,0.1111111111111111,0.2073170731707317,0.25,0.0588235294117647
1645,2,1,0,65.678,190,230,165175,333272,-1,-90001,Pickup Error,Call,221731,774.38,Jewelry,-1,C,Consigner,135696,55.97083,0.997603,244826,9.764905,0.993537,3,0,12,0,4,0,2,73.48402451815683,3.065234483739149,0.0,0.0,0.1560693641618497,0.0,0.0,0.0
1646,2,1,0,42.264,2,211,83644,134651,-1,427864,Suspected Lost,Internal Software,116278,715.01,Jewelry,0,B,Consigner,88140,43.79578,0.984333,134398,6.265329,0.997499,5,2,12,0,3,0,2,56.04468495785089,74.44213332427378,278.64277910993184,0.0,0.0935960591133004,0.2777777777777778,0.0,0.0
1647,2,1,0,65.488,25,140,134047,96298,-1,146462,未知,Internal Software,11020,980.25,Hardware,-1,C,Consigner,183101,16.53564,0.999947,915243,1.831743,0.998372,0,2,9,0,2,0,2,88.8237010925776,32.04443699722811,0.0,0.0,0.1843137254901961,0.1515151515151515,0.0,0.0
1648,2,0,0,1226.528,145,20,127331,392912,-1,-56728,Damage,Call,404344,821.34,Dried Groceries,-1,B,Consigner,69674,158.2607,0.993968,64791,51.8794,0.9661,1,0,5,0,5,0,2,69.30729146363558,37.02322078222722,19.25430199806355,173.09,0.1590909090909091,0.1428571428571428,0.0,1.0
1649,2,1,0,79.173,2,55,190766,239740,-1,89608,未知,Internal Software,299733,113.56,Hardware,0,C,Receiver,3537468,1.783001,0.885012,582257,0.0,0.974607,0,2,9,1,5,0,2,56.04468495785089,119.73828509963953,0.0,0.0,0.0935960591133004,0.1538461538461538,0.0,0.0
1650,5,1,0,24.821,12,249,215974,300000,-1,427834,Damage,Call,171000000,1662.99,Dried Groceries,-1,C,Consigner,62969820,163.5176,0.98408,75950445,3.624507,0.967716,1,0,5,0,6,0,2,59.94601001535578,68.90840414854678,81.4699013359998,163.30068855149273,0.2666666666666666,0.2,0.4375,0.5474358974358975
1651,2,0,0,0.482,56,14,45431,146299,-1,427578,未知,Call,-69683,531.38,Miscellaneous Goods,-1,B,Receiver,381206,0.0,0.9808,507311,0.0,0.997607,0,0,14,1,0,0,2,56.811578165689504,62.29691250575112,8.896583684712088,3.214845162067719,0.0833333333333333,0.125,0.0,0.0
1652,2,1,0,103.664,63,3,53562,291712,-1,427545,未知,Internal Software,221948,972.52,Dried Groceries,-1,Not Known,Consigner,233224,16.08216,0.998886,555019,0.0,0.971297,0,2,5,0,4,0,2,87.51932180035882,63.81099393925928,0.0,12.004305929426009,0.2022471910112359,0.1170212765957446,0.0,0.5
1653,3,1,0,0.0,253,99,18279,60479,-1,427811,Suspected Lost,Call,93681,1120.58,Electronic Product,-1,C,Consigner,280740,6.238663,0.96403,411999,0.0,0.876764,5,0,6,0,3,0,2,63.03159537877947,39.75074374258253,23.006980590234573,,0.1228070175438596,0.1505376344086021,0.0,
1654,2,0,0,31.63,277,197,183889,1552,-1,427621,Suspected Lost,Complaint,582687,385.8,Pharmaceuticals,0,B,Consigner,476157,44.91594,0.998246,801107,34.85271,0.965971,5,1,15,0,5,0,2,70.53199433944796,63.769979151069016,83.80393880479427,0.0,0.25,0.208955223880597,0.2442307692307692,0.0
1655,2,0,0,143.13,100,179,194452,365708,-1,-84705,未知,Call,579031,225.56,Hardware,-1,Not Known,Consigner,391466,3.644659,0.960431,277396,41.6971,0.949462,0,0,9,0,5,0,2,57.27817095022288,49.485349035609424,0.0,,0.1162790697674418,0.17578125,0.0,
1656,2,0,0,26.662,44,27,152813,200446,-1,38809,未知,Internal Software,155986,1343.79,Pharmaceuticals,0,C,Staff,292907,28.64654,0.984554,85223,10.71147,0.998724,0,2,15,2,3,0,2,54.68123268224992,64.72765369509243,220.5595674760392,40.793296775277256,0.1818181818181818,0.4545454545454545,0.6666666666666666,0.0
1657,2,1,0,12.843,193,79,185356,377228,-1,427860,未知,Call,-6051,289.49,Pharmaceuticals,0,B,Consigner,480437,8.797098,0.949553,704552,2.572867,0.969905,0,0,15,0,0,0,2,99.9740257904606,41.96640113648718,4.638635363976249,112.97610681658466,0.2307692307692307,0.2758620689655172,0.0,1.0
1658,2,0,0,42.413,105,132,179687,69493,-1,427630,未知,Internal Software,276402,205.12,Dried Groceries,1,C,Consigner,113898,87.38216,0.963548,32990,97.15082,0.997906,0,2,5,0,5,0,2,20.905244322916747,56.88193748364041,25.049158444155267,59.41111862052839,0.0909090909090909,0.1636363636363636,0.0,0.6666666666666666
1659,2,0,1,191.742,146,187,177766,23266,1,427849,Suspected Lost,Internal Software,-77987,519.76,Furniture,0,B,Unknown,10426,105.5011,0.999591,82339,5.106615,0.976534,5,2,8,3,0,0,2,75.50373567911244,71.38613126413931,69.15797044652962,4.026468943328298,0.3,0.1777777777777777,0.0,0.6666666666666666
1660,2,0,0,10.538,162,117,142543,193792,-1,427690,Suspected Lost,Vendor Consultation,597311,1133.41,Pharmaceuticals,-1,C,Receiver,25034,26.30642,0.948865,655049,43.67149,0.977146,5,6,15,1,5,0,2,85.80271992814488,66.62484724143525,19.488828706838188,0.0,0.2352941176470588,0.0689655172413793,0.0,0.0
1661,5,0,0,115.627,196,76,14084,99185,-1,-71832,未知,Call,153672,103.88,Household Goods,-1,Not Known,Consigner,120154,22.36193,0.936955,238853,27.63862,0.89389,0,0,11,0,3,0,2,25.80494767740001,104.46696466604024,69.64123028029817,1.067098551678795,0.2666666666666666,0.3043478260869565,0.1481481481481481,0.0
1662,2,0,0,0.0,318,32,127588,329517,-1,427860,Pickup Error,Call,343898,134.91,Miscellaneous Goods,0,B,Receiver,750817,0.756819,0.99544,1081223,0.0,0.950436,3,0,14,1,5,0,2,101.98257796760824,47.11867262884511,247.1398615916955,116.24878938970882,0.0869565217391304,0.0625,0.0,0.0
1663,2,0,0,116.185,218,234,209602,300000,1,427864,Pickup Error,Call,638000000,4133.63,Miscellaneous Goods,-1,B,Receiver,20330194,9.307546,0.951193,518000000,27.8117,0.967548,3,0,14,1,6,0,2,45.42517437856351,23.788597837309357,92.7919306651536,163.30068855149273,0.3333333333333333,0.1052631578947368,0.5909090909090909,0.5474358974358975
1664,2,1,0,91.521,13,291,211520,78320,-1,427825,未知,Call,450470,1260.95,Miscellaneous Goods,0,C,Consigner,16864,20.50278,0.988433,176980,33.67147,0.994457,0,0,14,0,5,0,2,117.72169897217258,67.74750724681486,171.97748481541532,42.49357825970298,0.2748538011695906,0.4782608695652174,0.125,0.0
1665,2,0,0,56.048,277,111,183889,381293,-1,427858,Pickup Error,Call,37599,486.73,Miscellaneous Goods,-1,C,Receiver,12830,75.32326,0.986155,493104,28.47846,0.962299,3,0,14,1,2,0,2,70.53199433944796,56.45734597268032,83.80393880479427,1.2739174831635507,0.25,0.0666666666666666,0.2442307692307692,0.0
1666,2,0,0,358.227,104,235,192571,9015,-1,427818,Damage,Call,3558,343.27,Documents & Bills,1,C,Consigner,21434,62.81967,0.999816,57077,58.15641,0.990808,1,0,4,0,2,0,2,9.768753582444225,58.86124754081313,100.75342875965742,59.370786516853926,0.0,0.25,0.0,1.0
1667,2,0,0,300.28,100,110,185696,411792,-1,427862,Pickup Error,Call,1182,248.06,Appliances,0,B,Consigner,49603,120.9833,0.962822,307581,79.22578,0.969556,3,0,2,0,2,0,2,57.27817095022288,63.258594293395895,15.894726175651249,,0.1162790697674418,0.1219512195121951,0.0,
1668,2,1,1,7.171,199,115,101919,402896,-1,427863,Damage,Call,1289610,139.18,Jewelry,0,B,Consigner,167118,118.1184,0.96027,163992,10.65927,0.956016,1,0,12,0,6,0,2,85.77074119936532,40.50436487071241,1.1885532364300548,0.0,0.1063829787234042,0.0833333333333333,0.0,0.0
1669,2,0,0,192.007,0,212,227346,219243,-1,427850,Pickup Error,Internal Software,723230,281.02,Miscellaneous Goods,-1,B,Consigner,8282,0.44486,0.997394,157258,26.56697,0.8969,3,2,14,0,6,0,2,57.22795965470159,133.2668484517222,93.95808297694902,0.0,0.1678082191780822,0.36,0.2585987261146497,0.0
1670,2,1,0,434.441,268,221,199654,322304,-1,427863,Suspected Lost,Call,40631,1935.86,Documents & Bills,0,B,Consigner,94034,37.95197,0.99,90292,13.5134,0.985114,5,0,4,0,2,0,2,96.84596855953218,124.92080405843552,14.234443067193284,1.6069585395409784,0.1823899371069182,0.3333333333333333,0.5,0.0
1671,2,0,0,450.977,12,96,207959,445372,-1,167599,未知,Call,143996,937.4,Miscellaneous Goods,-1,C,Receiver,1220,85.30251,0.960379,388684,4.979789,0.958314,0,0,14,1,3,0,2,59.94601001535578,114.16873400512304,5.652723252560804,34.90297243184968,0.2666666666666666,0.2,0.0,1.0
1672,2,0,0,21.119,147,3,227346,397587,-1,427851,未知,Call,282998,386.74,Home Improvement and Building Material,-1,B,Consigner,557509,0.325457,0.976402,621374,24.75664,0.993634,0,0,10,0,5,0,2,45.57215363038746,63.81099393925928,93.95808297694902,11.226098590099824,0.2,0.1170212765957446,0.2585987261146497,0.0
1673,2,0,0,166.485,146,4,223752,300000,-1,261108,Damage,Call,957000000,2367.97,Pharmaceuticals,0,B,Unknown,3466309,64.27981,0.999937,866000000,0.0,0.91916,1,0,15,3,6,0,2,75.50373567911244,81.2740685764068,247.3830924887306,163.30068855149273,0.3,0.2439024390243902,0.3902439024390244,0.5474358974358975
1674,5,0,0,1157.133,196,195,211658,188329,-1,114565,Suspected Lost,Internal Software,89566,100.94,Hardware,-1,Not Known,Unknown,833,37.69807,0.99996,439829,31.67854,0.989195,5,2,9,3,3,0,2,25.80494767740001,0.0,,0.0,0.2666666666666666,0.0,,0.0
1675,2,0,0,89.309,232,55,198779,300000,-1,427864,Damage,Call,988000000,4304.69,Beauty & Daily Essentials,-1,Not Known,Consigner,17914246,57.62049,0.986681,33500000000,89.36717,0.861766,1,0,3,0,6,0,2,47.355810569472624,119.73828509963953,61.50996322773379,163.30068855149273,0.4210526315789473,0.1538461538461538,0.1714285714285714,0.5474358974358975
1676,2,0,0,0.0,222,151,47703,315174,-1,427853,未知,Call,-24464,820.44,"Apparel, Footwear & Accessories",0,C,Consigner,340495,1.111417,0.998752,1663474,0.187159,0.929827,0,0,1,0,0,0,2,44.00935888510234,62.91307713975876,0.0,4.409038955744353,0.173469387755102,0.1176470588235294,0.0,0.0
1677,2,1,0,190.46,197,274,180036,378232,-1,427851,Damage,Call,-42072,240.0,Miscellaneous Goods,0,B,Unknown,29197,34.00694,0.973013,818172,26.6024,0.999688,1,0,14,3,0,0,2,69.0135805405548,126.32811879679848,6.213374112063342,0.6630083069351352,0.1162790697674418,0.5,0.0,0.0
1678,2,0,0,276.204,146,225,109503,46256,1,427846,Damage,Internal Software,17804,3845.52,Furniture,0,B,Consigner,4746,6.972251,0.937731,71129,92.06332,0.998112,1,2,8,0,2,0,2,75.50373567911244,16.68230984680013,,13.237544256038266,0.3,0.2142857142857142,,0.0
1679,2,0,0,30.044,101,193,162003,262876,-1,427863,未知,Internal Software,134514,643.27,Dried Groceries,-1,B,Consigner,65485,4.21069,0.963938,289469,23.65442,0.944324,0,2,5,0,3,0,2,94.6704948186992,27.46228828491764,17.25292504431645,14.502865876958348,0.2333333333333333,0.217391304347826,0.0,0.0
1680,2,0,0,0.0,90,88,176433,191219,-1,427841,Suspected Lost,Call,1323626,482.87,Miscellaneous Goods,-1,Staff,Unknown,179057,24.30271,0.992443,983775,10.47693,0.924666,5,0,14,3,6,0,2,70.21834052919762,79.74310528281981,181.90733037581083,2.417273586146689,0.1290322580645161,0.2061855670103092,0.125,0.0
1681,2,0,1,262.632,197,27,34321,359465,-1,427864,未知,Call,732969,651.99,Pharmaceuticals,-1,C,Consigner,11699,159.7076,0.986277,154,234.1699,0.987833,0,0,15,0,6,0,2,69.0135805405548,64.72765369509243,5.585099548174061,249.9194922190038,0.1162790697674418,0.4545454545454545,1.0,0.0
1682,5,0,0,53.407,47,14,451,145383,-1,427848,Pickup Error,Call,1765403,357.95,Miscellaneous Goods,0,B,Receiver,398518,93.86531,0.988416,155427,0.233475,0.999173,3,0,14,1,6,0,2,42.58914280906974,62.29691250575112,0.0,0.5574316267445077,0.24,0.125,0.0,0.0
1683,2,0,0,7.46,4,233,112629,403716,-1,427863,Damage,Internal Software,55073,102.16,Jewelry,1,B,Receiver,1645342,0.0,0.953112,291302,0.0,0.967679,1,2,12,1,2,0,2,60.02737754693536,33.329354817024,0.4332845046579938,9.552469315678437,0.1592356687898089,0.4,0.0,0.0
1684,2,1,1,0.0,9,232,40307,300155,-1,182963,Damage,Call,143466,598.43,Dried Groceries,-1,C,Receiver,31382,35.95431,0.898282,340701,2.620258,0.980328,1,0,5,1,3,0,2,183.019796897258,104.02098248075887,1.612088787950625,0.0,0.2580645161290322,0.2,0.0,0.0
1685,2,0,0,255.288,102,63,40244,417287,-1,77772,Damage,Call,1326332,341.17,"Apparel, Footwear & Accessories",0,B,Receiver,135836,35.48527,0.861106,124044,204.606,0.952797,1,0,1,1,6,0,2,84.99396693620673,52.20261068322199,0.0,0.0,0.1518987341772152,0.2941176470588235,0.0,0.0
1686,2,1,0,29.957,100,203,37591,189455,-1,427862,Pickup Error,Call,57135,227.6,Miscellaneous Goods,-1,C,Receiver,400804,6.820636,0.974578,22243,20.32244,0.996392,3,0,14,1,2,0,2,57.27817095022288,73.82922603912272,7.458154576183047,0.0,0.1162790697674418,0.25,0.0,0.0
1687,3,0,0,140.235,100,137,164863,290464,-1,427863,未知,Call,-34953,950.34,Miscellaneous Goods,-1,C,Receiver,160060,31.16737,0.983064,1668415,9.122603,0.956242,0,0,14,1,0,0,2,57.27817095022288,40.54514853954838,0.0,0.0,0.1162790697674418,0.1012658227848101,0.0,0.0
1688,2,0,0,0.0,197,127,96899,9647,-1,-52504,未知,Call,-56939,972.7,Miscellaneous Goods,0,C,Unknown,28945,43.74647,0.998443,1006569,0.0,0.972964,0,0,14,3,0,0,2,69.0135805405548,63.45537171576693,0.3438264502114074,0.0,0.1162790697674418,0.2325581395348837,0.0,0.0
1689,2,0,0,749.484,63,168,180777,276092,-1,5732,未知,Vendor Consultation,542151,169.98,Hardware,-1,C,Consigner,198574,23.79231,0.83713,15738,6.385914,0.911042,0,6,9,0,5,0,2,87.51932180035882,122.833580311983,0.0,25.10144022366928,0.2022471910112359,0.2608695652173913,0.0,0.0
1690,2,0,0,190.213,218,222,223752,261372,-1,31637,未知,Call,442999,425.65,Pharmaceuticals,-1,B,Unknown,309303,5.273911,0.982653,768134,1.912412,0.988625,0,0,15,3,5,0,2,45.42517437856351,77.81584876066215,247.3830924887306,2.3899906958523087,0.3333333333333333,0.1598173515981735,0.3902439024390244,0.0
1691,2,0,0,0.085,190,268,171040,312714,-1,-75178,Pickup Error,Call,-59672,169.65,Documents & Bills,0,B,Consigner,267712,0.0,0.641369,392331,20.38586,0.968307,3,0,4,0,0,0,2,73.48402451815683,130.15540902762945,,3.4627864623125846,0.1560693641618497,0.2727272727272727,,0.0
1692,2,0,0,219.234,13,178,74406,177998,-1,427831,Suspected Lost,Call,-79085,161.89,Alcohol,-1,Not Known,Consigner,217761,14.46067,0.99605,366063,34.74029,0.989314,5,0,0,0,0,0,2,117.72169897217258,75.72709977879157,1.4809444361946524,6.1449474056191775,0.2748538011695906,0.2073170731707317,0.0,0.0
1693,2,0,1,65.185,172,89,62183,98213,1,427783,Damage,Call,586741,684.13,Miscellaneous Goods,-1,C,Consigner,116141,231.0091,0.990684,9212,71.18045,0.97297,1,0,14,0,5,0,2,7.2407826331521825,66.91243902018225,0.0,3.937651508941223,0.1818181818181818,0.1875,0.0,1.0
1694,2,0,0,41.308,14,3,195354,273981,1,427684,Damage,Complaint,-81133,681.48,"Apparel, Footwear & Accessories",0,C,Unknown,251493,6.21247,0.958844,207880,2.81841,0.996024,1,1,1,3,0,0,2,46.7451960537384,63.81099393925928,5.460861345526273,7.833051779680993,0.0555555555555555,0.1170212765957446,0.0,0.0
1695,2,0,0,303.266,190,179,212328,265067,-1,427824,未知,Call,50548,182.49,Miscellaneous Goods,0,B,Receiver,343345,47.05142,0.880834,843954,7.19656,0.973125,0,0,14,1,2,0,2,73.48402451815683,49.485349035609424,2.951620861740053,,0.1560693641618497,0.17578125,0.3333333333333333,
1696,2,0,0,280.477,3,251,223753,373334,-1,427741,Suspected Lost,Internal Software,272308,223.58,Household Goods,1,B,Receiver,639,4.395564,0.993681,249529,29.0432,0.916479,5,2,11,1,5,0,2,41.966021036266106,27.64966313763233,10.44857907571553,162.52369852369853,0.1538461538461538,0.0,0.25,0.0
1697,2,0,0,488.111,89,42,174808,141000,-1,427861,未知,Call,1837828,2483.67,Home Improvement and Building Material,-1,Not Known,Consigner,13667,22.57434,0.904399,255792,10.44195,0.944311,0,0,10,0,6,0,2,56.62852339692903,47.89018349830656,0.0,0.0,0.1,0.0571428571428571,0.0,0.0
1698,2,1,0,548.414,31,110,220883,185392,-1,129848,Pickup Error,Call,532878,440.77,Electronic Product,-1,B,Receiver,32167,21.18771,0.999916,588750,5.593996,0.98077,3,0,6,1,5,0,2,68.5036860803531,63.258594293395895,135.84925416861563,0.0,0.0833333333333333,0.1219512195121951,0.1,0.0
1699,2,0,0,374.522,178,0,183889,245717,-1,427860,未知,Call,122452,909.37,Dried Groceries,-1,C,Consigner,13495,0.0,0.999113,42105,21.29263,0.966668,0,0,5,0,3,0,2,59.71452989301516,75.01688402479252,83.80393880479427,36.504675246230136,0.1660079051383399,0.1507692307692307,0.2442307692307692,0.0
1700,2,0,0,57.937,179,157,15877,49448,-1,34674,Damage,Call,1380737,1077.82,Household Goods,0,C,Consigner,53510,0.0,0.659711,188800,8.609029,0.984601,1,0,11,0,6,0,2,56.8349237193444,166.21433105480688,46.97040480882532,320.7238605898123,0.1497584541062802,0.6428571428571429,0.1827956989247312,0.0
1701,2,0,0,24.026,106,164,200080,30661,-1,427839,未知,Call,-74197,258.55,Miscellaneous Goods,-1,B,Receiver,142444,35.67002,0.995018,1485133,0.0,0.997279,0,0,14,1,0,0,2,36.14329446399336,49.08316346381199,11.75607945052905,,0.2692307692307692,0.1458333333333333,0.0,
1702,2,0,0,3.892,3,179,15877,249448,-1,427864,未知,Call,128387,227.94,Household Goods,0,B,Consigner,90176,0.966733,0.999063,778698,2.204121,0.955491,0,0,11,0,3,0,2,41.966021036266106,49.485349035609424,46.97040480882532,37.60541221438717,0.1538461538461538,0.17578125,0.1827956989247312,0.0
1703,2,1,0,578.756,142,124,22344,260224,1,427828,未知,Call,963698,881.81,Miscellaneous Goods,0,B,Unknown,826862,16.78379,0.991062,302115,15.80828,0.9998,0,0,14,3,6,0,2,91.575345523678,314.8009828592744,0.0,0.0,0.1756756756756756,0.25,0.0,0.0
1704,2,1,0,762.864,133,132,183889,453994,-1,427636,Damage,Mini Program,597658,687.55,Furniture,0,C,Consigner,15187,10.43993,0.982395,110930,28.81156,0.994695,1,4,8,0,5,0,2,66.60560181682781,56.88193748364041,83.80393880479427,52.79636156902294,0.1515151515151515,0.1636363636363636,0.2442307692307692,0.25
1705,2,0,0,283.666,63,199,97270,384484,-1,427849,未知,Call,375751,203.88,Appliances,-1,B,Unknown,105930,52.13404,0.999717,39659,138.668,0.951359,0,0,2,3,5,0,2,87.51932180035882,65.33437063477945,46.16707782866526,234.0,0.2022471910112359,0.3513513513513513,0.0,1.0
1706,2,0,0,0.0,82,132,193886,426409,-1,21373,未知,Internal Software,-46539,100.08,Documents & Bills,0,B,Consigner,539494,50.98488,0.825194,461579,9.443752,0.975313,0,2,4,0,0,0,2,17.278540115103553,56.88193748364041,183.07850421942743,7.200396051081927,0.3333333333333333,0.1636363636363636,0.2535211267605634,0.0
1707,2,0,0,88.608,111,179,113451,13943,-1,427764,未知,Vendor Consultation,-69102,1266.72,Furniture,0,Not Known,Receiver,2239,3.179107,0.964266,163522,51.21523,0.901241,0,6,8,1,0,0,2,55.72588842983137,49.485349035609424,51.35043988269794,20.47248857626676,0.0384615384615384,0.17578125,0.0,0.0
1708,2,0,0,1000.897,315,271,209602,300000,-1,-43035,未知,Internal Software,249000000,1991.98,Jewelry,0,C,Unknown,7023678,108.3039,0.959909,4942544,36.20169,0.881146,0,2,12,3,6,0,2,19.31381362227332,24.09621176644301,92.7919306651536,163.30068855149273,0.5,0.3448275862068966,0.5909090909090909,0.5474358974358975
1709,2,0,1,434.774,179,178,44614,404381,-1,427848,Suspected Lost,Call,286977,1046.13,Jewelry,-1,B,Receiver,420045,89.99322,0.993473,377679,61.06758,0.966232,5,0,12,1,5,0,2,56.8349237193444,75.72709977879157,33.99104761043541,0.6009301589633758,0.1497584541062802,0.2073170731707317,0.0,0.0
1710,2,1,0,67.683,117,276,220225,198367,-1,131498,未知,Mini Program,-44412,502.69,Dried Groceries,0,C,Consigner,115963,5.690469,0.997615,84583,2.90387,0.928539,0,4,5,0,0,0,2,57.51283596595224,10.135786229263095,0.0,0.0,0.1052631578947368,0.0,0.0,0.0
1711,2,0,0,320.515,0,203,183889,300000,-1,218260,Pickup Error,Call,262000000,2219.79,Electronic Product,0,C,Consigner,42606806,49.70219,0.987845,942000000,22.26785,0.989754,3,0,6,0,6,0,2,57.22795965470159,73.82922603912272,83.80393880479427,163.30068855149273,0.1678082191780822,0.25,0.2442307692307692,0.5474358974358975
1712,2,0,0,0.0,6,100,227346,254335,-1,45316,Damage,Call,1088256,1770.14,Jewelry,0,Not Known,Consigner,216099,0.0,0.966809,445317,5.600235,0.898742,1,0,12,0,6,0,2,32.29956245158629,111.92654089931048,93.95808297694902,51.73464324699812,0.0555555555555555,0.1985815602836879,0.2585987261146497,0.0
1713,2,0,0,6.719,44,38,32511,127111,-1,427864,未知,Call,449420,104.79,Beauty & Daily Essentials,-1,B,Consigner,665,33.8214,0.998092,733673,19.69033,0.994228,0,0,3,0,5,0,2,54.68123268224992,37.71779182770192,21.38959349289104,0.0,0.1818181818181818,0.125,0.0,0.0
1714,2,1,0,3.42,146,173,15441,21858,-1,427864,未知,Call,-54518,217.39,Fresh,0,Not Known,Receiver,203916,2.792264,0.994912,683180,37.91592,0.972899,0,0,7,1,0,1,1,75.50373567911244,33.92099111754214,18.778108340157527,556.86,0.3,0.0,0.7777777777777778,0.0
1715,2,1,0,95.65,142,197,215974,300000,-1,-188762,未知,Call,18309838,4223.9,Miscellaneous Goods,-1,B,Receiver,7391,9.668329,0.984968,9252311,78.94359,0.999188,0,0,14,1,6,0,2,91.575345523678,63.769979151069016,81.4699013359998,163.30068855149273,0.1756756756756756,0.208955223880597,0.4375,0.5474358974358975
1716,7,1,0,468.121,247,234,84067,428082,-1,-80601,Suspected Lost,Call,-55317,157.84,Beauty & Daily Essentials,0,C,Consigner,734,96.80002,0.999383,223536,23.15432,0.969098,5,0,3,0,0,0,2,32.91556462230818,23.788597837309357,1.0604052699339943,0.0,0.0526315789473684,0.1052631578947368,0.5,0.0
1717,2,0,0,357.814,9,232,42471,300000,-1,427864,Damage,Vendor Consultation,197000000,2268.44,Household Goods,0,C,Receiver,66241877,0.0,0.994627,60762863,40.95368,0.960801,1,6,11,1,6,0,2,183.019796897258,104.02098248075887,98.59350431373682,163.30068855149273,0.2580645161290322,0.2,0.55,0.5474358974358975
1718,2,1,0,27.798,268,40,101579,397211,-1,427833,未知,Internal Software,-80090,116.14,Miscellaneous Goods,0,C,Consigner,187615,0.0,0.903672,1402023,0.0,0.990723,0,2,14,0,0,0,2,96.84596855953218,43.97922503279143,41.236282751230775,7.319502074688797,0.1823899371069182,0.1333333333333333,0.0,0.0
1719,2,1,0,444.752,302,33,30083,137139,1,427682,Pickup Error,Call,1138620,971.14,Maternity & Baby Products,-1,C,Unknown,67808,4.399762,0.97362,199081,26.83535,0.954411,3,0,13,3,6,0,2,36.15561962809524,36.78825873504067,0.0,13.332788155105607,0.0434782608695652,0.3225806451612903,0.0,0.25
1720,2,0,0,3.231,22,76,192208,400521,-1,427849,Pickup Error,Internal Software,-30011,1553.12,Dried Groceries,-1,Not Known,Consigner,959970,0.0,0.946453,1539691,0.0,0.977434,3,2,5,0,0,0,2,196.6185309081795,104.46696466604024,2.3966751521347804,8.818629751290475,0.1818181818181818,0.3043478260869565,0.0,1.0
1721,2,1,0,48.585,207,106,159837,54004,1,148443,Suspected Lost,Vendor Consultation,-65705,2063.42,Alcohol,-1,B,Receiver,1650494,11.64073,0.97607,1338254,19.51666,0.981484,5,6,0,1,0,0,2,74.1529936661414,49.82089121674756,,,0.4594594594594595,0.1538461538461538,,
1722,2,1,0,587.786,100,312,140309,299478,1,-38118,Damage,Internal Software,-68554,649.89,Hardware,-1,B,Receiver,740001,41.38404,0.959091,47577,7.885795,0.992286,1,2,9,1,0,0,2,57.27817095022288,11.59545355040523,1.9172861995962776,38.597869803745766,0.1162790697674418,0.0,0.0,0.0
1723,2,0,0,69.856,222,100,150252,257563,-1,43633,Damage,Mini Program,-12309,790.71,Hardware,-1,B,Consigner,196086,6.989519,0.989344,420690,66.87396,0.908944,1,4,9,0,0,0,2,44.00935888510234,111.92654089931048,50.618481207040745,0.0,0.173469387755102,0.1985815602836879,0.0,0.0
1724,2,0,0,2.741,89,179,21210,170201,-1,3325,Damage,Mini Program,-38231,302.15,Hardware,0,C,Consigner,508546,0.0,0.966367,303072,15.51708,0.965778,1,4,9,0,0,0,2,56.62852339692903,49.485349035609424,0.0,0.0,0.1,0.17578125,0.0,0.0
1725,2,0,0,18.262,146,166,198459,421648,-1,427575,Pickup Error,Vendor Consultation,622472,188.11,Dried Groceries,0,B,Consigner,4297,0.0,0.994618,1068911,1.973936,0.987615,3,6,5,0,6,0,2,75.50373567911244,12.05511157539476,9.489056199156195,129.0458070635782,0.3,0.0,0.0,0.0
1726,2,0,0,437.643,102,102,78045,216288,-1,427714,Pickup Error,Call,459221,687.52,Alcohol,0,Not Known,Receiver,4695,42.88358,0.987064,17543,75.84509,0.99466,3,0,0,1,5,0,2,84.99396693620673,127.44248338763862,2.344434611814984,4.689133329176463,0.1518987341772152,0.1789473684210526,1.0,0.0
1727,2,0,0,401.727,82,315,227346,44656,-1,-138882,未知,Internal Software,1098185,356.63,Appliances,-1,Not Known,Unknown,5884,169.909,0.944993,29828,149.4638,0.996538,0,2,2,3,6,0,2,17.278540115103553,7.532596468615041,93.95808297694902,12.689670932358318,0.3333333333333333,0.25,0.2585987261146497,0.0
1728,2,0,0,1.101,0,217,129271,15870,-1,80035,未知,Call,-39753,186.12,Miscellaneous Goods,-1,B,Receiver,179420,15.49808,0.999964,456746,12.63384,0.938178,0,0,14,1,0,0,2,57.22795965470159,100.30985757150113,11.847515513078458,0.0,0.1678082191780822,0.0769230769230769,0.5,0.0
1729,2,0,0,740.991,366,122,189184,329080,-1,85595,Pickup Error,Vendor Consultation,-82054,1460.83,Miscellaneous Goods,0,C,Receiver,543996,63.65298,0.818815,325542,49.16015,0.984552,3,6,14,1,0,0,2,100.9598075157956,202.9059672850224,,0.0,0.4,0.0,,0.0
1730,3,1,0,26.363,42,6,21210,305641,-1,427842,未知,Call,-66368,2008.78,Pharmaceuticals,0,B,Unknown,6715,3.710086,0.995474,1175628,1.082928,0.847999,0,0,15,3,0,0,2,106.19017586084024,77.94187064631588,0.0,0.1384665503185054,0.145631067961165,0.1875,0.0,0.0
1731,2,0,0,51.079,196,278,227346,308513,-1,427864,未知,Internal Software,912671,294.83,Appliances,0,C,Receiver,824384,78.61563,0.993262,3575,47.16269,0.997636,0,2,2,1,6,0,2,25.80494767740001,46.0922146974701,93.95808297694902,5.420574052367816,0.2666666666666666,0.0434782608695652,0.2585987261146497,0.0
1732,2,0,0,600.565,227,132,958,294128,-1,427855,Shipping Error,Call,2325443,795.06,Miscellaneous Goods,0,B,Consigner,17877,63.30649,0.990306,224320,7.565074,0.993597,4,0,14,0,6,0,2,17.16632556726263,56.88193748364041,4.667841920871176,4.4581642647264585,0.15625,0.1636363636363636,0.0,0.0
1733,1,0,0,125.797,0,88,115404,355145,-1,642,Pickup Error,Call,198988,615.32,Alcohol,-1,C,Consigner,378372,67.18114,0.973851,88506,18.47356,0.916077,3,0,0,0,4,0,2,57.22795965470159,79.74310528281981,0.0,0.0,0.1678082191780822,0.2061855670103092,0.0,0.0
1734,2,0,0,5.865,151,117,76249,195586,-1,180618,未知,Internal Software,241401,1256.47,Pharmaceuticals,-1,B,Consigner,50763,6.341099,0.701721,169980,21.27233,0.996288,0,2,15,0,4,0,2,55.000321274151965,66.62484724143525,0.0,,0.0828402366863905,0.0689655172413793,0.0,
1735,2,0,0,5.087,190,136,156557,342131,-1,427737,Damage,Call,750496,429.04,Pharmaceuticals,-1,B,Consigner,434053,2.000457,0.943929,532292,0.0,0.94749,1,0,15,0,6,0,2,73.48402451815683,153.9090693587367,122.48751697959452,1.2272674283309293,0.1560693641618497,0.1428571428571428,0.2,0.0
1736,2,0,0,27.311,229,178,159060,381721,-1,427768,未知,Internal Software,37590,102.97,Miscellaneous Goods,-1,C,Consigner,799344,0.832285,0.978444,673826,0.0,0.98295,0,2,14,0,2,0,2,75.08980122759718,75.72709977879157,0.0,5.508756070402918,0.1875,0.2073170731707317,0.0,0.0
1737,2,0,0,10.841,3,131,70132,103688,-1,18238,Suspected Lost,Call,-3263,101.99,Pharmaceuticals,-1,C,Consigner,15980,19.4244,0.966976,492488,0.967995,0.990105,5,0,15,0,0,0,2,41.966021036266106,28.874682913956747,0.0,0.0,0.1538461538461538,0.1176470588235294,0.0,0.0
1738,2,0,1,39.354,178,292,186313,19591,-1,427864,Damage,Internal Software,39636,357.01,Jewelry,0,B,Receiver,355929,0.0,0.959623,397877,23.10374,0.877701,1,2,12,1,2,0,2,59.71452989301516,23.00992930524647,64.4805657730579,228.77442698017552,0.1660079051383399,0.4,0.2,0.5
1739,2,0,0,295.508,180,100,100913,237147,-1,427864,Pickup Error,Call,375964,1667.81,Alcohol,-1,B,Receiver,292230,40.79385,0.981462,97626,35.70724,0.995817,3,0,0,1,5,0,2,50.83458178883807,111.92654089931048,4.589053908093911,,0.1333333333333333,0.1985815602836879,0.0,
1740,2,0,0,70.174,297,34,227346,300000,-1,374683,Pickup Error,Mini Program,504000000,1663.21,Pharmaceuticals,0,Not Known,Unknown,315000000,31.89404,0.999927,86943083,52.49254,0.955069,3,4,15,3,6,0,2,28.535314885327075,62.51602380669991,93.95808297694902,163.30068855149273,0.0,0.3157894736842105,0.2585987261146497,0.5474358974358975
1741,2,0,0,296.327,4,1,48463,96588,-1,45772,Pickup Error,Call,1100872,2208.49,Alcohol,-1,B,Consigner,13106,4.761185,0.959772,83901,65.43154,0.999855,3,0,0,0,6,0,2,60.02737754693536,69.89628878079544,,,0.1592356687898089,0.12,,
1742,2,0,0,310.997,97,132,205393,237564,-1,427864,未知,Call,2466132,1563.82,Dried Groceries,0,C,Unknown,201816,91.50154,0.993951,189385,14.05207,0.99613,0,0,5,3,6,0,2,67.53870319850822,56.88193748364041,2.84234823431104,,0.3333333333333333,0.1636363636363636,0.0,
1743,2,0,0,120.144,180,24,107777,454042,-1,427850,Damage,Call,135355,335.06,Electronic Product,0,C,Consigner,1323034,101.7168,0.930853,336101,5.414985,0.995414,1,0,6,0,3,0,2,50.83458178883807,42.55871986045592,3.9019362028137614,0.0,0.1333333333333333,0.3181818181818182,0.0,0.0
1744,2,1,0,232.675,268,188,98353,270083,1,427864,未知,Vendor Consultation,-13944,301.63,Maternity & Baby Products,-1,B,Consigner,16118,8.089692,0.983533,329949,9.073066,0.965304,0,6,13,0,0,0,2,96.84596855953218,81.19796947313277,50.5880195599022,0.5013326803356659,0.1823899371069182,0.1052631578947368,0.0,0.0
1745,3,1,0,78.186,126,106,17261,397309,-1,427660,Pickup Error,Internal Software,313629,1498.93,Jewelry,-1,Staff,Consigner,32111,24.75179,0.981691,202111,71.63417,0.936924,3,2,12,0,5,0,2,90.36311397696744,49.82089121674756,107.04791461660736,0.581473968897904,0.5,0.1538461538461538,0.0,0.0
1746,2,0,0,173.814,1,56,103607,380065,-1,427864,未知,Internal Software,80179,895.22,Furniture,1,B,Consigner,12017,21.08911,0.992368,279788,9.851722,0.963447,0,2,8,0,2,0,2,69.06443164317325,9.118982064482928,75.82454074161981,28.36910034883616,0.1802721088435374,0.4444444444444444,0.0,0.0
1747,2,0,0,4.57,146,88,224841,300000,-1,-188762,未知,Call,195000000,1224.01,Dried Groceries,-1,B,Consigner,501546,32.5633,0.970842,82519995,2.801462,0.901187,0,0,5,0,6,0,2,75.50373567911244,79.74310528281981,169.77832896859522,163.30068855149273,0.3,0.2061855670103092,0.4545454545454545,0.5474358974358975
1748,2,0,1,20.032,3,137,151972,167721,-1,109704,Suspected Lost,Call,-67849,1484.48,Hardware,-1,Not Known,Consigner,16151,73.32282,0.997059,40894,18.68058,0.929571,5,0,9,0,0,0,2,41.966021036266106,40.54514853954838,0.0,0.0,0.1538461538461538,0.1012658227848101,0.0,0.0
1749,2,0,0,63.876,265,5,72009,206233,-1,-53177,Pickup Error,Mini Program,334485,685.72,Home Improvement and Building Material,-1,B,Receiver,15383,32.18498,0.987063,9978,10.33121,0.914718,3,4,10,1,5,0,2,13.44738744150344,79.69800837324867,88.98416554029349,16.014936664901196,0.0,0.0526315789473684,0.3333333333333333,0.6666666666666666
1750,3,0,0,158.909,185,168,193886,271762,-1,-101969,Pickup Error,Vendor Consultation,667496,988.01,Maternity & Baby Products,0,B,Receiver,1423,137.0795,0.999979,3784,73.03552,0.993447,3,6,13,1,6,0,2,64.67006111935692,122.833580311983,183.07850421942743,,0.1851851851851851,0.2608695652173913,0.2535211267605634,
1751,2,0,0,8.834,152,179,180985,390605,-1,427859,未知,Call,-81482,499.53,Documents & Bills,-1,B,Receiver,92820,1.830755,0.943137,863169,8.757442,0.998648,0,0,4,1,0,0,2,97.86133232302556,49.485349035609424,0.0,0.0,0.2702702702702703,0.17578125,0.0,0.0
1752,2,0,0,236.469,1,60,76454,269190,-1,427864,未知,Call,1365029,960.89,Miscellaneous Goods,0,B,Consigner,744035,20.55116,0.965745,105820,42.08441,0.982392,0,0,14,0,6,0,2,69.06443164317325,125.42691337259164,0.0,0.0,0.1802721088435374,0.375,0.0,0.0
1753,2,0,0,1362.351,117,322,146937,428688,1,427848,未知,Call,366790,1490.68,Alcohol,-1,B,Unknown,35829,35.45129,0.996551,3692,174.4808,0.990603,0,0,0,3,5,0,2,57.51283596595224,58.30792878609847,53.9868914906728,9.941704742397985,0.1052631578947368,0.2777777777777778,0.0,0.0
1754,2,1,0,182.575,78,341,186567,3383,-1,427851,Pickup Error,Internal Software,-22873,867.46,Miscellaneous Goods,0,B,Consigner,225440,16.99715,0.967844,237638,4.712458,0.999616,3,2,14,0,0,0,2,2.015461461026643,205.6119936530397,0.0,0.0,0.0,0.5,0.0,0.0
1755,2,0,0,119.824,222,203,148360,206864,-1,427855,未知,Call,400107,843.16,Jewelry,-1,C,Consigner,35856,1.169365,0.967003,266431,82.56662,0.999097,0,0,12,0,5,0,2,44.00935888510234,73.82922603912272,21.3001694376956,,0.173469387755102,0.25,0.4,
1756,2,0,0,567.241,2,222,176820,331721,-1,427823,Damage,Mini Program,16765,114.67,Miscellaneous Goods,0,C,Consigner,915161,15.66697,0.99587,1083938,3.090063,0.880301,1,4,14,0,2,0,2,56.04468495785089,77.81584876066215,25.94352246299482,33.981858473170675,0.0935960591133004,0.1598173515981735,0.0,0.0
1757,2,1,0,305.615,142,220,15441,300000,-1,427864,Damage,Call,814000000,963.54,Jewelry,-1,B,Receiver,1621861,46.34219,0.989558,388000000,0.0,0.998382,1,0,12,1,6,0,2,91.575345523678,26.24295176398572,18.778108340157527,163.30068855149273,0.1756756756756756,0.05,0.7777777777777778,0.5474358974358975
1758,2,1,0,0.0,304,146,181300,338319,-1,105602,未知,Call,223783,101.46,Dried Groceries,0,C,Consigner,64523,0.0,0.985822,386261,6.044639,0.973733,0,0,5,0,4,0,2,0.0,100.44850004559429,0.9039298028836922,0.0,0.0,0.1071428571428571,0.0,0.0
1759,2,0,0,28.213,118,221,175957,450436,-1,-30292,Damage,Call,-51003,111.91,Hardware,-1,B,Consigner,540912,33.97469,0.999933,328795,15.36433,0.921928,1,0,9,0,0,0,2,53.14439242584009,124.92080405843552,1.824389096657643,0.0,0.0,0.3333333333333333,0.0,0.0
1760,2,1,0,155.385,110,118,183035,453758,-1,427864,Suspected Lost,Vendor Consultation,698000000,1701.68,Appliances,-1,C,Consigner,33983,13.65102,0.990266,615951,5.729368,0.949125,5,6,2,0,6,0,2,110.78491220508148,87.17605904958299,78.04631246771224,304.07148271608224,0.2539682539682539,0.0833333333333333,0.25,0.4090909090909091
1761,2,1,0,9.687,146,103,153699,369430,1,427864,未知,Mini Program,-65682,917.03,Maternity & Baby Products,0,C,Receiver,501281,86.52591,0.967637,189662,52.76398,0.996337,0,4,13,1,0,0,2,75.50373567911244,65.94505261935754,172.40269826618092,4.227431474230078,0.3,0.1111111111111111,0.1666666666666666,0.0
1762,3,1,0,0.0,146,152,212301,146691,-1,245917,Pickup Error,Call,159875,154.54,Fresh,-1,C,Consigner,73891,0.0,0.99518,910124,0.003447,0.994062,3,0,7,0,3,1,1,75.50373567911244,64.80066655532329,,,0.3,0.1458333333333333,,
1763,2,0,0,610.814,268,246,227346,300000,-1,427864,未知,Call,619000000,1222.85,"Apparel, Footwear & Accessories",0,C,Consigner,5325547,141.2504,0.992309,102000000,37.09454,0.997032,0,0,1,0,6,0,2,96.84596855953218,81.33591719373736,93.95808297694902,163.30068855149273,0.1823899371069182,0.4318181818181818,0.2585987261146497,0.5474358974358975
1764,2,0,0,267.029,170,142,187981,328548,-1,427864,未知,Call,-79789,158.09,"Apparel, Footwear & Accessories",1,C,Consigner,380527,12.52126,0.999565,584168,0.0,0.966984,0,0,1,0,0,0,2,10.43589599613177,32.47128749327333,0.0,0.0,0.0,0.0833333333333333,0.0,0.0
1765,2,1,1,36.722,144,0,193989,243466,-1,46059,Damage,Call,1305362,395.72,Pharmaceuticals,0,B,Receiver,275552,9.93604,0.941255,419427,35.64588,0.970197,1,0,15,1,6,0,2,117.82362942315469,75.01688402479252,9.4889627967173,0.0,0.1333333333333333,0.1507692307692307,0.2,0.0
1766,2,0,1,0.0,147,20,125419,14992,-1,427857,Suspected Lost,Internal Software,-19274,144.92,Miscellaneous Goods,-1,B,Consigner,99845,6.099769,0.973349,252685,13.49678,0.99809,5,2,14,0,0,0,2,45.57215363038746,37.02322078222722,0.0,0.0,0.2,0.1428571428571428,0.0,0.0
1767,3,0,0,151.552,100,176,38273,412086,-1,29868,未知,Vendor Consultation,-80025,164.12,Hardware,0,B,Unknown,268379,5.441326,0.999406,449218,1.901303,0.984662,0,6,9,3,0,0,2,57.27817095022288,22.555021711690088,0.0,70.40306054780304,0.1162790697674418,0.5,0.0,0.0
1768,2,0,0,9.813,0,170,198779,276268,-1,427797,未知,Call,229770,236.03,Miscellaneous Goods,0,B,Receiver,3866,0.0,0.987361,20088,40.21518,0.99531,0,0,14,1,4,0,2,57.22795965470159,34.01584124051996,61.50996322773379,0.0,0.1678082191780822,0.4782608695652174,0.1714285714285714,0.0
1769,2,1,0,31.037,88,243,142536,209762,-1,427864,Suspected Lost,Internal Software,-28329,277.67,Maternity & Baby Products,0,B,Unknown,39842,120.3667,0.978022,3739,112.9902,0.999789,5,2,13,3,0,0,2,116.52863038936586,61.478185686911466,8.602775141538764,25.36608096277804,0.0925925925925925,0.0625,0.0,0.0
1770,2,1,0,17.772,3,127,176599,63594,-1,427623,未知,Call,112986,221.42,Beauty & Daily Essentials,-1,B,Consigner,158750,108.005,0.999944,374704,5.617147,0.970158,0,0,3,0,3,0,2,41.966021036266106,63.45537171576693,17.67623573510669,0.0,0.1538461538461538,0.2325581395348837,0.0,0.0
1771,2,0,0,0.0,131,0,115618,448070,-1,427846,未知,Call,-62747,129.29,Jewelry,-1,B,Consigner,198647,10.30601,0.991026,2527246,0.0,0.949021,0,0,12,0,0,0,2,25.28414948621409,75.01688402479252,0.7476550960631793,267.05,0.3529411764705882,0.1507692307692307,0.0,1.0
1772,2,0,0,0.665,207,132,159104,26593,-1,427856,Suspected Lost,Internal Software,1294705,346.39,Dried Groceries,0,C,Consigner,760484,16.64138,0.985487,376556,1.010406,0.997602,5,2,5,0,6,0,2,74.1529936661414,56.88193748364041,0.0,16.52573375587311,0.4594594594594595,0.1636363636363636,0.0,0.0
1773,2,0,0,136.294,217,188,219667,3383,-1,427862,未知,Mini Program,84691,122.3,Jewelry,0,C,Consigner,16017,1.910623,0.987197,149249,3.737519,0.989279,0,4,12,0,2,0,2,126.03523867460144,81.19796947313277,7.526204362116078,0.0,0.2,0.1052631578947368,0.3333333333333333,0.0
1774,2,0,0,2.744,127,150,163278,31341,-1,-114951,未知,Internal Software,-47530,394.44,"Apparel, Footwear & Accessories",-1,C,Receiver,1746193,0.0,0.993845,335304,3.664217,0.975056,0,2,1,1,0,0,2,59.84735359218162,162.57256490877438,12.454896027010372,0.0,0.1397849462365591,0.1333333333333333,0.0,0.0
1775,3,1,0,7.001,55,151,9666,301644,-1,427686,未知,Call,-77906,103.41,Miscellaneous Goods,-1,C,Consigner,760247,40.00862,0.985411,726299,0.0,0.985891,0,0,14,0,0,0,2,35.60364621033194,62.91307713975876,109.85380710659898,0.0,0.1212121212121212,0.1176470588235294,0.0,0.0
1776,2,0,0,87.681,88,195,227346,428083,-1,-9018,未知,Vendor Consultation,-62750,100.19,Dried Groceries,-1,C,Consigner,217829,1.831885,0.942318,107767,4.381455,0.968667,0,6,5,0,0,0,2,116.52863038936586,0.0,93.95808297694902,0.0,0.0925925925925925,0.0,0.2585987261146497,0.0
1777,2,0,0,680.603,143,137,227346,290434,-1,427852,Damage,Call,-61956,140.24,Dried Groceries,0,Not Known,Unknown,960864,84.60062,0.990239,381293,29.84865,0.917334,1,0,5,3,0,0,2,38.45695991907031,40.54514853954838,93.95808297694902,1.531330865152865,0.1136363636363636,0.1012658227848101,0.2585987261146497,0.0
1778,2,0,0,141.121,218,145,15441,300000,-1,427864,Damage,Call,10711117,3094.64,Miscellaneous Goods,0,C,Unknown,552586,2.551882,0.998868,9575936,0.446158,0.799133,1,0,14,3,6,0,2,45.42517437856351,51.36364548905606,18.778108340157527,163.30068855149273,0.3333333333333333,0.1290322580645161,0.7777777777777778,0.5474358974358975
1779,2,0,0,227.656,14,253,227346,331721,-1,427864,Suspected Lost,Call,9131,274.27,Electronic Product,-1,C,Receiver,78516,0.0,0.994073,468255,0.0,0.98841,5,0,6,1,2,0,2,46.7451960537384,69.88451229595863,93.95808297694902,33.981858473170675,0.0555555555555555,0.208955223880597,0.2585987261146497,0.0
1780,2,0,0,11.544,1,134,227346,105659,-1,30984,Damage,Call,104076,685.13,Miscellaneous Goods,0,B,Consigner,1104608,21.68257,0.923343,627768,17.93148,0.993432,1,0,14,0,3,0,2,69.06443164317325,46.10167247042128,93.95808297694902,0.0,0.1802721088435374,0.0869565217391304,0.2585987261146497,0.0
1781,2,0,0,7.751,164,91,198779,32215,-1,11156,未知,Call,1201805,407.91,Hardware,-1,C,Unknown,631497,27.18398,0.979521,621903,2.669706,0.990674,0,0,9,3,6,0,2,59.72498410518864,38.50516592325653,61.50996322773379,29.562947675336925,0.1617647058823529,0.3870967741935484,0.1714285714285714,0.0
1782,1,0,0,255.298,146,251,193650,42971,-1,-135254,Damage,Call,1520013,257.36,Furniture,0,B,Receiver,80161,26.4026,0.826199,135969,32.44596,0.951094,1,0,8,1,6,0,2,75.50373567911244,27.64966313763233,48.10227495989376,,0.3,0.0,0.25,
1783,2,0,0,2.442,179,2,182270,179249,-1,197122,Damage,Call,-63498,188.73,Miscellaneous Goods,-1,B,Consigner,53506,5.906306,0.989657,660115,17.802,0.940569,1,0,14,0,0,0,2,56.8349237193444,93.3192184944359,238.17765226940205,2.0190340416514148,0.1497584541062802,0.1111111111111111,0.2,2.0
1784,2,1,0,198.957,0,227,6435,298826,-1,427857,未知,Mini Program,2284342,491.69,Home Improvement and Building Material,0,B,Consigner,449156,97.09322,0.994014,76558,2.582087,0.966398,0,4,10,0,6,0,2,57.22795965470159,20.902623722887064,73.49514563106796,53.501736071105256,0.1678082191780822,0.1764705882352941,0.0,0.5
1785,2,0,0,5.091,206,13,227346,125685,-1,-2269,未知,Call,1657185,105.67,Hardware,-1,B,Consigner,388524,13.92141,0.999533,481791,14.33811,0.999606,0,0,9,0,6,0,2,29.114288645982484,58.69138621086622,93.95808297694902,,0.3333333333333333,0.0909090909090909,0.2585987261146497,
1786,2,0,0,22.182,244,6,84300,356136,-1,39302,未知,Internal Software,-59075,608.31,Hardware,-1,C,Receiver,65308,35.76908,0.852369,1205160,1.096494,0.890584,0,2,9,1,0,0,2,62.08371497907519,77.94187064631588,,68.32004885058413,0.1346153846153846,0.1875,,0.0
1787,2,0,0,515.227,5,109,187981,343436,-1,-18623,未知,Call,-49080,1329.31,Miscellaneous Goods,-1,B,Consigner,5696,71.78439,0.993027,3202,22.95661,0.992048,0,0,14,0,0,0,2,64.35039757274271,30.366206626535966,0.0,0.0,0.0975609756097561,0.0952380952380952,0.0,0.0
1788,2,0,0,417.841,107,132,227346,175375,-1,427849,Damage,Call,510518,176.27,Fresh,0,C,Receiver,124464,6.685166,0.938903,560345,10.28732,0.885996,1,0,7,1,5,1,1,69.59539401792847,56.88193748364041,93.95808297694902,0.1761668386496876,0.135593220338983,0.1636363636363636,0.2585987261146497,0.0
1789,2,0,0,162.12,113,211,227346,112945,-1,-103063,Suspected Lost,Call,2224329,831.74,Household Goods,0,Staff,Consigner,92690,44.43158,0.996558,282426,37.17852,0.904453,5,0,11,0,6,0,2,36.24779227893041,74.44213332427378,93.95808297694902,0.0,0.0909090909090909,0.2777777777777778,0.2585987261146497,0.0
1790,2,0,0,15.76,199,4,133722,310904,-1,-162898,未知,Call,341393,104.33,Hardware,-1,B,Consigner,719302,70.53183,0.998267,221864,46.89304,0.942466,0,0,9,0,5,0,2,85.77074119936532,81.2740685764068,11.829596638232555,0.0,0.1063829787234042,0.2439024390243902,0.0,0.0
1791,2,0,0,169.512,2,137,3441,375148,-1,427816,未知,Internal Software,25638,100.07,Dried Groceries,-1,C,Consigner,434374,0.167783,0.966738,741795,25.93866,0.936058,0,2,5,0,2,0,2,56.04468495785089,40.54514853954838,80.51293979563931,33.56146922126567,0.0935960591133004,0.1012658227848101,0.0,0.0
1792,2,0,0,271.62,100,167,199151,107383,-1,427864,未知,Call,197649,438.58,Miscellaneous Goods,-1,C,Consigner,870634,100.9448,0.994525,144094,11.93515,0.941589,0,0,14,0,4,0,2,57.27817095022288,3.3792690177535314,0.4313760864942881,3.3882797224897288,0.1162790697674418,0.0,1.0,0.0
1793,2,0,0,26.691,2,132,60488,69942,-1,427840,Pickup Error,Call,800467,451.47,Jewelry,-1,B,Unknown,135847,2.385063,0.999292,98400,28.71219,0.987909,3,0,12,3,6,0,2,56.04468495785089,56.88193748364041,0.4719248025453961,131.12481153727165,0.0935960591133004,0.1636363636363636,0.0,0.3333333333333333
1794,2,1,0,8.559,166,134,56171,118861,-1,-64857,未知,Call,-19726,608.43,Documents & Bills,-1,C,Consigner,441562,23.90019,0.994867,593923,71.63455,0.94485,0,0,4,0,0,0,2,59.04474019567541,46.10167247042128,0.0,0.0,0.0,0.0869565217391304,0.0,0.0
1795,2,0,0,87.332,97,3,227346,211362,-1,427864,Pickup Error,Internal Software,589948,779.53,Maternity & Baby Products,0,B,Consigner,133130,59.55366,0.975367,618957,23.28517,0.978071,3,2,13,0,5,0,2,67.53870319850822,63.81099393925928,93.95808297694902,21.061364793753185,0.3333333333333333,0.1170212765957446,0.2585987261146497,0.0
1796,2,0,0,279.867,1,55,193375,300000,-1,427731,未知,Call,95081545,1314.61,Fresh,0,C,Consigner,78649,0.0,0.930529,2888090,0.0,0.866808,0,0,7,0,6,1,1,69.06443164317325,119.73828509963953,221.39184031958067,163.30068855149273,0.1802721088435374,0.1538461538461538,0.4545454545454545,0.5474358974358975
1797,2,1,0,293.858,0,98,224840,300000,-1,-31648,未知,Call,148000000,1363.53,Fresh,-1,B,Consigner,99512,57.58565,0.970887,67359382,12.96056,0.993107,0,0,7,0,6,1,1,57.22795965470159,65.32592348952949,65.31524207556211,163.30068855149273,0.1678082191780822,0.0638297872340425,0.4782608695652174,0.5474358974358975
1798,2,0,0,208.975,178,226,20731,435959,-1,427864,未知,Vendor Consultation,549713,1359.57,Documents & Bills,0,B,Staff,33429,108.3775,0.968388,1125,180.3014,0.971994,0,6,4,2,5,0,2,59.71452989301516,33.376562481963404,59.370786516853926,295.24945770065074,0.1660079051383399,0.0980392156862745,1.0,0.0
1799,2,0,0,594.807,1,132,75494,121447,-1,-8324,Pickup Error,Internal Software,679932,292.74,Beauty & Daily Essentials,0,B,Consigner,70169,71.7306,0.879023,516,43.72883,0.974544,3,2,3,0,6,0,2,69.06443164317325,56.88193748364041,336.0438335809807,31.70157748077531,0.1802721088435374,0.1636363636363636,0.0,0.5
1800,2,0,0,201.752,106,212,227346,300000,-1,427501,Suspected Lost,Call,461000000,3274.84,Home Improvement and Building Material,-1,B,Consigner,50224025,58.61395,0.96809,4528008,137.2487,0.99977,5,0,10,0,6,0,2,36.14329446399336,133.2668484517222,93.95808297694902,163.30068855149273,0.2692307692307692,0.36,0.2585987261146497,0.5474358974358975
1801,2,1,0,82.477,27,256,191947,337559,-1,427751,Suspected Lost,Call,-70851,689.05,Miscellaneous Goods,0,C,Unknown,134604,45.15201,0.999789,1711187,0.0,0.979487,5,0,14,3,0,0,2,94.032370683866,65.73144639177269,0.0,99.35980794238272,0.0983606557377049,0.2105263157894736,0.0,0.0
1802,2,0,0,21.954,191,271,182063,33710,-1,427666,未知,Call,650807,597.0,Beauty & Daily Essentials,0,B,Consigner,706375,43.76549,0.966163,626569,0.0,0.99091,0,0,3,0,6,0,2,165.79061632765183,24.09621176644301,0.0,380.70199213879727,0.4166666666666667,0.3448275862068966,0.0,0.0
1803,3,0,0,232.258,13,146,43659,18358,-1,427831,未知,Mini Program,1617795,465.39,Miscellaneous Goods,0,B,Unknown,176083,7.681585,0.980614,107682,22.59181,0.936305,0,4,14,3,6,0,2,117.72169897217258,100.44850004559429,0.0,23.13563842470893,0.2748538011695906,0.1071428571428571,0.0,0.0
1804,2,0,0,688.513,4,187,153347,448280,-1,142407,未知,Call,274260,660.39,Documents & Bills,0,B,Consigner,425077,146.8428,0.995824,111615,30.19249,0.853885,0,0,4,0,5,0,2,60.02737754693536,71.38613126413931,,0.0,0.1592356687898089,0.1777777777777777,,0.0
1805,5,0,0,137.98,100,164,193886,453758,-1,427852,Pickup Error,Call,1800336,399.78,Miscellaneous Goods,-1,Not Known,Consigner,1716367,19.35169,0.957226,938248,0.0,0.94301,3,0,14,0,6,0,2,57.27817095022288,49.08316346381199,183.07850421942743,304.07148271608224,0.1162790697674418,0.1458333333333333,0.2535211267605634,0.4090909090909091
1806,2,0,0,272.999,271,300,180985,424035,-1,427857,未知,Call,155600,2299.95,Dried Groceries,-1,C,Consigner,1329304,6.41025,0.998975,393764,2.997063,0.999965,0,0,5,0,3,0,2,109.2125110456184,0.0,0.0,2.1039349110135706,0.15,0.0,0.0,0.0
1807,2,0,0,389.934,21,1,216831,262986,-1,-55750,Pickup Error,Internal Software,10885,433.3,Beauty & Daily Essentials,-1,B,Receiver,1363386,2.217214,0.999566,848526,24.60788,0.977447,3,2,3,1,2,0,2,80.0702493595862,69.89628878079544,52.23880297077834,0.0,0.0,0.12,0.25,0.0
1808,2,0,0,620.637,136,117,53895,93493,-1,-12040,Damage,Call,287398,784.33,Hardware,-1,C,Consigner,181,170.2309,0.996636,100937,107.0506,0.932591,1,0,9,0,5,0,2,83.60535432076018,66.62484724143525,0.0,90.70717706453296,0.1632653061224489,0.0689655172413793,0.0,0.5
1809,2,0,0,87.897,110,3,25493,212201,-1,427855,未知,Call,-50647,1129.58,Beauty & Daily Essentials,0,C,Receiver,504807,17.1887,0.990917,352988,14.7428,0.999435,0,0,3,1,0,0,2,110.78491220508148,63.81099393925928,2.219958649833766,0.5078810228556468,0.2539682539682539,0.1170212765957446,0.0,0.0
1810,2,0,0,3.565,0,165,104625,206689,-1,427645,Pickup Error,Call,1135180,602.32,Miscellaneous Goods,0,B,Consigner,9009,84.8616,0.985386,31826,14.53368,0.993683,3,0,14,0,6,0,2,57.22795965470159,12.058791888583432,,1.391012045299932,0.1678082191780822,0.0,,0.0
1811,2,0,0,98.267,145,100,227346,131750,-1,128026,Damage,Call,1429978,839.55,Dried Groceries,0,B,Receiver,262465,12.56056,0.938901,386007,23.37316,0.905044,1,0,5,1,6,0,2,69.30729146363558,111.92654089931048,93.95808297694902,3.3570054439032377,0.1590909090909091,0.1985815602836879,0.2585987261146497,1.0
1812,2,0,0,4.454,157,1,192286,377075,-1,427856,Suspected Lost,Call,50680,1201.98,Furniture,-1,C,Consigner,15697,44.56645,0.980378,1402981,0.0,0.991729,5,0,8,0,2,0,2,52.75232409840045,69.89628878079544,0.0,0.0,0.2391304347826087,0.12,0.0,0.0
1813,2,0,1,52.053,3,199,183889,52959,-1,-131965,未知,Call,2494990,100.64,Appliances,0,B,Consigner,876955,15.58491,0.759598,357957,0.409516,0.982261,0,0,2,0,6,0,2,41.966021036266106,65.33437063477945,83.80393880479427,6.324268024534198,0.1538461538461538,0.3513513513513513,0.2442307692307692,0.0
1814,5,0,0,8.867,9,178,183770,45608,-1,427859,未知,Call,37168,154.15,Home Improvement and Building Material,-1,C,Consigner,561586,40.46028,0.997259,635829,8.115357,0.981518,0,0,10,0,2,0,2,183.019796897258,75.72709977879157,31.96586256443485,3.683218347235204,0.2580645161290322,0.2073170731707317,0.6,0.0
1815,2,0,0,279.093,12,190,203345,19210,-1,427864,Pickup Error,Call,3890269,1051.61,Jewelry,-1,C,Receiver,19403,10.22515,0.997108,423543,3.491334,0.990457,3,0,12,1,6,0,2,59.94601001535578,47.29286625931772,3.381228546647335,2.2516381591271784,0.2666666666666666,0.1052631578947368,0.0,0.0
1816,2,0,0,686.761,53,100,188270,148260,-1,427742,未知,Complaint,-73859,510.0,Maternity & Baby Products,-1,C,Receiver,206841,194.654,0.984989,319933,70.08443,0.990667,0,1,13,1,0,0,2,91.52139322123428,111.92654089931048,2.694585057959948,34.62651159655129,0.0,0.1985815602836879,0.0,0.0
1817,2,0,0,213.189,253,96,179332,411428,-1,427843,未知,Call,-50916,121.01,Electronic Product,0,C,Receiver,98050,13.41754,0.972791,5906,25.07407,0.97467,0,0,6,1,0,0,2,63.03159537877947,114.16873400512304,3.309093339165512,0.0,0.1228070175438596,0.2,0.0,0.0
1818,2,0,0,320.92,6,55,115306,392335,-1,427832,Damage,Call,150949,323.61,Miscellaneous Goods,0,Not Known,Consigner,8412,31.2817,0.982372,248731,50.69125,0.919238,1,0,14,0,3,0,2,32.29956245158629,119.73828509963953,1.884281318759207,10.84855972429937,0.0555555555555555,0.1538461538461538,0.0,0.0
1819,3,0,1,10.996,249,68,181904,163248,-1,133034,未知,Call,14479,2361.2,Fresh,0,C,Consigner,26119,0.744025,0.999995,268333,6.247274,0.982357,0,0,7,0,2,1,0,80.79605912489077,106.21105813841784,2.3342369055382752,815.15,0.125,0.0,0.5,0.0
1820,2,1,0,100.397,89,55,118341,132924,-1,427841,未知,Call,440763,154.71,Documents & Bills,0,B,Unknown,88004,107.4426,0.990757,805986,32.91829,0.895667,0,0,4,3,5,0,2,56.62852339692903,119.73828509963953,0.0,0.0,0.1,0.1538461538461538,0.0,0.0
1821,2,1,0,72.048,222,0,146108,315465,1,427836,未知,Vendor Consultation,-24890,534.02,Pharmaceuticals,0,C,Receiver,63913,13.38972,0.998269,763979,5.566981,0.995693,0,6,15,1,0,0,2,44.00935888510234,75.01688402479252,11.305592507383771,184.6128769356153,0.173469387755102,0.1507692307692307,0.0,1.0
1822,3,1,0,0.0,222,99,137920,371697,-1,427863,未知,Call,847267,251.09,Beauty & Daily Essentials,-1,Not Known,Consigner,145135,0.0,0.97716,685472,25.39316,0.95357,0,0,3,0,6,0,2,44.00935888510234,39.75074374258253,0.0,0.0,0.173469387755102,0.1505376344086021,0.0,0.0
1823,2,0,0,15.455,275,104,64307,365351,-1,427816,未知,Call,356277,103.31,Miscellaneous Goods,0,C,Receiver,225513,6.309007,0.99508,1101524,3.430802,0.94314,0,0,14,1,5,0,2,133.43321372438515,21.728510570447654,19.086678377087647,4.303585634894473,0.3,0.1666666666666666,0.1538461538461538,0.0
1824,2,0,0,54.832,187,9,201458,117895,-1,-34257,未知,Call,1082178,104.5,Alcohol,0,Not Known,Receiver,130158,4.301431,0.893654,4311,47.92894,0.915312,0,0,0,1,6,0,2,50.57901513935886,48.86197232263893,66.70571675938501,6.980141156473876,0.1261261261261261,0.5555555555555556,0.1,0.0
1825,2,0,0,296.0,100,121,170404,9645,-1,427856,未知,Call,32627,158.67,Dried Groceries,-1,B,Receiver,127308,167.742,0.991178,176784,16.19915,0.929336,0,0,5,1,2,0,2,57.27817095022288,33.63318266760793,0.0,3.490559613191004,0.1162790697674418,0.1,0.0,0.0
1826,2,1,0,83.868,253,44,7860,452434,-1,427825,Pickup Error,Call,52246,1394.37,Furniture,-1,B,Consigner,32852,25.86761,0.939325,167713,25.42159,0.920272,3,0,8,0,2,0,2,63.03159537877947,16.419312209067037,0.0,0.0,0.1228070175438596,0.0,0.0,0.0
1827,2,0,0,59.188,190,134,102385,96384,-1,427841,Damage,Call,26949,786.03,Home Improvement and Building Material,0,B,Consigner,119718,0.227064,0.959262,1491787,0.0,0.960686,1,0,10,0,2,0,2,73.48402451815683,46.10167247042128,1.097410290700335,10.29153821941896,0.1560693641618497,0.0869565217391304,0.0,0.0
1828,2,1,0,38.967,155,42,113563,415406,-1,-33304,Damage,,315146,642.59,Alcohol,0,B,Consigner,624672,23.15787,0.953023,640071,3.900106,0.888158,1,5,0,0,5,0,2,26.409335201957536,47.89018349830656,8.736314488792997,,0.1666666666666666,0.0571428571428571,0.0,
1829,2,0,0,69.166,199,132,205604,415187,-1,427779,未知,Call,1108546,107.82,Alcohol,-1,Not Known,Consigner,720523,3.410571,0.966877,643391,1.749323,0.896221,0,0,0,0,6,0,2,85.77074119936532,56.88193748364041,61.82169041782026,23.0309516529066,0.1063829787234042,0.1636363636363636,0.4166666666666667,0.0
1830,2,1,0,123.314,133,151,183889,215996,-1,427853,Damage,,5073,372.4,Miscellaneous Goods,0,C,Receiver,649801,10.0947,0.957285,1815482,0.0,0.999667,1,5,14,1,2,0,2,66.60560181682781,62.91307713975876,83.80393880479427,14.330586766541826,0.1515151515151515,0.1176470588235294,0.2442307692307692,0.0
1831,2,0,0,32.593,11,88,117243,44816,-1,186284,Damage,Internal Software,59022,1025.48,Appliances,0,B,Consigner,128619,10.71625,0.997513,144605,49.61851,0.948972,1,2,2,0,2,0,2,46.140341664130425,79.74310528281981,2.436869536479212,,0.1724137931034483,0.2061855670103092,0.0,
1832,2,1,0,13.599,89,1,155959,343812,-1,26118,未知,Internal Software,-41509,227.99,Hardware,-1,C,Receiver,1526776,0.275291,0.961178,259428,6.868556,0.975931,0,2,9,1,0,0,2,56.62852339692903,69.89628878079544,0.0,2.7737737890261926,0.1,0.12,0.0,0.0
1833,2,0,0,2048.74,2,63,227346,19591,-1,-19778,Pickup Error,Internal Software,-1746,521.49,Pharmaceuticals,-1,C,Consigner,1261833,93.53337,0.997555,206990,0.0,0.998548,3,2,15,0,0,0,2,56.04468495785089,52.20261068322199,93.95808297694902,228.77442698017552,0.0935960591133004,0.2941176470588235,0.2585987261146497,0.5
1834,2,0,0,289.22,181,221,178621,300000,-1,303553,Suspected Lost,Call,263000000,1492.57,Furniture,-1,B,Unknown,34279612,20.31638,0.98267,38670803,25.92201,0.96135,5,0,8,3,6,0,2,66.98420127730182,124.92080405843552,280.63216304947264,163.30068855149273,0.1568627450980392,0.3333333333333333,0.391304347826087,0.5474358974358975
1835,2,0,1,421.722,74,64,227346,300000,-1,416800,Damage,Call,761000000,2004.73,Maternity & Baby Products,0,C,Consigner,2179846,59.66868,0.977847,153000000,8.305633,0.969407,1,0,13,0,6,0,2,106.27812336968876,57.77796915034717,93.95808297694902,163.30068855149273,0.4444444444444444,0.2,0.2585987261146497,0.5474358974358975
1836,2,0,0,854.038,151,182,20457,204835,-1,427863,Damage,Call,1491399,2048.67,Miscellaneous Goods,-1,B,Consigner,247525,23.92602,0.98253,6475,81.99648,0.99644,1,0,14,0,6,0,2,55.000321274151965,118.74044016391558,57.51843087476304,9.138643485880278,0.0828402366863905,0.3,0.1,0.0
1837,2,0,0,56.235,146,203,9969,412086,-1,427694,未知,Call,176878,132.84,Electronic Product,0,C,Consigner,142909,0.0,0.930506,543131,0.0,0.973288,0,0,6,0,4,0,2,75.50373567911244,73.82922603912272,11.142452369320958,70.40306054780304,0.3,0.25,0.0,0.0
1838,2,0,0,0.0,4,50,65880,351452,-1,427851,未知,Internal Software,2552498,454.55,Alcohol,0,B,Consigner,241637,2.934782,0.988494,820094,41.88009,0.974183,0,2,0,0,6,0,2,60.02737754693536,39.67417888170578,8.263119637255766,3.170271430811131,0.1592356687898089,0.1666666666666666,0.25,0.0
1839,2,0,1,454.722,10,134,183100,292221,-1,26946,未知,Call,1248262,359.98,Miscellaneous Goods,0,C,Consigner,915554,2.844378,0.972635,630531,23.42823,0.996941,0,0,14,0,6,0,2,75.08706991822723,46.10167247042128,0.0,4.031834591401378,0.0952380952380952,0.0869565217391304,0.0,0.0
1840,2,0,0,22.864,222,3,128108,65560,-1,-148838,未知,Internal Software,3257124,381.91,Hardware,-1,B,Consigner,60271,6.620285,0.997331,114943,80.63952,0.962495,0,2,9,0,6,0,2,44.00935888510234,63.81099393925928,,16.51232775096019,0.173469387755102,0.1170212765957446,,0.0
1841,2,0,0,439.777,207,274,215974,300000,-1,427713,未知,Call,673000000,4786.81,Dried Groceries,-1,Not Known,Unknown,1984,84.84736,0.939474,4690000000,60.98141,0.880926,0,0,5,3,6,0,2,74.1529936661414,126.32811879679848,81.4699013359998,163.30068855149273,0.4594594594594595,0.5,0.4375,0.5474358974358975
1842,2,0,0,451.544,25,4,201026,428134,-1,427752,Pickup Error,Call,1728483,421.9,"Apparel, Footwear & Accessories",0,C,Consigner,777845,18.86383,0.938183,52723,7.349247,0.968,3,0,1,0,6,0,2,88.8237010925776,81.2740685764068,0.0,255.03,0.1843137254901961,0.2439024390243902,0.0,2.0
1843,2,0,0,3.144,4,99,204835,321024,-1,53515,Pickup Error,Call,55608,132.98,Beauty & Daily Essentials,0,B,Consigner,1040198,37.16912,0.866561,467121,17.29435,0.955429,3,0,3,0,2,0,2,60.02737754693536,39.75074374258253,103.65,,0.1592356687898089,0.1505376344086021,2.0,
1844,2,0,0,3.095,0,89,183889,300000,-1,427864,未知,Vendor Consultation,638000000,3377.59,Miscellaneous Goods,1,B,Consigner,11133,40.038,0.999163,883000000,60.37997,0.990229,0,6,14,0,6,0,2,57.22795965470159,66.91243902018225,83.80393880479427,163.30068855149273,0.1678082191780822,0.1875,0.2442307692307692,0.5474358974358975
1845,2,0,0,0.0,268,235,201311,323241,-1,427863,未知,Call,-61934,100.28,Miscellaneous Goods,-1,Not Known,Consigner,1649926,27.70364,0.971541,1392401,7.658085,0.935732,0,0,14,0,0,0,2,96.84596855953218,58.86124754081313,0.0,1.5355377385838302,0.1823899371069182,0.25,0.0,0.0
1846,2,0,0,40.112,2,187,161906,260395,-1,-50539,未知,,658544,321.26,Hardware,0,B,Consigner,1217461,4.727833,0.990346,557646,4.050069,0.934322,0,5,9,0,6,0,2,56.04468495785089,71.38613126413931,140.98470779763628,0.0,0.0935960591133004,0.1777777777777777,0.217391304347826,0.0
1847,2,0,0,0.584,42,125,300000,300000,-1,407929,未知,Call,601000000,1896.1,Pharmaceuticals,0,B,Consigner,5170,0.0,0.998566,867000000,12.89546,0.98702,0,0,15,0,6,0,2,106.19017586084024,73.66751450015366,37.641990060787286,163.30068855149273,0.145631067961165,0.1523809523809524,0.52,0.5474358974358975
1848,2,1,0,1.891,11,100,145122,28010,1,427861,Suspected Lost,Call,605336,281.93,Beauty & Daily Essentials,-1,Staff,Consigner,433123,0.0,0.976918,821151,0.0,0.990928,5,0,3,0,6,0,2,46.140341664130425,111.92654089931048,9.567178545845271,0.374728477804801,0.1724137931034483,0.1985815602836879,0.0,1.0
1849,2,0,0,2.835,2,200,197249,155406,-1,36086,Damage,Vendor Consultation,-74698,326.15,Beauty & Daily Essentials,0,C,Unknown,315073,2.747337,0.998812,1293773,0.0,0.931301,1,6,3,3,0,0,2,56.04468495785089,56.43921018029192,0.0,0.0,0.0935960591133004,0.3333333333333333,0.0,0.0
1850,2,1,0,209.034,3,222,69106,266156,-1,-116457,Damage,Call,182692,149.93,Maternity & Baby Products,-1,C,Receiver,784327,5.560684,0.896436,858519,8.753741,0.900116,1,0,13,1,4,0,2,41.966021036266106,77.81584876066215,0.0,3.282851038503713,0.1538461538461538,0.1598173515981735,0.0,0.0
1851,3,0,0,39.867,42,215,208648,434384,-1,77032,未知,Call,-29433,1163.07,Jewelry,-1,C,Consigner,307897,19.25601,0.990561,606040,1.453369,0.961584,0,0,12,0,0,0,2,106.19017586084024,76.55751163645215,61.77883639334807,0.0,0.145631067961165,0.1515151515151515,0.0,0.0
1852,2,0,0,87.042,36,178,217859,362093,-1,-107944,Pickup Error,Call,102896,223.49,Dried Groceries,0,B,Receiver,338749,1.752021,0.970814,625807,28.21202,0.891206,3,0,5,1,3,0,2,3.937651508941223,75.72709977879157,,119.7402355315706,1.0,0.2073170731707317,,0.0
1853,2,0,0,32.955,179,37,227346,274119,-1,427783,Pickup Error,Call,132659,1074.1,Beauty & Daily Essentials,0,B,Consigner,1824689,7.851985,0.995348,153202,81.68339,0.957493,3,0,3,0,3,0,2,56.8349237193444,71.26297526452987,93.95808297694902,3.890517848488013,0.1497584541062802,0.2033898305084746,0.2585987261146497,0.0
1854,2,0,1,789.963,187,37,15877,137139,-1,427837,Damage,Call,94517,548.57,Household Goods,-1,B,Consigner,459740,214.4911,0.991561,143527,40.84184,0.993078,1,0,11,0,3,0,2,50.57901513935886,71.26297526452987,46.97040480882532,13.332788155105607,0.1261261261261261,0.2033898305084746,0.1827956989247312,0.25
1855,2,1,0,2.082,2,3,188239,100648,-1,17441,未知,Internal Software,-69603,936.74,Hardware,-1,C,Consigner,530789,4.204011,0.994517,164734,2.400918,0.880113,0,2,9,0,0,0,2,56.04468495785089,63.81099393925928,6.004596561591672,5.548167700589104,0.0935960591133004,0.1170212765957446,0.0,0.0
1856,2,1,0,947.51,138,90,50216,303416,-1,55187,Damage,Call,204717,1153.12,Dried Groceries,0,C,Unknown,491762,127.3272,0.955508,208130,14.88028,0.99319,1,0,5,3,4,0,2,10.095874078120213,48.608787432873726,,4.344233930270785,0.0909090909090909,0.1724137931034483,,0.0
1857,2,0,0,246.879,1,56,184878,84235,-1,427766,未知,Internal Software,463167,181.37,Home Improvement and Building Material,-1,B,Consigner,712754,19.11049,0.976719,541490,1.177486,0.971685,0,2,10,0,5,0,2,69.06443164317325,9.118982064482928,187.86331098346247,3.2378055616354997,0.1802721088435374,0.4444444444444444,0.0,0.0
1858,2,0,0,9.853,109,178,30988,100648,-1,427822,Damage,Call,3124472,631.29,"Apparel, Footwear & Accessories",0,B,Consigner,45355,0.098114,0.955733,140500,5.019537,0.98802,1,0,1,0,6,0,2,45.374295092323,75.72709977879157,15.033818335414978,5.548167700589104,0.25,0.2073170731707317,0.0,0.0
1859,1,1,0,410.662,168,68,36335,71030,-1,427820,Damage,Call,-81875,234.04,Furniture,0,C,Consigner,33040,27.18096,0.998494,53943,2.298893,0.998163,1,0,8,0,0,0,2,114.70883773869524,106.21105813841784,1.7486083924189095,4.622569151880857,0.064516129032258,0.0,0.0,0.0
1860,2,0,0,2.187,1,268,31392,66968,-1,427842,Suspected Lost,Vendor Consultation,84812,133.72,Furniture,0,C,Receiver,585720,1.369932,0.997009,1981472,0.0,0.981279,5,6,8,1,2,0,2,69.06443164317325,130.15540902762945,133.87,621.9853709508882,0.1802721088435374,0.2727272727272727,1.0,0.0
1861,2,1,0,0.0,136,179,64750,129408,-1,427785,未知,Internal Software,682549,334.29,Miscellaneous Goods,0,B,Unknown,1566126,0.0,0.985579,566534,2.354797,0.997905,0,2,14,3,6,0,2,83.60535432076018,49.485349035609424,0.5658852643975393,,0.1632653061224489,0.17578125,0.0,
1862,2,0,0,102.181,179,42,23605,40541,-1,427851,未知,Complaint,-57248,2125.04,Miscellaneous Goods,-1,B,Consigner,63585,87.42081,0.926321,2349591,10.08328,0.894563,0,1,14,0,0,0,2,56.8349237193444,47.89018349830656,32.26880053668856,105.70751086278835,0.1497584541062802,0.0571428571428571,0.375,0.0
1863,2,1,0,494.225,13,71,122311,202749,-1,427753,Suspected Lost,Call,11510,523.99,Pharmaceuticals,-1,B,Unknown,142040,6.152128,0.972822,986509,3.633759,0.973752,5,0,15,3,2,0,2,117.72169897217258,60.78127493377559,69.88971886548569,56.42560469093574,0.2748538011695906,0.5714285714285714,0.0,0.0
1864,2,0,0,261.545,314,0,56423,273673,-1,427859,Suspected Lost,Call,259657,204.15,Electronic Product,-1,Staff,Consigner,797322,87.02343,0.974625,542314,35.25678,0.950929,5,0,6,0,5,0,2,114.58829809756544,75.01688402479252,2.8912484164609698,3.3411842333354773,0.0,0.1507692307692307,0.0,0.0
1865,2,0,0,186.555,274,134,191817,290447,-1,427832,Damage,Call,1738714,2604.26,Pharmaceuticals,0,B,Consigner,23561,49.10281,0.987444,375259,88.52592,0.955434,1,0,15,0,6,0,2,52.33506450297725,46.10167247042128,31.08972808888528,0.0,0.25,0.0869565217391304,0.45,0.0
1866,2,0,0,219.158,258,0,183889,356984,-1,163689,未知,Internal Software,-58675,117.49,Hardware,-1,C,Consigner,336375,58.08515,0.981511,523146,15.79426,0.935368,0,2,9,0,0,0,2,0.0,75.01688402479252,83.80393880479427,0.5363885982569163,0.0,0.1507692307692307,0.2442307692307692,0.0
1867,2,0,1,0.0,201,226,191817,300000,-1,427583,未知,Call,386000000,1113.37,Pharmaceuticals,-1,B,Consigner,23669181,7.977446,0.987828,8963112,2.246073,0.957657,0,0,15,0,6,0,2,116.26723222288638,33.376562481963404,31.08972808888528,163.30068855149273,0.4814814814814814,0.0980392156862745,0.45,0.5474358974358975
1868,2,1,0,23.875,248,185,208679,329526,-1,65641,未知,Call,-13370,1187.25,"Apparel, Footwear & Accessories",0,C,Receiver,53852,8.753991,0.998839,492844,13.84791,0.929226,0,0,1,1,0,0,2,52.4860542706416,82.10025254899978,11.390866090507476,60.61989587217281,0.3333333333333333,0.2025316455696202,0.4,0.0
1869,2,1,0,1953.98,190,99,183889,275068,-1,-66926,Suspected Lost,Internal Software,1304122,1070.41,Home Improvement and Building Material,-1,C,Consigner,3243,70.91241,0.517998,195007,36.11288,0.971483,5,2,10,0,6,0,2,73.48402451815683,39.75074374258253,83.80393880479427,11.209929162052422,0.1560693641618497,0.1505376344086021,0.2442307692307692,1.0
1870,2,0,0,359.606,207,344,15441,300000,-1,427864,未知,Vendor Consultation,937000000,1544.47,Electronic Product,0,B,Consigner,280500,51.54253,0.953038,7238488,8.245439,0.971222,0,6,6,0,6,0,2,74.1529936661414,39.2423650364136,18.778108340157527,163.30068855149273,0.4594594594594595,0.32,0.7777777777777778,0.5474358974358975
1871,2,0,0,167.693,2,168,201312,388788,-1,-381348,Pickup Error,Vendor Consultation,-50942,387.61,Documents & Bills,0,C,Unknown,247765,36.85786,0.997952,52922,41.9568,0.877732,3,6,4,3,0,0,2,56.04468495785089,122.833580311983,11.970639244772864,0.0,0.0935960591133004,0.2608695652173913,0.1538461538461538,0.0
1872,2,1,0,100.332,25,100,93271,199769,-1,-46374,Damage,Call,-26324,797.11,Hardware,0,C,Consigner,479681,6.823161,0.89412,265207,49.97417,0.978258,1,0,9,0,0,0,2,88.8237010925776,111.92654089931048,79.27719731486545,2.756109945044753,0.1843137254901961,0.1985815602836879,0.0,0.0
1873,2,0,0,2.19,0,132,21470,138645,-1,427864,未知,Call,273513,116.63,Fresh,-1,B,Consigner,139685,0.604294,0.962576,826745,63.43576,0.959364,0,0,7,0,5,1,1,57.22795965470159,56.88193748364041,,0.0,0.1678082191780822,0.1636363636363636,,0.0
1874,2,1,0,262.802,218,185,199412,271025,-1,-159017,未知,Call,73587,1189.21,Hardware,0,B,Receiver,124151,138.8167,0.987139,14634,32.51158,0.957869,0,0,9,1,2,0,2,45.42517437856351,82.10025254899978,13.11616446852408,121.4472470009228,0.3333333333333333,0.2025316455696202,0.0,0.0
1875,2,1,0,185.547,182,99,197765,436302,-1,-188751,未知,Call,1992,788.48,Hardware,0,B,Receiver,9304,5.553007,0.998951,465690,14.86832,0.938599,0,0,9,1,2,0,2,22.285995961952302,39.75074374258253,3.03553927111477,0.0,0.1111111111111111,0.1505376344086021,0.0,0.0
1876,2,1,0,46.911,178,0,224345,329819,-1,427844,Damage,Internal Software,112594,232.36,Jewelry,-1,B,Consigner,166493,2.328371,0.948316,743563,0.0,0.966107,1,2,12,0,3,0,2,59.71452989301516,75.01688402479252,13.789034649935834,0.0,0.1660079051383399,0.1507692307692307,0.0,0.0
1877,2,1,1,0.576,26,303,88198,60657,1,44426,未知,Call,483115,689.82,Home Improvement and Building Material,0,B,Unknown,1833678,41.00683,0.947894,930756,0.0,0.929779,0,0,10,3,5,0,2,109.80516018052288,22.23437915717134,0.0,11.461602994321114,0.12,0.0666666666666666,0.0,0.0
1878,2,0,0,138.773,25,242,215974,300000,1,248811,未知,Call,573000000,1913.47,Furniture,0,B,Unknown,13772683,4.022422,0.999229,7129207,38.99714,0.996506,0,0,8,3,6,0,2,88.8237010925776,327.6411255823328,81.4699013359998,163.30068855149273,0.1843137254901961,0.1818181818181818,0.4375,0.5474358974358975
1879,2,0,0,18.284,222,127,227346,250457,-1,427751,未知,Internal Software,3065586,253.84,"Apparel, Footwear & Accessories",0,B,Receiver,13775,92.24336,0.999769,74388,27.17678,0.96656,0,2,1,1,6,0,2,44.00935888510234,63.45537171576693,93.95808297694902,154.42,0.173469387755102,0.2325581395348837,0.2585987261146497,0.0
1880,2,1,0,199.157,3,212,119815,94747,-1,427795,未知,Call,7850,545.31,Miscellaneous Goods,-1,Not Known,Consigner,441768,20.55211,0.977959,426674,21.1124,0.930422,0,0,14,0,2,0,2,41.966021036266106,133.2668484517222,12.455485050424835,15.495657881135005,0.1538461538461538,0.36,0.0,0.0
1881,2,0,0,464.871,2,178,11267,74408,-1,427851,Pickup Error,Call,757598,1237.31,Pharmaceuticals,-1,B,Consigner,424411,17.82288,0.986002,87702,117.7623,0.995585,3,0,15,0,6,0,2,56.04468495785089,75.72709977879157,3.7298367622911233,0.0,0.0935960591133004,0.2073170731707317,0.0,0.0
1882,2,0,0,17.249,102,178,168403,215445,-1,427846,Suspected Lost,Call,-80930,336.85,Miscellaneous Goods,0,B,Consigner,1086823,8.157251,0.984108,408402,0.701171,0.979163,5,0,14,0,0,0,2,84.99396693620673,75.72709977879157,0.0,0.0,0.1518987341772152,0.2073170731707317,0.0,0.0
1883,2,0,0,275.132,37,148,220883,305734,-1,427784,Damage,Call,399847,474.42,Jewelry,0,B,Receiver,171566,0.0,0.911445,125765,25.65008,0.956479,1,0,12,1,5,0,2,50.88561657397553,186.1115673147385,135.84925416861563,9.846528723861423,0.0434782608695652,0.5,0.1,0.0
1884,2,0,1,200.539,110,276,227346,310800,-1,153979,Damage,Call,220458,241.81,Alcohol,-1,B,Consigner,110614,8.662069,0.936268,127642,0.0,0.969178,1,0,0,0,4,0,2,110.78491220508148,10.135786229263095,93.95808297694902,6.843741973942103,0.2539682539682539,0.0,0.2585987261146497,0.6666666666666666
1885,2,0,0,511.656,253,158,186977,325932,-1,427806,Suspected Lost,Internal Software,2322946,1496.58,Miscellaneous Goods,-1,B,Consigner,36405,37.47722,0.99893,138152,63.93262,0.9865,5,2,14,0,6,0,2,63.03159537877947,63.91833902730377,44.88028246717423,53.98777229710213,0.1228070175438596,0.1666666666666666,0.0,0.0
1886,2,0,0,21.379,5,29,210232,210324,-1,427856,未知,Call,73321,288.44,Dried Groceries,0,C,Receiver,254145,11.38172,0.941347,989647,5.359532,0.944235,0,0,5,1,2,0,2,64.35039757274271,30.86500720980986,139.9140213055044,2.061137357468496,0.0975609756097561,0.0,0.1481481481481481,0.0
1887,2,0,0,547.6,186,194,127119,127790,-1,114537,Damage,Internal Software,-22601,631.89,Hardware,0,B,Consigner,348425,50.50536,0.994619,233685,10.46699,0.902223,1,2,9,0,0,0,2,26.671001699995884,91.59167001694736,4.533049624621256,14.040496299281257,0.0,0.1785714285714285,0.0,0.0
1888,2,0,0,0.0,178,222,200757,72062,-1,267,未知,Call,414371,1128.77,Hardware,0,C,Consigner,11719,23.04019,0.959704,756155,37.49415,0.970661,0,0,9,0,5,0,2,59.71452989301516,77.81584876066215,6.190157493862904,0.0,0.1660079051383399,0.1598173515981735,0.0,0.0
1889,2,0,0,0.0,51,187,223774,388896,-1,-184897,Pickup Error,Vendor Consultation,-74881,428.85,Hardware,-1,B,Unknown,45631,6.235272,0.998819,577471,8.007092,0.99832,3,6,9,3,0,0,2,38.46967922880337,71.38613126413931,0.0,0.0,0.0,0.1777777777777777,0.0,0.0
1890,2,0,0,106.998,271,188,156694,62225,-1,50176,未知,Internal Software,115064,269.64,Pharmaceuticals,0,C,Consigner,36469,33.80389,0.98175,507500,20.49382,0.911599,0,2,15,0,3,0,2,109.2125110456184,81.19796947313277,8.114437357418876,0.0,0.15,0.1052631578947368,0.0,0.0
1891,2,0,0,125.26,146,143,85722,277865,-1,-18608,Damage,Vendor Consultation,58945,131.24,Household Goods,1,B,Receiver,329305,12.71421,0.939485,413177,17.77566,0.989477,1,6,11,1,2,0,2,75.50373567911244,101.9632107476282,97.70440251572327,,0.3,0.2075471698113207,0.0,
1892,2,1,0,39.075,188,179,193886,15918,-1,427775,未知,Call,-34852,705.08,Appliances,0,B,Consigner,46528,22.74836,0.980922,303714,19.47115,0.880188,0,0,2,0,0,0,2,47.62317230513968,49.485349035609424,183.07850421942743,5.581819387759424,0.2051282051282051,0.17578125,0.2535211267605634,0.0
1893,2,0,0,2713.226,102,179,183889,247419,-1,10693,Suspected Lost,Internal Software,2010654,1156.33,Appliances,-1,B,Consigner,337032,102.5135,0.84228,26459,33.42846,0.996178,5,2,2,0,6,0,2,84.99396693620673,49.485349035609424,83.80393880479427,0.1744180839535362,0.1518987341772152,0.17578125,0.2442307692307692,0.0
1894,2,0,0,105.956,97,187,201643,28542,-1,427716,未知,Call,496798,857.23,Alcohol,0,B,Receiver,239296,19.94158,0.999207,1331235,4.967333,0.976587,0,0,0,1,5,0,2,67.53870319850822,71.38613126413931,,0.0,0.3333333333333333,0.1777777777777777,,0.0
1895,2,1,0,276.161,83,177,100524,207106,-1,427733,未知,Call,-4925,146.94,Beauty & Daily Essentials,-1,Not Known,Receiver,118769,5.908769,0.964897,268674,5.459386,0.967496,0,0,3,1,0,0,2,41.983009764404585,30.715102919262318,0.2879376135170713,0.0,0.5,0.25,0.0,0.0
1896,2,0,0,81.609,268,28,210232,240789,-1,427837,Damage,Call,866215,817.25,Appliances,-1,C,Unknown,763780,18.6108,0.912084,131635,76.50581,0.978806,1,0,2,3,6,0,2,96.84596855953218,22.12545076564436,139.9140213055044,0.0,0.1823899371069182,0.2857142857142857,0.1481481481481481,0.0
1897,2,1,0,0.0,63,42,184430,390605,-1,53320,未知,Mini Program,-68178,106.05,Hardware,-1,B,Consigner,511913,23.73455,0.955785,1064289,5.683885,0.985482,0,4,9,0,0,0,2,87.51932180035882,47.89018349830656,10.669650789490731,0.0,0.2022471910112359,0.0571428571428571,0.5714285714285714,0.0
1898,1,0,0,94.733,191,232,212182,300000,-1,427864,未知,Call,117000000,3196.4,Furniture,0,B,Consigner,1573,0.0,0.999943,73000000000,158.1101,0.995123,0,0,8,0,6,0,2,165.79061632765183,104.02098248075887,62.71522772083796,163.30068855149273,0.4166666666666667,0.2,0.5833333333333334,0.5474358974358975
1899,2,0,1,1112.313,226,0,134908,325603,-1,427480,Damage,Call,250088,595.31,Home Improvement and Building Material,-1,C,Consigner,371165,32.00133,0.993266,114877,115.188,0.980233,1,0,10,0,4,0,2,26.215935350622463,75.01688402479252,62.524191691138896,552.0071118135126,0.0,0.1507692307692307,0.3333333333333333,0.0
1900,2,0,0,820.584,42,187,183889,75764,-1,-37064,Damage,Call,700004,328.87,Household Goods,0,Not Known,Receiver,30,52.21702,0.995284,255809,62.94204,0.996226,1,0,11,1,6,0,2,106.19017586084024,71.38613126413931,83.80393880479427,0.0,0.145631067961165,0.1777777777777777,0.2442307692307692,0.0
1901,2,0,0,354.313,89,226,139664,141169,-1,427768,未知,Internal Software,-41994,161.54,Dried Groceries,-1,B,Unknown,19515,58.00913,0.998341,295181,16.15858,0.985362,0,2,5,3,0,0,2,56.62852339692903,33.376562481963404,,0.0,0.1,0.0980392156862745,,0.0
1902,2,0,0,210.555,181,8,152710,408299,-1,-48589,Pickup Error,Call,55961,942.35,Appliances,-1,B,Unknown,178252,34.11905,0.999394,394,91.65675,0.990782,3,0,2,3,2,0,2,66.98420127730182,37.613581290440536,67.8378867951636,0.0,0.1568627450980392,0.0,0.5,0.0
1903,2,0,0,124.375,25,1,23605,72908,-1,427863,未知,Internal Software,-22140,798.29,Miscellaneous Goods,-1,C,Receiver,259937,52.25239,0.982236,88200,71.57238,0.999893,0,2,14,1,0,0,2,88.8237010925776,69.89628878079544,32.26880053668856,1.1134010449144094,0.1843137254901961,0.12,0.375,0.0
1904,2,1,0,496.873,182,134,180777,93542,-1,427848,未知,Call,177093,155.22,Alcohol,-1,B,Consigner,72833,7.633298,0.962693,326961,5.956385,0.99324,0,0,0,0,4,0,2,22.285995961952302,46.10167247042128,0.0,65.31267258653345,0.1111111111111111,0.0869565217391304,0.0,0.0
1905,2,1,0,16.234,253,1,175787,257015,-1,-72252,未知,Internal Software,-78180,486.28,Miscellaneous Goods,0,C,Consigner,31377,25.97293,0.999833,1067258,1.559567,0.937646,0,2,14,0,0,0,2,63.03159537877947,69.89628878079544,0.0,1.3974559108935956,0.1228070175438596,0.12,0.0,0.0
1906,2,0,0,372.269,0,190,133547,383807,-1,427754,Pickup Error,Internal Software,329283,259.12,Household Goods,1,C,Consigner,172595,27.16353,0.99903,37531,58.12846,0.953393,3,2,11,0,5,0,2,57.22795965470159,47.29286625931772,5.773509633568169,147.0913892350956,0.1678082191780822,0.1052631578947368,0.5,0.6666666666666666
1907,2,0,0,0.0,2,146,210524,146299,-1,427816,Pickup Error,Call,-48141,100.06,Miscellaneous Goods,1,C,Consigner,2534272,0.0,0.965842,3659423,0.0,0.992812,3,0,14,0,0,0,2,56.04468495785089,100.44850004559429,0.0,3.214845162067719,0.0935960591133004,0.1071428571428571,0.0,0.0
1908,2,0,0,17.388,13,178,138793,11780,-1,427863,Damage,Call,246927,115.65,Jewelry,-1,C,Unknown,75702,61.68093,0.939203,183939,107.205,0.861084,1,0,12,3,4,0,2,117.72169897217258,75.72709977879157,26.281948526137683,0.0,0.2748538011695906,0.2073170731707317,1.0,0.0
1909,2,0,0,288.597,132,1,208207,277901,-1,427649,Pickup Error,Call,145856,1251.96,Miscellaneous Goods,-1,Not Known,Unknown,418870,17.44139,0.998348,430659,3.411397,0.978645,3,0,14,3,3,0,2,52.70819341651338,69.89628878079544,0.0,19.864457483365307,0.2071428571428571,0.12,0.0,0.0
1910,2,0,1,272.721,135,77,210232,385097,-1,427713,Pickup Error,Internal Software,139071,825.25,Miscellaneous Goods,0,C,Receiver,86701,11.06405,0.993465,1719,16.50005,0.99889,3,2,14,1,3,0,2,163.79927839575598,90.11488285865904,139.9140213055044,0.5267324674954021,0.1111111111111111,0.1538461538461538,0.1481481481481481,1.0
1911,2,0,0,0.674,321,0,122672,63479,-1,427862,Pickup Error,Call,1091428,105.06,Miscellaneous Goods,-1,B,Receiver,26469,14.8649,0.996623,238031,10.99828,0.99457,3,0,14,1,6,0,2,30.172814529434604,75.01688402479252,159.17531022595645,60.29865983497472,0.2941176470588235,0.1507692307692307,0.0,0.0
1912,2,0,0,469.89,134,197,20488,177579,-1,427849,Pickup Error,Call,2953037,341.56,Miscellaneous Goods,1,B,Consigner,309346,18.07837,0.976674,1165392,48.16798,0.996724,3,0,14,0,6,0,2,42.53778943894619,63.769979151069016,0.0,24.54846095141185,0.1538461538461538,0.208955223880597,0.0,0.0
1913,2,0,0,731.579,5,179,183889,408592,1,427811,Pickup Error,Internal Software,182561,141.01,Alcohol,-1,B,Consigner,63312,52.07705,0.998362,54695,13.92644,0.99786,3,2,0,0,4,0,2,64.35039757274271,49.485349035609424,83.80393880479427,0.0,0.0975609756097561,0.17578125,0.2442307692307692,0.0
1914,5,0,0,278.828,188,42,54480,74504,-1,89571,未知,Internal Software,-39340,187.16,Furniture,-1,C,Consigner,296644,22.73443,0.979686,713861,2.275309,0.98041,0,2,8,0,0,0,2,47.62317230513968,47.89018349830656,86.15897645078165,0.0,0.2051282051282051,0.0571428571428571,0.3478260869565217,0.0
1915,2,1,0,23.392,2,74,203107,206864,-1,191164,Damage,Vendor Consultation,957780,686.4,Household Goods,0,B,Consigner,133021,47.40814,0.788069,43803,30.22474,0.964465,1,6,11,0,6,0,2,56.04468495785089,4.030065568527107,36.40854348808373,,0.0935960591133004,1.0,0.0,
1916,2,0,0,0.0,244,43,227346,77230,-1,35693,未知,Mini Program,399674,100.51,Alcohol,0,Not Known,Consigner,884688,51.67892,0.969875,1190169,0.0,0.903484,0,4,0,0,5,0,2,62.08371497907519,47.014223570793376,93.95808297694902,15.349690123166235,0.1346153846153846,0.1428571428571428,0.2585987261146497,1.0
1917,2,0,0,514.352,100,88,15877,295662,-1,427863,未知,Internal Software,78585,2759.44,Miscellaneous Goods,-1,C,Consigner,4016,41.9023,0.97121,123258,45.32165,0.976001,0,2,14,0,2,0,2,57.27817095022288,79.74310528281981,46.97040480882532,0.0,0.1162790697674418,0.2061855670103092,0.1827956989247312,0.0
1918,2,0,0,0.0,271,108,134584,47259,-1,427841,未知,Call,-27926,703.33,Furniture,-1,C,Receiver,681244,0.398997,0.999161,254243,1.486701,0.988539,0,0,8,1,0,0,2,109.2125110456184,84.18931730634625,0.0,4.306921816991101,0.15,0.16,0.0,0.0
1919,3,1,0,229.158,91,97,62734,193312,-1,-54914,未知,Call,75541,1242.58,Hardware,0,C,Receiver,140091,14.13769,0.999341,129486,8.331804,0.991153,0,0,9,1,2,0,2,22.138572095820624,13.791098319222607,,0.0,0.2307692307692307,0.0,,0.0
1920,2,0,0,455.85,102,161,183000,209615,1,68394,Damage,Call,1334486,1112.61,Furniture,1,Not Known,Consigner,2930,13.8276,0.991406,89053,11.45917,0.995716,1,0,8,0,6,0,2,84.99396693620673,28.782972978997275,9.81951537382848,89.44917833231894,0.1518987341772152,0.5555555555555556,0.0,0.0
1921,2,0,0,262.696,1,55,42026,300000,-1,427854,未知,Internal Software,440000000,783.94,Household Goods,-1,B,Receiver,48803203,37.02144,0.987143,553000000,22.96433,0.993271,0,2,11,1,6,0,2,69.06443164317325,119.73828509963953,262.6067922046753,163.30068855149273,0.1802721088435374,0.1538461538461538,0.2222222222222222,0.5474358974358975
1922,2,1,0,111.065,186,1,224826,358558,-1,427816,Suspected Lost,Call,117262,584.15,Alcohol,-1,B,Consigner,91744,18.79774,0.991484,98297,14.22678,0.952802,5,0,0,0,3,0,2,26.671001699995884,69.89628878079544,52.8716761853076,0.0,0.0,0.12,0.0909090909090909,0.0
1923,2,0,0,98.655,87,55,14084,444969,-1,427863,Damage,Call,-63119,1304.23,Jewelry,-1,B,Consigner,52583,17.00814,0.946506,357453,58.83012,0.986362,1,0,12,0,0,0,2,72.62680403769173,119.73828509963953,69.64123028029817,2.1280491916687287,0.2666666666666666,0.1538461538461538,0.1481481481481481,0.5
1924,2,0,0,74.887,127,137,224848,23662,-1,427857,未知,Call,293409,397.11,Pharmaceuticals,-1,C,Consigner,1097673,6.484371,0.954201,573956,27.7682,0.972129,0,0,15,0,5,0,2,59.84735359218162,40.54514853954838,11.81154720788021,0.0,0.1397849462365591,0.1012658227848101,0.0714285714285714,0.0
1925,3,0,0,45.505,275,96,149852,285562,1,427862,Suspected Lost,Call,24652,306.22,Appliances,0,Not Known,Receiver,12903,6.753191,0.988859,292875,22.13992,0.933914,5,0,2,1,2,0,2,133.43321372438515,114.16873400512304,45.81659464506743,8.488402561753457,0.3,0.2,0.0,0.0
1926,2,0,0,51.921,102,282,107515,213844,-1,427841,未知,Call,-51300,102.46,Miscellaneous Goods,0,C,Consigner,290414,2.938871,0.989995,803220,11.02704,0.995828,0,0,14,0,0,0,2,84.99396693620673,79.92843650699533,0.8375315894671141,0.945364428031301,0.1518987341772152,0.1,0.0,0.3333333333333333
1927,2,1,0,101.035,63,215,95089,365767,-1,427849,未知,Internal Software,453035,142.07,Pharmaceuticals,-1,C,Unknown,1921,31.92033,0.995639,26,61.64412,0.99808,0,2,15,3,5,0,2,87.51932180035882,76.55751163645215,135.91227840571088,1.831320181332648,0.2022471910112359,0.1515151515151515,1.0,0.0
1928,2,0,0,68.065,253,179,207447,170201,1,427832,未知,Call,-35606,960.88,Dried Groceries,0,B,Consigner,282536,195.4705,0.999166,206681,27.83994,0.986784,0,0,5,0,0,0,2,63.03159537877947,49.485349035609424,12.821894505220513,0.0,0.1228070175438596,0.17578125,0.0,0.0
1929,2,0,0,127.23,2,191,227346,337810,-1,427611,Damage,Call,-80825,301.6,Pharmaceuticals,-1,B,Consigner,752753,27.94165,0.992401,333854,0.0,0.942372,1,0,15,0,0,0,2,56.04468495785089,73.86479360994409,93.95808297694902,0.0,0.0935960591133004,0.25,0.2585987261146497,0.0
1930,2,1,1,194.741,229,113,223448,246891,-1,427864,Pickup Error,Call,-35414,456.52,Miscellaneous Goods,0,C,Receiver,4552,5.874073,0.978797,247762,0.0,0.99928,3,0,14,1,0,0,2,75.08980122759718,75.03614438246761,0.0,189.67008504115825,0.1875,0.2,0.0,0.0
1931,2,0,0,192.852,0,185,166374,418125,-1,26387,未知,Call,-66382,140.17,Maternity & Baby Products,0,B,Unknown,117986,41.36644,0.965055,347391,2.022216,0.992256,0,0,13,3,0,0,2,57.22795965470159,82.10025254899978,0.0,0.0,0.1678082191780822,0.2025316455696202,0.0,0.0
1932,2,0,0,18.688,140,3,193015,296516,-1,427841,Suspected Lost,Vendor Consultation,157225,472.4,Maternity & Baby Products,-1,C,Consigner,115772,0.0,0.87063,1121428,0.0,0.993911,5,6,13,0,3,0,2,162.4044975941189,63.81099393925928,0.0,0.0,0.2,0.1170212765957446,0.0,0.0
1933,2,0,0,605.678,132,80,142543,303096,-1,427812,Pickup Error,Call,693906,223.04,Alcohol,-1,B,Receiver,42,63.77969,0.960389,137468,55.57475,0.825922,3,0,0,1,6,0,2,52.70819341651338,2.0609810954040904,19.488828706838188,0.0,0.2071428571428571,0.0,0.0,0.0
1934,2,0,0,113.001,178,127,89136,76359,-1,427849,未知,Internal Software,-46935,1068.49,Furniture,-1,Not Known,Consigner,1122295,3.267853,0.998083,899378,38.06921,0.989312,0,2,8,0,0,0,2,59.71452989301516,63.45537171576693,10.738282647292742,1.8341833939939869,0.1660079051383399,0.2325581395348837,0.0,0.0
1935,2,1,0,108.309,181,178,227346,15870,-1,427752,未知,Vendor Consultation,195913,814.67,Miscellaneous Goods,0,B,Unknown,1091496,0.347661,0.958017,561526,36.55504,0.979341,0,6,14,3,4,0,2,66.98420127730182,75.72709977879157,93.95808297694902,0.0,0.1568627450980392,0.2073170731707317,0.2585987261146497,0.0
1936,2,0,0,22.02,133,3,1558,342844,-1,427748,未知,Vendor Consultation,-69691,104.95,Miscellaneous Goods,-1,B,Consigner,20190,119.3647,0.994481,1405035,0.970917,0.989747,0,6,14,0,0,0,2,66.60560181682781,63.81099393925928,11.441759901159996,59.77202303158642,0.1515151515151515,0.1170212765957446,0.0,1.0
1937,2,0,0,47.478,193,103,186970,70713,-1,427844,未知,Call,8929,2128.79,Household Goods,0,B,Receiver,24581,33.441,0.93067,46367,78.21549,0.997906,0,0,11,1,2,0,2,99.9740257904606,65.94505261935754,0.0,56.05858812989703,0.2307692307692307,0.1111111111111111,0.0,0.0
1938,2,1,0,32.234,163,189,22016,340649,-1,-984,未知,Call,-73476,251.71,Miscellaneous Goods,-1,Not Known,Consigner,541555,26.27635,0.990526,115955,77.35,0.964967,0,0,14,0,0,0,2,18.32935505173457,58.29261195317029,0.0,0.0,0.0,0.1521739130434782,0.0,0.0
1939,5,1,0,46.94,101,5,40884,8096,-1,427851,未知,Internal Software,548281,725.11,Dried Groceries,-1,C,Consigner,1234628,13.2976,0.999367,587998,0.0,0.936673,0,2,5,0,5,0,2,94.6704948186992,79.69800837324867,51.57968306435932,8.42925659472422,0.2333333333333333,0.0526315789473684,0.0,2.0
1940,3,1,0,209.22,193,178,216280,151211,-1,17775,Suspected Lost,Call,71388,1084.1,Electronic Product,0,Not Known,Consigner,11031,82.92235,0.98134,239614,123.1887,0.904075,5,0,6,0,2,0,2,99.9740257904606,75.72709977879157,9.384398360067667,0.0,0.2307692307692307,0.2073170731707317,0.0,0.0
1941,2,0,0,7.18,222,92,203469,91084,-1,427823,未知,Call,-62166,380.34,Jewelry,-1,B,Consigner,770869,55.33659,0.995319,498689,21.02244,0.983097,0,0,12,0,0,0,2,44.00935888510234,40.2168723640722,0.0,0.0,0.173469387755102,0.2222222222222222,0.0,0.0
1942,2,0,0,579.38,2,169,183889,143077,-1,192888,未知,Call,1008533,128.01,Appliances,-1,B,Consigner,42948,26.43206,0.967663,384451,7.590633,0.980138,0,0,2,0,6,0,2,56.04468495785089,4.134345806536753,83.80393880479427,11.158297835721354,0.0935960591133004,0.2222222222222222,0.2442307692307692,0.0
1943,2,0,0,2.989,244,292,199462,325932,-1,427808,未知,Internal Software,130515,1196.3,Dried Groceries,-1,C,Consigner,1041,25.66643,0.974674,537570,7.932917,0.921614,0,2,5,0,3,0,2,62.08371497907519,23.00992930524647,0.0,53.98777229710213,0.1346153846153846,0.4,0.0,0.0
1944,2,1,0,100.202,356,3,94927,138968,-1,-24235,Damage,Vendor Consultation,18370,737.64,Maternity & Baby Products,-1,C,Consigner,108281,28.30167,0.998396,149604,183.9628,0.970726,1,6,13,0,2,0,2,3.2007643975276423,63.81099393925928,10.230002980406384,0.0,0.5,0.1170212765957446,0.0,0.0
1945,5,0,0,118.756,125,69,108968,428556,-1,427814,未知,Vendor Consultation,186717,562.9,Pharmaceuticals,1,B,Consigner,710650,7.622246,0.874006,392552,4.598885,0.989554,0,6,15,0,4,0,2,70.23909957621414,2.819366128718647,22.72462107401427,144.6598910252409,0.0793650793650793,0.0,0.0,0.0
1946,2,0,0,286.553,188,117,176820,103664,-1,67991,未知,Vendor Consultation,-28067,100.03,Documents & Bills,-1,C,Receiver,199653,1.977575,0.997462,245672,20.10926,0.962925,0,6,4,1,0,0,2,47.62317230513968,66.62484724143525,25.94352246299482,6.800010826318781,0.2051282051282051,0.0689655172413793,0.0,0.0
1947,2,0,0,69.036,4,253,227346,28577,-1,122253,未知,Call,105621,709.91,Home Improvement and Building Material,0,B,Consigner,1614525,22.41941,0.999725,575445,5.712986,0.937853,0,0,10,0,3,0,2,60.02737754693536,69.88451229595863,93.95808297694902,,0.1592356687898089,0.208955223880597,0.2585987261146497,
1948,2,0,0,165.891,146,187,184051,270610,-1,427861,未知,Vendor Consultation,309171,275.74,Electronic Product,0,C,Consigner,182346,29.00785,0.958431,4203,62.48264,0.999298,0,6,6,0,5,0,2,75.50373567911244,71.38613126413931,267.25616498285734,,0.3,0.1777777777777777,0.0,
1949,2,0,0,144.438,126,140,183889,125541,-1,427725,Pickup Error,Call,876014,1608.15,Miscellaneous Goods,-1,B,Consigner,1200324,2.07129,0.926454,266555,16.28492,0.997122,3,0,14,0,6,0,2,90.36311397696744,32.04443699722811,83.80393880479427,54.33002584206252,0.5,0.1515151515151515,0.2442307692307692,0.0
1950,2,1,0,26.819,99,276,146703,207548,-1,427864,Pickup Error,Vendor Consultation,368355,256.2,Maternity & Baby Products,-1,B,Consigner,205124,9.163377,0.996404,114216,0.845741,0.973843,3,6,13,0,5,0,2,65.94900544613762,10.135786229263095,0.0,4.039526147866586,0.211864406779661,0.0,0.0,0.0
1951,2,0,0,1047.251,104,100,14084,162954,-1,20340,未知,Call,1511821,520.25,Appliances,-1,Not Known,Consigner,35005,59.81749,0.814882,38533,69.34029,0.966958,0,0,2,0,6,0,2,9.768753582444225,111.92654089931048,69.64123028029817,145.49479166666666,0.0,0.1985815602836879,0.1481481481481481,0.0
1952,2,0,0,525.68,159,4,227346,300000,-1,427864,未知,Call,576000000,3029.93,Miscellaneous Goods,0,B,Unknown,38004009,20.45053,0.998894,85257532,58.22309,0.999945,0,0,14,3,6,0,2,48.56404114139817,81.2740685764068,93.95808297694902,163.30068855149273,0.4210526315789473,0.2439024390243902,0.2585987261146497,0.5474358974358975
1953,2,1,0,2.185,101,133,82387,352072,-1,427864,Pickup Error,Call,31656,159.02,Jewelry,1,B,Consigner,51443,78.2757,0.997193,634612,20.87115,0.971339,3,0,12,0,2,0,2,94.6704948186992,67.74347839244929,25.94230953049805,0.4395050503053903,0.2333333333333333,0.1929824561403508,0.5,0.0
1954,2,0,0,88.298,222,104,15877,422807,-1,427854,未知,Mini Program,55799,1631.94,Pharmaceuticals,-1,B,Receiver,524256,134.0473,0.989123,27186,3.104497,0.981008,0,4,15,1,2,0,2,44.00935888510234,21.728510570447654,46.97040480882532,0.0,0.173469387755102,0.1666666666666666,0.1827956989247312,0.0
1955,2,0,0,32.343,1,178,38349,116177,-1,1921,Pickup Error,Call,43984,759.92,Dried Groceries,-1,Not Known,Consigner,245409,0.16063,0.997171,743705,32.4471,0.986742,3,0,5,0,2,0,2,69.06443164317325,75.72709977879157,219.49,0.2008271077908217,0.1802721088435374,0.2073170731707317,0.0,0.0
1956,2,1,0,439.643,0,340,126028,344718,1,-23182,Damage,Mini Program,-38298,515.62,Hardware,0,C,Consigner,39247,28.47876,0.982192,210169,49.54591,0.996923,1,4,9,0,0,0,2,57.22795965470159,113.6015926645088,,,0.1678082191780822,0.0769230769230769,,
1957,5,1,0,125.328,13,76,181527,55695,-1,31593,Suspected Lost,Call,74865,557.88,Beauty & Daily Essentials,0,C,Consigner,76299,6.79075,0.900173,287418,21.64341,0.95073,5,0,3,0,2,0,2,117.72169897217258,104.46696466604024,1164.5,29.54226847918437,0.2748538011695906,0.3043478260869565,0.0,0.0
1958,2,0,0,337.184,99,228,182022,300000,-1,427864,Pickup Error,Call,402000000,4435.31,Home Improvement and Building Material,-1,B,Receiver,40446302,55.22208,0.960208,195000000,44.62301,0.996398,3,0,10,1,6,0,2,65.94900544613762,177.3461916734879,172.11868320297572,163.30068855149273,0.211864406779661,0.3846153846153846,0.55,0.5474358974358975
1959,2,1,0,0.0,309,100,183889,110033,-1,-52954,Suspected Lost,Call,-12502,104.56,Pharmaceuticals,0,C,Receiver,283775,12.04438,0.9924,551810,12.25364,0.957895,5,0,15,1,0,0,2,149.60386696145503,111.92654089931048,83.80393880479427,0.0,0.2777777777777778,0.1985815602836879,0.2442307692307692,0.0
1960,2,0,0,110.529,178,153,55015,15885,-1,427859,未知,Call,606547,967.22,Electronic Product,0,C,Receiver,391692,28.80357,0.993316,28662,61.47901,0.985844,0,0,6,1,6,0,2,59.71452989301516,52.38805426785157,0.0,18.746977678032845,0.1660079051383399,0.1818181818181818,0.0,0.0
1961,2,0,0,126.943,188,190,56561,285562,-1,90720,未知,Call,130584,706.47,Dried Groceries,0,B,Receiver,149706,8.073954,0.999689,690627,5.519846,0.997135,0,0,5,1,3,0,2,47.62317230513968,47.29286625931772,0.0,8.488402561753457,0.2051282051282051,0.1052631578947368,0.0,0.0
1962,3,0,0,13.642,3,63,3700,61464,-1,427789,未知,Internal Software,38605,300.24,Miscellaneous Goods,-1,C,Consigner,466161,0.0,0.991825,583989,6.142989,0.963255,0,2,14,0,2,0,2,41.966021036266106,52.20261068322199,0.4417707447851958,44.49287361481078,0.1538461538461538,0.2941176470588235,0.0,0.0
1963,2,1,0,1.226,227,14,213225,229373,-1,-76643,Damage,Internal Software,1694373,111.27,Furniture,0,C,Receiver,594197,0.219467,0.998438,165499,29.57568,0.986613,1,2,8,1,6,0,2,17.16632556726263,62.29691250575112,0.0,20.883859186734828,0.15625,0.125,0.0,0.0
1964,2,0,0,0.0,168,11,204915,116177,-1,427863,未知,Internal Software,549446,176.84,Dried Groceries,-1,C,Receiver,437232,0.0,0.977774,1705762,0.0,0.886539,0,2,5,1,5,0,2,114.70883773869524,31.253102632101324,59.62575890788686,0.2008271077908217,0.064516129032258,0.0476190476190476,0.0,0.0
1965,2,0,0,286.691,99,211,43186,421648,-1,-53934,未知,Internal Software,589337,188.12,Miscellaneous Goods,0,C,Consigner,788,7.306635,0.996471,358609,17.41434,0.965871,0,2,14,0,5,0,2,65.94900544613762,74.44213332427378,0.8740190558575758,129.0458070635782,0.211864406779661,0.2777777777777778,1.0,0.0
1966,2,0,0,134.034,88,309,102553,310800,-1,427854,未知,Call,2616903,169.14,Furniture,0,B,Consigner,157425,63.80082,0.965088,296163,26.78104,0.850926,0,0,8,0,6,0,2,116.52863038936586,8.616176162363148,0.0,6.843741973942103,0.0925925925925925,0.0,0.0,0.6666666666666666
1967,2,1,0,213.474,312,273,227280,34158,-1,427834,未知,Vendor Consultation,-30454,301.84,Dried Groceries,-1,B,Consigner,288087,49.7555,0.990426,89110,15.25636,0.873085,0,6,5,0,0,0,2,6.513179064997686,40.807605363910845,13.63483090350094,4.607849389896009,0.3333333333333333,0.0,0.0,0.0
1968,2,0,0,910.086,132,253,183889,300000,1,361060,Pickup Error,,701000000,2295.98,Jewelry,0,B,Consigner,4641890,20.02493,0.97373,147970,113.9344,0.957505,3,5,12,0,6,0,2,52.70819341651338,69.88451229595863,83.80393880479427,163.30068855149273,0.2071428571428571,0.208955223880597,0.2442307692307692,0.5474358974358975
1969,2,0,0,1363.112,146,150,115106,95197,-1,427864,未知,Call,336032,1020.28,Furniture,-1,C,Consigner,163598,31.27885,0.965722,48936,22.71908,0.994656,0,0,8,0,5,0,2,75.50373567911244,162.57256490877438,3.5971024979550745,0.0,0.3,0.1333333333333333,0.0,0.0
1970,2,0,0,194.458,13,43,227346,291639,-1,427858,未知,Complaint,-36954,1003.9,Household Goods,-1,B,Receiver,1133821,61.14893,0.897091,392712,101.0475,0.998137,0,1,11,1,0,0,2,117.72169897217258,47.014223570793376,93.95808297694902,2.002939584315484,0.2748538011695906,0.1428571428571428,0.2585987261146497,0.0
1971,2,0,0,462.508,178,100,227346,124725,-1,-38569,Damage,Call,227731,102.86,Miscellaneous Goods,0,Staff,Consigner,50052,2.823041,0.958967,324612,67.45348,0.992006,1,0,14,0,4,0,2,59.71452989301516,111.92654089931048,93.95808297694902,2.8119592557582025,0.1660079051383399,0.1985815602836879,0.2585987261146497,0.0
1972,2,1,0,250.294,226,298,176357,103869,1,-26835,Suspected Lost,Mini Program,56245,930.07,Hardware,-1,C,Receiver,21051,39.15397,0.99938,266241,0.625004,0.935426,5,4,9,1,2,0,2,26.215935350622463,14.527090133859522,115.50640736711934,0.0,0.0,0.0,0.0,0.0
1973,2,0,0,0.599,145,0,183889,346712,-1,256355,未知,Call,110235,383.27,Alcohol,-1,C,Consigner,1328134,2.988343,0.966362,871937,0.630352,0.977553,0,0,0,0,3,0,2,69.30729146363558,75.01688402479252,83.80393880479427,2.1439784310032857,0.1590909090909091,0.1507692307692307,0.2442307692307692,0.0
1974,2,0,0,219.355,268,125,201260,54855,-1,69544,Pickup Error,Complaint,2750396,317.39,Miscellaneous Goods,-1,Not Known,Unknown,42407,52.46608,0.903566,101049,10.90681,0.99312,3,1,14,3,6,0,2,96.84596855953218,73.66751450015366,372.4224961093272,,0.1823899371069182,0.1523809523809524,0.0,
1975,2,0,0,83.981,0,268,14084,234631,-1,427821,Suspected Lost,Call,49266,728.35,Alcohol,0,B,Consigner,48568,11.05553,0.928305,51389,26.42027,0.996131,5,0,0,0,2,0,2,57.22795965470159,130.15540902762945,69.64123028029817,0.0,0.1678082191780822,0.2727272727272727,0.1481481481481481,0.0
1976,2,0,0,6.435,115,253,52358,188868,-1,427857,未知,Call,1130200,534.61,Miscellaneous Goods,0,B,Consigner,6823,9.990482,0.988396,110171,25.41697,0.948408,0,0,14,0,6,0,2,111.8825499384886,69.88451229595863,0.0,185.91481770542975,0.4285714285714285,0.208955223880597,0.0,0.0
1977,3,0,0,458.977,63,20,170634,394815,1,427852,未知,Internal Software,105409,217.77,Dried Groceries,0,B,Consigner,175646,41.33426,0.99923,562726,2.101398,0.991469,0,2,5,0,3,0,2,87.51932180035882,37.02322078222722,22.23446390193816,8.247989513543457,0.2022471910112359,0.1428571428571428,0.5,0.0
1978,2,0,0,2.704,271,3,51805,414337,-1,-4797,Pickup Error,Call,138892,415.04,Hardware,0,B,Receiver,404852,0.0,0.957518,321890,60.20287,0.995838,3,0,9,1,3,0,2,109.2125110456184,63.81099393925928,0.0,0.0,0.15,0.1170212765957446,0.0,0.0
1979,2,0,0,337.832,151,124,52939,257563,-1,427856,未知,Call,318477,342.94,Miscellaneous Goods,0,B,Consigner,188386,183.8985,0.990573,57666,83.23458,0.961541,0,0,14,0,5,0,2,55.000321274151965,314.8009828592744,0.0,0.0,0.0828402366863905,0.25,0.0,0.0
1980,5,0,0,15.996,2,232,203545,212201,-1,427855,未知,Call,17464,1652.31,Home Improvement and Building Material,-1,B,Consigner,407496,46.60813,0.979393,922118,2.598509,0.957658,0,0,10,0,2,0,2,56.04468495785089,104.02098248075887,0.0,0.5078810228556468,0.0935960591133004,0.2,0.0,0.0
1981,2,0,0,9.083,63,132,209602,411079,-1,-171639,Damage,Call,1000841,176.86,Documents & Bills,-1,C,Receiver,54,171.1416,0.961808,219599,59.82377,0.877816,1,0,4,1,6,0,2,87.51932180035882,56.88193748364041,92.7919306651536,4.630745816778439,0.2022471910112359,0.1636363636363636,0.5909090909090909,0.5
1982,2,0,0,0.0,2,39,175660,246650,-1,427787,未知,,423696,1007.45,Electronic Product,0,Not Known,Consigner,629524,23.46413,0.990018,403995,18.78291,0.931365,0,5,6,0,5,0,2,56.04468495785089,44.92391936878398,10.692410687253826,121.90701006294256,0.0935960591133004,0.0,0.0,0.0
1983,2,0,0,693.498,15,189,153237,420633,-1,427839,Pickup Error,Call,-63828,126.39,Pharmaceuticals,-1,Not Known,Receiver,390329,47.58147,0.998026,66253,105.7601,0.991646,3,0,15,1,0,0,2,80.35899212714475,58.29261195317029,60.16095286468915,0.0,0.0909090909090909,0.1521739130434782,0.0,0.0
1984,2,0,0,60.105,244,278,99838,442366,-1,427858,Suspected Lost,Call,-46783,126.83,Documents & Bills,-1,B,Consigner,609582,0.410613,0.982441,477321,0.0,0.938009,5,0,4,0,0,0,2,62.08371497907519,46.0922146974701,52.766787190954346,0.0,0.1346153846153846,0.0434782608695652,0.1666666666666666,0.0
1985,2,0,0,61.706,3,55,212923,4853,-1,427864,未知,Call,1414159,968.25,Furniture,-1,B,Consigner,1647960,11.20209,0.992456,331165,0.240231,0.999934,0,0,8,0,6,0,2,41.966021036266106,119.73828509963953,0.0,0.0,0.1538461538461538,0.1538461538461538,0.0,0.0
1986,2,0,0,58.417,45,168,108943,437303,-1,-905,未知,Call,225573,941.69,Dried Groceries,-1,B,Unknown,342609,27.9397,0.999831,219763,32.64915,0.960795,0,0,5,3,4,0,2,30.36614194836983,122.833580311983,0.0,,0.1666666666666666,0.2608695652173913,0.0,
1987,2,0,0,1229.91,185,7,178774,446847,-1,89784,Damage,Complaint,-47557,353.51,Documents & Bills,-1,Staff,Consigner,38969,31.40849,0.994544,82771,14.94043,0.994221,1,1,4,0,0,0,2,64.67006111935692,92.30255429171878,,3.901392992007976,0.1851851851851851,0.1935483870967742,,0.0
1988,2,0,0,787.238,161,152,210232,122706,1,38972,Damage,Call,177398,1181.8,Pharmaceuticals,-1,B,Consigner,83554,6.950662,0.998274,126369,23.16754,0.871034,1,0,15,0,4,0,2,14.338865474259906,64.80066655532329,139.9140213055044,14.408807807365996,0.0,0.1458333333333333,0.1481481481481481,0.0
1989,3,0,0,475.042,0,13,175578,324982,-1,427802,未知,Call,113807,927.06,Jewelry,0,C,Receiver,688273,23.59496,0.994431,280910,12.54328,0.943226,0,0,12,1,3,0,2,57.22795965470159,58.69138621086622,2.016405859525454,1.698224333028408,0.1678082191780822,0.0909090909090909,0.0,1.0
1990,2,0,0,4.081,1,24,227346,300000,-1,427864,Damage,Call,931000000,802.05,Jewelry,0,C,Consigner,20126550,4.029791,0.987928,1571326,0.0,0.965988,1,0,12,0,6,0,2,69.06443164317325,42.55871986045592,93.95808297694902,163.30068855149273,0.1802721088435374,0.3181818181818182,0.2585987261146497,0.5474358974358975
1991,2,0,0,0.0,172,43,105772,439171,-1,20594,未知,Vendor Consultation,141015,338.1,Pharmaceuticals,0,Not Known,Consigner,292719,7.011117,0.946215,1726861,4.701289,0.930262,0,6,15,0,3,0,2,7.2407826331521825,47.014223570793376,33.38687779666801,9.201524621843255,0.1818181818181818,0.1428571428571428,0.0,0.0
1992,2,0,0,91.855,13,21,183889,300000,-1,427864,Pickup Error,Call,659000000,1696.32,Maternity & Baby Products,-1,C,Consigner,65695,146.9608,0.99553,7954117,14.70915,0.998059,3,0,13,0,6,0,2,117.72169897217258,34.92133679953262,83.80393880479427,163.30068855149273,0.2748538011695906,0.2727272727272727,0.2442307692307692,0.5474358974358975
1993,2,0,0,378.36,137,215,13258,298434,-1,427766,Damage,Internal Software,982502,725.43,Alcohol,0,B,Unknown,407664,6.044214,0.902071,353007,1.560455,0.900955,1,2,0,3,6,0,2,58.18470170477054,76.55751163645215,,0.0,0.1707317073170731,0.1515151515151515,,0.0
1994,2,0,0,3.152,211,0,19516,143077,-1,427777,Pickup Error,Call,157320,419.94,Miscellaneous Goods,0,B,Receiver,2116361,33.01853,0.940553,828054,0.332339,0.997281,3,0,14,1,3,0,2,95.356323113403,75.01688402479252,51.30692451653151,11.158297835721354,0.1041666666666666,0.1507692307692307,0.0,0.0
1995,2,1,0,130.849,5,1,224840,350141,-1,43298,未知,Call,634194,935.56,Dried Groceries,-1,C,Unknown,1227571,11.57558,0.99177,234118,0.481985,0.78957,0,0,5,3,6,0,2,64.35039757274271,69.89628878079544,65.31524207556211,0.3771414386350495,0.0975609756097561,0.12,0.4782608695652174,1.0
1996,2,0,0,50.046,153,96,186170,43727,-1,427680,Damage,Call,24742,1349.41,Furniture,-1,B,Consigner,46225,0.973341,0.973825,113077,46.39356,0.995695,1,0,8,0,2,0,2,15.382016431597313,114.16873400512304,2.175027192448795,,0.0952380952380952,0.2,0.0,
1997,2,0,0,674.187,253,88,83644,103688,-1,427858,未知,Call,2084040,150.42,Furniture,-1,B,Consigner,36429,85.55783,0.97799,535252,4.536101,0.952231,0,0,8,0,6,0,2,63.03159537877947,79.74310528281981,278.64277910993184,0.0,0.1228070175438596,0.2061855670103092,0.0,0.0
1998,2,1,0,18.174,102,295,187135,327919,-1,427845,未知,Internal Software,-78242,1793.62,Miscellaneous Goods,-1,B,Consigner,277301,0.029215,0.965672,72050,112.1628,0.963776,0,2,14,0,0,0,2,84.99396693620673,3.2504961276045585,0.0,42.54802703323193,0.1518987341772152,0.0,0.0,0.0
1999,3,0,0,1.48,180,168,189536,360543,-1,427477,未知,Call,-19846,137.77,Appliances,0,C,Staff,4100,38.31,0.991765,821312,63.32721,0.911066,0,0,2,2,0,0,2,50.83458178883807,122.833580311983,13.76448586669937,0.0,0.1333333333333333,0.2608695652173913,0.0,0.0
2000,2,0,0,1.753,1,138,14569,31037,-1,211236,Suspected Lost,Call,29335,350.21,Hardware,0,C,Consigner,129861,45.34972,0.999875,291068,4.700569,0.973575,5,0,9,0,2,0,2,69.06443164317325,23.50675385739333,0.0,,0.1802721088435374,0.2142857142857142,0.0,
2001,5,0,0,135.061,77,117,197553,96165,-1,-7070,Pickup Error,Call,506607,244.56,Hardware,-1,C,Consigner,77656,94.86375,0.944083,57957,94.51235,0.998579,3,0,9,0,5,0,2,90.360561198532,66.62484724143525,312.78449282805343,0.0,0.0,0.0689655172413793,0.2608695652173913,0.0
2002,2,1,0,0.0,3,84,178853,179312,-1,427857,Pickup Error,Call,-15981,321.91,Fresh,0,B,Staff,2733,53.92189,0.972677,1094063,0.0,0.99247,3,0,7,2,0,1,1,41.966021036266106,27.37665069475309,77.77388289028232,1.4506567446798195,0.1538461538461538,0.0,0.0,0.0
2003,2,0,0,35.914,184,146,191501,181813,-1,427862,Pickup Error,Call,1457279,191.56,Electronic Product,0,B,Consigner,500699,9.683045,0.941827,425603,13.10067,0.919571,3,0,6,0,6,0,2,2.2892561893711463,100.44850004559429,16.732429655796487,8.904143895623895,0.0,0.1071428571428571,0.0,0.6666666666666666
2004,2,0,0,343.991,3,133,138995,318079,-1,427863,未知,Call,47939,451.84,Pharmaceuticals,0,B,Consigner,196,30.06075,0.998544,33079,137.2312,0.981041,0,0,15,0,2,0,2,41.966021036266106,67.74347839244929,6.35993154203257,42.76615038640743,0.1538461538461538,0.1929824561403508,0.0,0.5
2005,2,0,0,159.292,337,3,183770,337571,-1,62493,未知,Call,510769,100.3,Fresh,0,Not Known,Receiver,442449,22.17385,0.985471,977309,7.957427,0.995865,0,0,7,1,5,1,1,88.95815087072324,63.81099393925928,31.96586256443485,0.0,0.4,0.1170212765957446,0.6,0.0
2006,2,0,0,396.028,215,245,227346,102098,-1,427622,Pickup Error,Internal Software,-68174,553.83,Maternity & Baby Products,0,C,Consigner,102585,28.13592,0.998929,319329,8.613468,0.951587,3,2,13,0,0,0,2,29.346301635096104,3.215952256329541,93.95808297694902,82.94170936782488,0.1111111111111111,0.0,0.2585987261146497,0.4
2007,5,1,0,11.208,117,321,137790,432690,-1,427795,未知,Vendor Consultation,-63879,192.56,"Apparel, Footwear & Accessories",0,B,Unknown,74731,0.648972,0.982903,41106,27.47341,0.994935,0,6,1,3,0,0,2,57.51283596595224,5.275651726109931,16.02510900933162,3.5806891761145154,0.1052631578947368,0.0,0.0,0.0
2008,2,0,0,31.787,301,190,46532,344012,-1,-104959,Suspected Lost,Call,170448,156.88,Dried Groceries,-1,C,Receiver,216194,58.546,0.999995,115476,74.50953,0.96418,5,0,5,1,3,0,2,10.601398241668935,47.29286625931772,0.0,0.0,0.0,0.1052631578947368,0.0,0.0
2009,2,1,1,34.537,43,50,115419,132634,0,427850,未知,Call,1785081,2338.98,Home Improvement and Building Material,-1,B,Receiver,11375,57.9907,0.980866,47313,8.932801,0.976355,0,0,10,1,6,0,2,71.58077320943575,39.67417888170578,0.0,2.331788212938704,0.075,0.1666666666666666,0.0,0.0
2010,5,0,0,2.981,139,131,151846,421648,-1,427814,Damage,Internal Software,1332166,698.57,Dried Groceries,-1,C,Consigner,102,84.15969,0.999485,169295,27.87037,0.967608,1,2,5,0,6,0,2,100.6160456989,28.874682913956747,237.5516538381881,129.0458070635782,0.125,0.1176470588235294,0.2,0.0
2011,2,0,0,166.274,134,276,71034,19895,-1,427859,未知,Call,-68810,173.23,Fresh,0,Not Known,Receiver,388461,0.0,0.978954,620656,1.408905,0.92623,0,0,7,1,0,1,1,42.53778943894619,10.135786229263095,0.0,42.828975302987146,0.1538461538461538,0.0,0.0,0.0
2012,2,0,0,4.733,1,317,214668,434673,1,427675,Pickup Error,Call,76996,110.01,Miscellaneous Goods,-1,B,Consigner,647445,8.240266,0.931017,297783,0.0,0.957078,3,0,14,0,2,0,2,69.06443164317325,15.86821629456603,13.02378667220046,13.043409629044987,0.1802721088435374,0.0,0.0,0.0
2013,2,0,1,31.237,200,12,223752,300000,1,427779,Pickup Error,Call,454000000,1029.87,Household Goods,-1,C,Unknown,9778941,39.10567,0.992154,968000000,0.998191,0.956412,3,0,11,3,6,0,2,49.37484041958838,78.44682581792124,247.3830924887306,163.30068855149273,0.2333333333333333,0.2340425531914893,0.3902439024390244,0.5474358974358975
2014,2,0,0,161.793,42,222,227346,173993,1,427851,Suspected Lost,Internal Software,487581,521.62,Miscellaneous Goods,-1,C,Consigner,48523,44.51261,0.974554,501154,16.19096,0.946929,5,2,14,0,5,0,2,106.19017586084024,77.81584876066215,93.95808297694902,3.740027706069864,0.145631067961165,0.1598173515981735,0.2585987261146497,0.0
2015,2,0,0,0.0,1,134,51086,337571,-1,427856,Damage,Internal Software,246311,208.67,Miscellaneous Goods,-1,C,Consigner,167557,0.0,0.976895,3374478,0.0,0.964439,1,2,14,0,4,0,2,69.06443164317325,46.10167247042128,1.0306972382549686,0.0,0.1802721088435374,0.0869565217391304,0.0,0.0
2016,2,0,1,357.597,2,274,110697,365585,-1,427840,未知,Call,-13282,758.76,Furniture,0,B,Consigner,121103,19.07811,0.999642,324887,103.826,0.976919,0,0,8,0,0,0,2,56.04468495785089,126.32811879679848,0.0,0.0,0.0935960591133004,0.5,0.0,0.0
2017,2,1,0,0.0,133,222,187858,263936,-1,-112540,未知,Internal Software,331445,1376.62,Hardware,0,B,Consigner,1683080,8.583477,0.926988,148230,5.130614,0.99851,0,2,9,0,5,0,2,66.60560181682781,77.81584876066215,7.891864265613367,,0.1515151515151515,0.1598173515981735,0.0,
2018,2,0,0,60.443,0,146,189029,230837,-1,44293,未知,Internal Software,473659,1032.69,Hardware,-1,Not Known,Consigner,545076,49.70347,0.989631,681874,14.31485,0.951382,0,2,9,0,5,0,2,57.22795965470159,100.44850004559429,0.0,202.31797447933252,0.1678082191780822,0.1071428571428571,0.0,0.0
2019,2,0,0,99.01,190,98,223027,282097,-1,427863,未知,Call,717851,204.68,Furniture,0,B,Consigner,334,11.83736,0.97694,134967,127.0758,0.999559,0,0,8,0,6,0,2,73.48402451815683,65.32592348952949,0.0,85.90652888680133,0.1560693641618497,0.0638297872340425,0.0,0.0
2020,2,1,0,9.234,0,1,108605,193968,-1,427862,Suspected Lost,Internal Software,613762,266.24,Documents & Bills,-1,C,Consigner,71026,0.950831,0.983483,573956,0.473677,0.963216,5,2,4,0,6,0,2,57.22795965470159,69.89628878079544,0.0,77.27666277872466,0.1678082191780822,0.12,0.0,0.0
2021,2,1,0,29.841,113,1,61139,229782,-1,427856,Damage,Call,682261,341.76,Pharmaceuticals,0,C,Receiver,8999,5.123447,0.988093,208329,8.390354,0.98342,1,0,15,1,6,0,2,36.24779227893041,69.89628878079544,13.365328449868178,7.330538267232623,0.0909090909090909,0.12,1.0,0.0
2022,2,0,0,104.348,102,212,193886,284696,-1,-47552,未知,Call,268278,772.39,Hardware,-1,C,Consigner,70069,6.275179,0.976926,455034,1.274822,0.975142,0,0,9,0,5,0,2,84.99396693620673,133.2668484517222,183.07850421942743,1.556955864705445,0.1518987341772152,0.36,0.2535211267605634,0.0
2023,2,0,0,265.959,145,4,227346,300000,1,427776,未知,Internal Software,993000000,5286.14,Home Improvement and Building Material,-1,B,Receiver,28342798,5.54171,0.947964,6960000000,23.81994,0.928059,0,2,10,1,6,0,2,69.30729146363558,81.2740685764068,93.95808297694902,163.30068855149273,0.1590909090909091,0.2439024390243902,0.2585987261146497,0.5474358974358975
2024,2,0,0,186.796,100,178,185937,70827,-1,17478,Suspected Lost,Vendor Consultation,30266,880.45,Jewelry,-1,B,Consigner,144411,0.174548,0.996927,48443,63.64687,0.987029,5,6,12,0,2,0,2,57.27817095022288,75.72709977879157,0.0,0.0,0.1162790697674418,0.2073170731707317,0.0,0.0
2025,2,0,0,39.546,42,25,227346,106814,-1,427745,Damage,Internal Software,1051448,556.87,Miscellaneous Goods,-1,B,Consigner,63211,8.825702,0.953201,708422,67.24543,0.987073,1,2,14,0,6,0,2,106.19017586084024,58.087333342513965,93.95808297694902,,0.145631067961165,0.14,0.2585987261146497,
2026,2,0,0,0.0,100,180,199261,212899,-1,427695,未知,Call,-20869,214.45,Documents & Bills,0,B,Consigner,61536,47.68949,0.999512,993417,21.29251,0.97802,0,0,4,0,0,0,2,57.27817095022288,113.61191858430128,70.13925554206644,80.54197037289836,0.1162790697674418,0.0,0.2222222222222222,0.3103448275862069
2027,2,0,0,88.444,96,1,60983,289836,-1,427729,未知,Vendor Consultation,173841,277.22,Dried Groceries,0,B,Receiver,674362,8.996026,0.997507,1199030,8.453259,0.992798,0,6,5,1,4,0,2,94.34474150468614,69.89628878079544,36.50851102229812,0.0,0.1764705882352941,0.12,0.0,0.0
2028,2,1,0,980.889,126,7,213678,15058,-1,427683,未知,Call,-57609,1131.38,Fresh,-1,C,Unknown,26916,93.22588,0.999252,21073,57.03416,0.994114,0,0,7,3,0,1,1,90.36311397696744,92.30255429171878,0.5735928645934,17.316143895091265,0.5,0.1935483870967742,0.0,0.0
2029,2,1,0,182.442,6,145,131253,126037,-1,427529,Damage,Internal Software,-57655,964.85,Pharmaceuticals,0,B,Consigner,8534,1.57237,0.992622,503538,0.0,0.947792,1,2,15,0,0,0,2,32.29956245158629,51.36364548905606,0.0,40.07778597187789,0.0555555555555555,0.1290322580645161,0.0,0.0
2030,2,0,0,44.666,13,132,166397,281194,0,427790,Pickup Error,Internal Software,-81934,121.29,Furniture,-1,C,Consigner,485425,10.48455,0.942363,1452315,0.248549,0.989886,3,2,8,0,0,0,2,117.72169897217258,56.88193748364041,1.3958844371763426,0.0,0.2748538011695906,0.1636363636363636,0.0,0.0
2031,2,0,0,93.616,218,112,15441,300000,-1,427864,Suspected Lost,Internal Software,147000000,3526.43,Miscellaneous Goods,0,C,Receiver,39808294,0.0,0.943919,689000000,2.663419,0.875751,5,2,14,1,6,0,2,45.42517437856351,102.38596657017575,18.778108340157527,163.30068855149273,0.3333333333333333,0.4,0.7777777777777778,0.5474358974358975
2032,3,0,0,85.869,244,13,124865,454450,-1,427840,未知,Internal Software,234564,461.69,Alcohol,0,B,Consigner,275953,13.09796,0.994968,283354,9.192588,0.824261,0,2,0,0,4,0,2,62.08371497907519,58.69138621086622,0.0,2.744498321759669,0.1346153846153846,0.0909090909090909,0.0,0.0
2033,2,1,1,4.828,2,185,45701,333426,1,427836,未知,Mini Program,1543718,101.1,Miscellaneous Goods,-1,C,Unknown,104335,11.4975,0.98436,339163,7.02707,0.999197,0,4,14,3,6,0,2,56.04468495785089,82.10025254899978,11.395227704081757,0.8385574322509001,0.0935960591133004,0.2025316455696202,0.25,0.0
2034,2,0,0,574.734,0,68,202088,368311,-1,427584,Damage,Vendor Consultation,276147,1538.92,Household Goods,-1,B,Consigner,28625,8.674261,0.984198,7265,26.27293,0.970219,1,6,11,0,5,0,2,57.22795965470159,106.21105813841784,7.020105496521673,5.452184415661401,0.1678082191780822,0.0,0.0,0.0
2035,2,0,0,162.168,190,0,146182,404314,-1,427722,Pickup Error,Call,1568462,388.72,Fresh,0,C,Consigner,181373,167.0797,0.999058,561348,70.73151,0.980665,3,0,7,0,6,1,1,73.48402451815683,75.01688402479252,0.0,0.0,0.1560693641618497,0.1507692307692307,0.0,0.0
2036,2,0,0,54.896,128,38,53753,301974,-1,427727,未知,Call,-81173,779.94,Dried Groceries,0,B,Receiver,64669,25.34312,0.975127,270620,10.88652,0.999616,0,0,5,1,0,0,2,109.49184404232932,37.71779182770192,4.41060077067803,0.0,0.3043478260869565,0.125,0.0,0.0
2037,2,0,0,174.089,201,199,15441,300000,-1,-124394,未知,Call,94792365,878.42,Miscellaneous Goods,0,B,Consigner,49257,6.127794,0.996402,430000000,97.92636,0.982704,0,0,14,0,6,0,2,116.26723222288638,65.33437063477945,18.778108340157527,163.30068855149273,0.4814814814814814,0.3513513513513513,0.7777777777777778,0.5474358974358975
2038,2,0,0,25.822,278,211,13258,236203,-1,-59131,Damage,Internal Software,871865,219.78,Furniture,-1,B,Consigner,519415,60.6007,0.987099,548480,42.15023,0.98834,1,2,8,0,6,0,2,86.14768587401899,74.44213332427378,,0.0,0.2307692307692307,0.2777777777777778,,0.0
2039,2,1,0,471.305,63,344,213341,32204,-1,-157788,未知,Call,-71018,102.06,Hardware,0,B,Receiver,626337,16.96105,0.999148,361623,17.22738,0.969532,0,0,9,1,0,0,2,87.51932180035882,39.2423650364136,179.34885717102892,78.91439205955335,0.2022471910112359,0.32,0.2857142857142857,0.0
2040,2,1,0,0.0,253,3,85347,73421,-1,-18866,Pickup Error,Internal Software,-58100,129.47,Hardware,0,C,Staff,312892,0.0,0.964406,1148224,0.0,0.985517,3,2,9,2,0,0,2,63.03159537877947,63.81099393925928,105.68017655324462,6.566791510611735,0.1228070175438596,0.1170212765957446,0.0,0.0
2041,2,0,0,0.0,109,170,35432,240844,-1,224965,Pickup Error,Vendor Consultation,672345,403.36,"Apparel, Footwear & Accessories",-1,C,Unknown,33963,5.455023,0.994175,331674,4.716287,0.998589,3,6,1,3,6,0,2,45.374295092323,34.01584124051996,18.756098238338133,60.67290987429998,0.25,0.4782608695652174,0.0,0.0
2042,2,1,0,74.54,55,178,21292,285125,-1,427689,未知,Internal Software,1912587,669.92,"Apparel, Footwear & Accessories",-1,B,Consigner,46156,28.18391,0.990944,229222,9.064278,0.974066,0,2,1,0,6,0,2,35.60364621033194,75.72709977879157,0.0,0.0,0.1212121212121212,0.2073170731707317,0.0,0.0
2043,2,0,0,0.0,89,99,183889,367035,-1,427833,未知,Internal Software,-82040,119.45,"Apparel, Footwear & Accessories",-1,B,Consigner,933081,10.31792,0.973232,386539,4.823642,0.980544,0,2,1,0,0,0,2,56.62852339692903,39.75074374258253,83.80393880479427,0.0,0.1,0.1505376344086021,0.2442307692307692,0.0
2044,2,0,0,69.622,146,152,146627,194841,-1,-46572,未知,Internal Software,256778,162.38,Hardware,0,B,Consigner,318620,80.88642,0.985158,36678,89.03022,0.997498,0,2,9,0,4,0,2,75.50373567911244,64.80066655532329,0.0,,0.3,0.1458333333333333,0.0,
2045,2,0,1,175.681,13,168,65230,107880,-1,-119960,Suspected Lost,Call,-25428,701.68,"Apparel, Footwear & Accessories",-1,B,Consigner,643933,3.176643,0.989199,29570,126.3749,0.931778,5,0,1,0,0,0,2,117.72169897217258,122.833580311983,0.0,70.53509292097017,0.2748538011695906,0.2608695652173913,0.0,0.5
2046,2,1,0,0.0,106,178,216313,435440,-1,-36047,未知,Internal Software,-79854,106.32,Furniture,1,C,Receiver,144763,0.0,0.987113,3263142,0.0,0.996092,0,2,8,1,0,0,2,36.14329446399336,75.72709977879157,16.407106205693722,102.77864667474913,0.2692307692307692,0.2073170731707317,0.1111111111111111,0.5
2047,2,0,0,7.311,96,106,227346,117556,-1,156768,Pickup Error,Internal Software,2230565,559.62,Dried Groceries,1,Not Known,Consigner,109760,26.58153,0.734207,247143,30.17432,0.961851,3,2,5,0,6,0,2,94.34474150468614,49.82089121674756,93.95808297694902,161.52773026699003,0.1764705882352941,0.1538461538461538,0.2585987261146497,0.0
2048,2,1,0,114.471,89,102,184292,40407,-1,427864,Pickup Error,Call,240376,490.82,Electronic Product,0,B,Consigner,930493,28.42752,0.990518,235014,62.31162,0.999624,3,0,6,0,4,0,2,56.62852339692903,127.44248338763862,0.0,0.0,0.1,0.1789473684210526,0.0,0.0
2049,2,0,0,56.008,0,32,118463,5262,-1,427840,Pickup Error,Call,-55419,116.38,Jewelry,0,B,Consigner,274623,5.850974,0.913097,275981,0.0,0.987964,3,0,12,0,0,0,2,57.22795965470159,47.11867262884511,11.13909689130928,219.17681058730875,0.1678082191780822,0.0625,0.0,0.5
2050,2,0,0,58.834,268,271,112281,13495,-1,11118,Suspected Lost,Call,93300,255.13,Jewelry,-1,B,Consigner,556006,14.47607,0.991862,480148,0.0,0.918241,5,0,12,0,3,0,2,96.84596855953218,24.09621176644301,162.83971631205674,3.315137927673262,0.1823899371069182,0.3448275862068966,0.0,0.0
2051,2,0,0,46.374,222,185,138600,71659,0,427864,未知,Call,110092,137.99,Electronic Product,-1,C,Receiver,86638,9.009821,0.986024,345903,3.564684,0.99668,0,0,6,1,3,0,2,44.00935888510234,82.10025254899978,16.76309386139995,0.0,0.173469387755102,0.2025316455696202,0.0,0.0
2052,2,0,0,0.0,222,1,227346,105982,-1,427811,Suspected Lost,Internal Software,308116,743.45,Household Goods,0,B,Unknown,663958,12.41291,0.996543,17156,6.204378,0.997847,5,2,11,3,5,0,2,44.00935888510234,69.89628878079544,93.95808297694902,13.38660046522276,0.173469387755102,0.12,0.2585987261146497,0.0
2053,2,0,0,13.929,48,25,71034,112584,-1,427839,未知,Internal Software,-29573,101.0,Furniture,-1,B,Consigner,56,37.82206,0.969189,248187,7.937373,0.914322,0,2,8,0,0,0,2,57.93111130768895,58.087333342513965,0.0,,0.25,0.14,0.0,
2054,1,0,0,55.364,100,25,137920,446935,-1,427730,未知,Call,-25669,1135.65,Miscellaneous Goods,1,C,Receiver,206628,1.898073,0.955185,347171,7.637877,0.949542,0,0,14,1,0,0,2,57.27817095022288,58.087333342513965,0.0,0.0,0.1162790697674418,0.14,0.0,0.0
2055,2,0,0,340.55,126,199,227346,300000,-1,427559,Suspected Lost,Call,180000000,2460.36,Pharmaceuticals,-1,B,Consigner,35316863,29.71463,0.9808,47402949,44.30902,0.994792,5,0,15,0,6,0,2,90.36311397696744,65.33437063477945,93.95808297694902,163.30068855149273,0.5,0.3513513513513513,0.2585987261146497,0.5474358974358975
2056,2,0,1,23.043,253,146,53990,76496,-1,427864,未知,Call,174257,324.55,Miscellaneous Goods,0,Not Known,Receiver,402802,4.87306,0.996789,339671,2.224558,0.944229,0,0,14,1,4,0,2,63.03159537877947,100.44850004559429,0.8005113232693575,0.0,0.1228070175438596,0.1071428571428571,0.0,0.0
2057,2,1,0,0.0,2,179,216214,419775,-1,427864,Damage,Call,-65906,1499.42,Miscellaneous Goods,-1,B,Unknown,464413,1.404817,0.996377,854804,0.201575,0.972575,1,0,14,3,0,0,2,56.04468495785089,49.485349035609424,1.4126038189768513,2.036052103570177,0.0935960591133004,0.17578125,0.5,1.0
2058,2,1,0,1294.072,93,100,19352,126637,-1,427857,未知,Complaint,2224,2533.88,Appliances,0,B,Consigner,287028,5.656709,0.926808,361981,3.233209,0.964625,0,1,2,0,2,0,2,66.74115822236953,111.92654089931048,0.0,,0.1304347826086956,0.1985815602836879,0.0,
2059,2,0,0,12.553,151,111,202922,285755,-1,427544,未知,Call,-80791,510.07,Alcohol,0,C,Receiver,191184,0.0,0.970337,510234,7.426617,0.974269,0,0,0,1,0,0,2,55.000321274151965,56.45734597268032,69.80277777777778,0.0,0.0828402366863905,0.0666666666666666,0.0,0.0
2060,2,0,0,491.823,64,100,221276,233862,-1,127918,未知,Internal Software,-82039,1097.55,Home Improvement and Building Material,-1,B,Receiver,678343,8.738091,0.886183,950701,0.0,0.988742,0,2,10,1,0,0,2,29.26462912623248,111.92654089931048,0.0,3.446014004894444,0.2142857142857142,0.1985815602836879,0.0,0.0
2061,2,1,0,0.0,127,178,224826,31795,-1,427836,Damage,Internal Software,570772,102.83,Home Improvement and Building Material,-1,B,Consigner,984461,18.9907,0.985129,367622,0.0,0.946847,1,2,10,0,5,0,2,59.84735359218162,75.72709977879157,52.8716761853076,1.3815117253514264,0.1397849462365591,0.2073170731707317,0.0909090909090909,0.0
2062,2,0,0,134.715,129,260,211472,302774,-1,-167479,Damage,Internal Software,178226,102.26,Pharmaceuticals,0,B,Consigner,28219,0.0,0.980167,161922,15.82381,0.971664,1,2,15,0,4,0,2,111.99462456548208,,,,0.53125,,,
2063,3,0,0,878.467,102,344,123184,418318,-1,427642,未知,Call,356278,531.04,Miscellaneous Goods,0,B,Consigner,122254,203.2443,0.941787,1944,85.70046,0.9921,0,0,14,0,5,0,2,84.99396693620673,39.2423650364136,2.7925427363154447,0.4865312925260531,0.1518987341772152,0.32,0.0,0.0
2064,6,0,0,235.196,2,152,192090,379006,-1,427639,Damage,Call,-75574,823.92,Miscellaneous Goods,0,B,Consigner,284526,16.81452,0.987301,77769,25.77317,0.941984,1,0,14,0,0,0,2,56.04468495785089,64.80066655532329,0.0,8.093558398903538,0.0935960591133004,0.1458333333333333,0.0,0.0
2065,2,0,0,73.55,2,131,209573,298826,-1,427688,未知,Internal Software,-62251,562.16,"Apparel, Footwear & Accessories",0,B,Consigner,247030,22.59627,0.959388,9828,62.45709,0.997467,0,2,1,0,0,0,2,56.04468495785089,28.874682913956747,127.66828777003587,53.501736071105256,0.0935960591133004,0.1176470588235294,0.0,0.5
2066,2,0,0,176.61,246,187,215795,292110,-1,427863,Damage,Call,392524,445.16,Alcohol,-1,C,Receiver,26306,53.29359,0.997718,352677,41.56062,0.993747,1,0,0,1,5,0,2,87.28839398654806,71.38613126413931,12.710742086325316,16.642056178527813,0.1666666666666666,0.1777777777777777,0.6666666666666666,0.0
2067,2,0,1,168.28,4,3,179687,224794,-1,427752,Pickup Error,Call,251873,444.08,Dried Groceries,0,Not Known,Consigner,374571,17.24276,0.948532,185227,75.53762,0.999091,3,0,5,0,4,0,2,60.02737754693536,63.81099393925928,25.049158444155267,3.42785031341171,0.1592356687898089,0.1170212765957446,0.0,0.0
2068,2,0,0,257.458,151,57,224840,157312,-1,-108879,未知,Call,-53952,604.94,Miscellaneous Goods,-1,B,Consigner,1442947,46.69619,0.998439,295078,0.500484,0.973366,0,0,14,0,0,0,2,55.000321274151965,23.13001228133217,65.31524207556211,,0.0828402366863905,0.75,0.4782608695652174,
2069,2,1,0,375.073,0,232,176207,312714,-1,427841,Damage,Vendor Consultation,669122,227.99,"Apparel, Footwear & Accessories",0,Not Known,Receiver,329889,22.72631,0.969729,7809,74.88057,0.983493,1,6,1,1,6,0,2,57.22795965470159,104.02098248075887,149.12119696811624,3.4627864623125846,0.1678082191780822,0.2,0.0,0.0
2070,2,1,0,137.864,151,1,988,184981,-1,427812,Pickup Error,Call,80596,131.94,Appliances,-1,B,Consigner,30859,0.0,0.995517,568442,0.416623,0.960194,3,0,2,0,2,0,2,55.000321274151965,69.89628878079544,0.0,0.0,0.0828402366863905,0.12,0.0,0.0
2071,5,1,0,1542.756,38,303,143819,292110,-1,427728,Damage,Internal Software,136843,1635.51,Maternity & Baby Products,-1,B,Unknown,1857,47.54951,0.996073,12079,126.4707,0.994008,1,2,13,3,3,0,2,83.3897689719621,22.23437915717134,1.8406043032088288,16.642056178527813,0.3442622950819672,0.0666666666666666,0.0,0.0
2072,2,0,0,85.292,265,2,102653,129134,-1,427864,Pickup Error,Mini Program,217498,623.32,Furniture,-1,B,Consigner,1261006,76.60736,0.974625,81881,24.98138,0.977241,3,4,8,0,4,0,2,13.44738744150344,93.3192184944359,33.580370965449504,4.499370241811894,0.0,0.1111111111111111,0.6666666666666666,0.0
2073,2,0,0,1008.909,2,136,181286,66968,-1,148754,Damage,Call,91561,1688.41,Hardware,-1,C,Consigner,122823,14.72007,0.999474,78270,31.49245,0.846087,1,0,9,0,3,0,2,56.04468495785089,153.9090693587367,6.6965473813784415,621.9853709508882,0.0935960591133004,0.1428571428571428,0.3333333333333333,0.0
2074,2,1,1,472.172,4,344,105052,373296,-1,427861,未知,Internal Software,104992,1291.33,Miscellaneous Goods,-1,B,Consigner,177976,0.0,0.984078,33807,4.412082,0.98858,0,2,14,0,3,0,2,60.02737754693536,39.2423650364136,11.750769042720066,0.0,0.1592356687898089,0.32,0.0,0.0
2075,2,1,0,0.0,14,4,143044,12038,-1,427725,未知,Vendor Consultation,168743,543.66,Electronic Product,0,Not Known,Consigner,208796,2.633118,0.993591,249107,21.04995,0.98227,0,6,6,0,3,0,2,46.7451960537384,81.2740685764068,45.16510751774207,0.0,0.0555555555555555,0.2439024390243902,0.1111111111111111,0.0
2076,2,1,0,0.0,178,103,151055,347071,-1,-121708,未知,Call,42765,409.32,Miscellaneous Goods,-1,B,Consigner,939547,5.90304,0.757548,271079,3.361421,0.996883,0,0,14,0,2,0,2,59.71452989301516,65.94505261935754,0.0,5.526199080518317,0.1660079051383399,0.1111111111111111,0.0,0.0
2077,2,1,0,47.785,9,106,227346,300000,-1,5151,未知,Call,189000000,1580.97,Jewelry,0,Not Known,Receiver,221812,2.116627,0.993493,198000000,9.533105,0.989539,0,0,12,1,6,0,2,183.019796897258,49.82089121674756,93.95808297694902,163.30068855149273,0.2580645161290322,0.1538461538461538,0.2585987261146497,0.5474358974358975
2078,2,0,0,12.367,151,188,148748,332143,-1,427794,未知,Complaint,-71570,370.23,Household Goods,0,B,Consigner,144677,0.209745,0.920887,98126,13.23758,0.999614,0,1,11,0,0,0,2,55.000321274151965,81.19796947313277,12.895938651217667,41.945941413755286,0.0828402366863905,0.1052631578947368,0.0,0.5
2079,1,0,0,1.997,190,96,113733,29315,-1,427762,未知,Call,1076834,626.18,Electronic Product,0,B,Consigner,757081,8.907099,0.978007,1223252,35.42364,0.999409,0,0,6,0,6,0,2,73.48402451815683,114.16873400512304,0.0,,0.1560693641618497,0.2,0.0,
2080,2,0,0,286.19,163,243,210232,244613,-1,427836,未知,Internal Software,-36318,187.62,Miscellaneous Goods,0,B,Consigner,852794,119.5268,0.909219,438913,41.10249,0.990888,0,2,14,0,0,0,2,18.32935505173457,61.478185686911466,139.9140213055044,2.796390112315933,0.0,0.0625,0.1481481481481481,0.0
2081,2,0,0,629.48,1,6,113563,55041,-1,427845,Suspected Lost,Call,1698503,1675.47,Miscellaneous Goods,-1,B,Receiver,469909,35.08317,0.998172,28664,158.1909,0.973,5,0,14,1,6,0,2,69.06443164317325,77.94187064631588,8.736314488792997,0.0,0.1802721088435374,0.1875,0.0,0.0
2082,2,1,1,419.885,63,215,227346,421648,-1,427821,未知,Internal Software,-74897,307.88,Dried Groceries,-1,C,Unknown,1802335,19.94863,0.992582,682470,6.615667,0.940187,0,2,5,3,0,0,2,87.51932180035882,76.55751163645215,93.95808297694902,129.0458070635782,0.2022471910112359,0.1515151515151515,0.2585987261146497,0.0
2083,2,0,0,86.901,179,43,15877,319704,-1,427810,未知,Mini Program,576752,211.15,Appliances,0,B,Receiver,35028,10.31361,0.991277,390989,0.0,0.985715,0,4,2,1,5,0,2,56.8349237193444,47.014223570793376,46.97040480882532,2.465813653924846,0.1497584541062802,0.1428571428571428,0.1827956989247312,0.0
2084,2,0,0,11.146,181,298,227346,292156,-1,427796,Pickup Error,Call,-82053,614.64,Miscellaneous Goods,0,B,Consigner,180886,40.3193,0.999296,22670,18.82505,0.948707,3,0,14,0,0,0,2,66.98420127730182,14.527090133859522,93.95808297694902,15.120286200619406,0.1568627450980392,0.0,0.2585987261146497,0.0
2085,2,0,0,19.7,90,221,99555,23569,-1,-52675,未知,Internal Software,350614,216.23,Dried Groceries,0,C,Consigner,86407,18.18929,0.984137,526588,25.30212,0.940276,0,2,5,0,5,0,2,70.21834052919762,124.92080405843552,,,0.1290322580645161,0.3333333333333333,,
2086,2,1,0,34.255,230,180,140524,270764,-1,-148779,未知,Call,233635,134.1,Alcohol,1,C,Consigner,98356,17.39634,0.984544,58734,25.86183,0.990605,0,0,0,0,4,0,2,6.301656789495492,113.61191858430128,0.0,,0.1428571428571428,0.0,0.0,
2087,2,0,0,266.29,142,1,227346,15885,-1,427791,Pickup Error,Internal Software,2015174,886.79,Electronic Product,1,B,Consigner,1198969,5.013435,0.938849,22756,42.09278,0.94248,3,2,6,0,6,0,2,91.575345523678,69.89628878079544,93.95808297694902,18.746977678032845,0.1756756756756756,0.12,0.2585987261146497,0.0
2088,2,0,0,2.259,13,291,120179,110033,-1,427819,Damage,Call,366167,252.89,Miscellaneous Goods,0,B,Consigner,776562,99.1416,0.969173,259350,30.88193,0.966645,1,0,14,0,5,0,2,117.72169897217258,67.74750724681486,,0.0,0.2748538011695906,0.4782608695652174,,0.0
2089,2,1,0,29.76,105,13,52505,65612,-1,427849,Suspected Lost,Internal Software,20441,277.94,Pharmaceuticals,0,B,Receiver,25893,0.0,0.997425,283236,1.687999,0.97378,5,2,15,1,2,0,2,20.905244322916747,58.69138621086622,3.084049716091494,3.538039480137322,0.0909090909090909,0.0909090909090909,0.0,0.0
2090,2,0,0,69.672,27,246,125673,47366,-1,427864,未知,Internal Software,532915,385.6,"Apparel, Footwear & Accessories",0,B,Consigner,236789,24.81488,0.988904,241718,36.25986,0.905598,0,2,1,0,5,0,2,94.032370683866,81.33591719373736,0.7574978722683525,,0.0983606557377049,0.4318181818181818,0.0,
2091,2,1,1,6.866,245,129,119137,87859,-1,427854,Suspected Lost,,599002,353.18,Beauty & Daily Essentials,0,C,Consigner,2764,31.24786,0.998635,1066092,0.0,0.980823,5,5,3,0,5,0,2,19.59475595319456,32.940966148420515,0.0,36.81305532692069,0.3333333333333333,0.2285714285714285,0.0,0.0
2092,2,0,0,35.28,287,132,147363,279446,-1,427864,未知,Call,-24980,1188.49,Hardware,0,C,Consigner,34480,42.26831,0.981398,174322,46.60712,0.946655,0,0,9,0,0,0,2,8.162866826396543,56.88193748364041,166.04430721866316,0.0,0.0,0.1636363636363636,0.3571428571428571,0.0
2093,2,0,0,132.161,55,164,77328,382564,-1,-75529,未知,,295857,580.12,Furniture,-1,C,Consigner,4721,59.96591,0.876718,788756,58.44462,0.96018,0,5,8,0,5,0,2,35.60364621033194,49.08316346381199,0.0,4.810402077785449,0.1212121212121212,0.1458333333333333,0.0,0.0
2094,3,0,0,433.928,19,212,216313,252320,-1,427833,Damage,Call,18197,1542.7,Dried Groceries,-1,B,Consigner,866443,4.827491,0.996933,84218,25.09213,0.870943,1,0,5,0,2,0,2,9.293604846134908,133.2668484517222,16.407106205693722,0.5383985008510078,0.0,0.36,0.1111111111111111,0.0
2095,2,0,0,387.931,309,45,225876,154766,-1,427864,Pickup Error,Mini Program,411852,1213.0,Fresh,-1,B,Consigner,47401,62.21829,0.989828,46803,49.43198,0.926172,3,4,7,0,5,1,1,149.60386696145503,7.655753911977452,4.71621179920171,117.7335800185014,0.2777777777777778,0.125,0.0,0.0
2096,3,0,0,103.09,211,126,184469,367259,-1,-51365,Pickup Error,Call,1595440,450.84,Furniture,-1,B,Consigner,128146,5.159298,0.901419,85888,7.831457,0.961294,3,0,8,0,6,0,2,95.356323113403,5.468307916372967,,0.0,0.1041666666666666,0.1666666666666666,,0.0
2097,2,0,0,310.07,38,179,212182,300000,-1,427864,未知,Call,869000000,1729.71,Jewelry,0,B,Consigner,1515,49.82149,0.965865,62852360,62.32236,0.998077,0,0,12,0,6,0,2,83.3897689719621,49.485349035609424,62.71522772083796,163.30068855149273,0.3442622950819672,0.17578125,0.5833333333333334,0.5474358974358975
2098,2,0,0,72.097,2,104,146315,358703,-1,10315,未知,Internal Software,358529,1950.38,Electronic Product,-1,C,Consigner,162031,7.02416,0.980348,600160,51.21355,0.950809,0,2,6,0,5,0,2,56.04468495785089,21.728510570447654,0.0,0.0,0.0935960591133004,0.1666666666666666,0.0,0.0
2099,2,1,0,977.931,309,203,183889,300000,-1,427864,未知,Internal Software,230000000,1530.87,Miscellaneous Goods,-1,B,Consigner,1553292,120.2246,0.991992,67400000000,3.186826,0.949516,0,2,14,0,6,0,2,149.60386696145503,73.82922603912272,83.80393880479427,163.30068855149273,0.2777777777777778,0.25,0.2442307692307692,0.5474358974358975
2100,2,0,0,42.982,0,100,337,336289,-1,98490,未知,Internal Software,2184820,1349.75,Miscellaneous Goods,0,B,Consigner,643184,0.470565,0.898196,539665,38.73446,0.872955,0,2,14,0,6,0,2,57.22795965470159,111.92654089931048,36.44654556283502,,0.1678082191780822,0.1985815602836879,0.0,
2101,2,0,0,54.695,261,14,121192,454863,-1,427761,Damage,Call,753981,216.76,Home Improvement and Building Material,0,C,Receiver,14896,13.08702,0.926838,45724,28.81468,0.990615,1,0,10,1,6,0,2,21.984869906697988,62.29691250575112,51.36864499236308,6.8011076722593256,0.5,0.125,0.0,0.0
2102,2,0,0,64.868,99,55,183889,200953,-1,-52219,Suspected Lost,Call,2404815,812.76,Hardware,1,B,Receiver,48915,4.265448,0.99814,612981,18.28431,0.986885,5,0,9,1,6,0,2,65.94900544613762,119.73828509963953,83.80393880479427,0.0,0.211864406779661,0.1538461538461538,0.2442307692307692,0.0
2103,2,0,0,288.966,25,179,120528,406568,-1,113928,Suspected Lost,Call,200758,1071.7,Hardware,0,B,Consigner,44613,5.650597,0.998288,258016,22.35496,0.992031,5,0,9,0,4,0,2,88.8237010925776,49.485349035609424,122.67463249589416,2.539739492502691,0.1843137254901961,0.17578125,0.0,0.0
2104,3,0,0,369.514,1,2,199261,142038,1,69383,Damage,Call,236277,100.99,Pharmaceuticals,-1,B,Consigner,436741,52.97941,0.933496,163735,10.55655,0.987817,1,0,15,0,4,0,2,69.06443164317325,93.3192184944359,70.13925554206644,5.374205822175957,0.1802721088435374,0.1111111111111111,0.2222222222222222,0.0
2105,2,0,0,13.928,199,14,157597,135144,-1,427863,Damage,Call,52552,897.65,Miscellaneous Goods,0,Staff,Receiver,178821,19.2606,0.993458,408024,4.385158,0.924799,1,0,14,1,2,0,2,85.77074119936532,62.29691250575112,,0.3137713173324629,0.1063829787234042,0.125,,0.0
2106,2,0,0,99.902,25,157,192515,82724,-1,427864,Damage,Internal Software,820615,578.3,Fresh,0,C,Consigner,1325686,1.164246,0.846651,717835,9.406203,0.974296,1,2,7,0,6,1,1,88.8237010925776,166.21433105480688,11.786123384031258,0.0,0.1843137254901961,0.6428571428571429,0.0,0.0
2107,5,0,0,67.461,318,106,183889,108695,-1,427805,未知,Call,172747,103.09,Pharmaceuticals,-1,C,Receiver,5063,40.78301,0.991101,281153,98.39697,0.991361,0,0,15,1,3,0,2,101.98257796760824,49.82089121674756,83.80393880479427,0.0,0.0869565217391304,0.1538461538461538,0.2442307692307692,0.0
2108,2,0,0,705.089,55,9,72009,311581,1,427848,未知,Call,969708,430.53,Miscellaneous Goods,-1,B,Consigner,57004,22.70509,0.995966,49347,9.936374,0.982653,0,0,14,0,6,0,2,35.60364621033194,48.86197232263893,88.98416554029349,218.14934455628836,0.1212121212121212,0.5555555555555556,0.3333333333333333,0.0
2109,2,1,0,546.03,270,115,223753,137096,-1,427858,未知,Call,162945,2900.47,Pharmaceuticals,0,C,Consigner,144131,13.08646,0.97021,40673,21.05312,0.999897,0,0,15,0,3,0,2,3.568973830235347,40.50436487071241,10.44857907571553,25.297156837233015,0.3333333333333333,0.0833333333333333,0.25,0.0
2110,2,1,0,24.559,142,104,139632,23986,-1,427754,未知,Vendor Consultation,-77514,718.05,Miscellaneous Goods,0,C,Consigner,350587,0.438729,0.924871,572567,14.86565,0.986124,0,6,14,0,0,0,2,91.575345523678,21.728510570447654,0.0,0.0,0.1756756756756756,0.1666666666666666,0.0,0.0
2111,2,0,0,179.185,100,197,227346,223560,-1,427788,未知,Internal Software,128718,493.28,Home Improvement and Building Material,-1,B,Unknown,287982,61.12042,0.976938,610842,65.12997,0.951019,0,2,10,3,3,0,2,57.27817095022288,63.769979151069016,93.95808297694902,4.934309613106257,0.1162790697674418,0.208955223880597,0.2585987261146497,0.0
2112,2,1,0,239.745,309,144,64307,300000,-1,427853,未知,Call,265000000,2625.63,Dried Groceries,0,B,Consigner,5375,25.25426,0.978504,9732669,177.2356,0.973952,0,0,5,0,6,0,2,149.60386696145503,181.3163918567093,19.086678377087647,163.30068855149273,0.2777777777777778,0.2727272727272727,0.1538461538461538,0.5474358974358975
2113,2,0,0,2750.408,25,184,201124,136411,-1,17385,Suspected Lost,Call,-65658,3068.98,Hardware,0,B,Unknown,15679,3.130935,0.998042,65664,27.16336,0.993815,5,0,9,3,0,0,2,88.8237010925776,190.59538025568105,0.0,2.8182766534529526,0.1843137254901961,0.25,0.0,0.0
2114,2,0,0,7.471,27,178,198058,300000,-1,427745,Pickup Error,Call,696000000,1592.76,Miscellaneous Goods,-1,Not Known,Consigner,1515,17.45255,0.969547,9313207,47.40406,0.980768,3,0,14,0,6,0,2,94.032370683866,75.72709977879157,43.33347943050635,163.30068855149273,0.0983606557377049,0.2073170731707317,0.3684210526315789,0.5474358974358975
2115,5,1,0,293.527,132,151,76911,86724,-1,427727,Damage,Call,1793984,596.69,Miscellaneous Goods,0,B,Receiver,175990,20.78252,0.938947,206502,10.42437,0.917187,1,0,14,1,6,0,2,52.70819341651338,62.91307713975876,,0.0,0.2071428571428571,0.1176470588235294,,0.0
2116,2,0,0,11.685,207,185,183889,300000,1,427864,Damage,Call,1145842,859.96,Dried Groceries,-1,C,Receiver,4374897,50.66915,0.972678,84879744,39.13162,0.978695,1,0,5,1,6,0,2,74.1529936661414,82.10025254899978,83.80393880479427,163.30068855149273,0.4594594594594595,0.2025316455696202,0.2442307692307692,0.5474358974358975
2117,5,0,0,138.628,164,190,183889,168623,-1,427855,Pickup Error,Call,455917,393.11,Electronic Product,0,B,Consigner,1682798,8.251766,0.973548,210688,29.15356,0.96788,3,0,6,0,5,0,2,59.72498410518864,47.29286625931772,83.80393880479427,15.586693152054089,0.1617647058823529,0.1052631578947368,0.2442307692307692,0.5
2118,2,0,0,61.507,178,1,168739,85034,-1,167935,Pickup Error,Call,83913,645.3,Hardware,-1,C,Consigner,170501,25.37206,0.997142,1240681,17.96206,0.960603,3,0,9,0,2,0,2,59.71452989301516,69.89628878079544,0.0,,0.1660079051383399,0.12,0.0,
2119,2,0,0,1.79,181,3,227346,200910,-1,-89199,Pickup Error,Call,3369707,101.93,Miscellaneous Goods,-1,B,Receiver,36250,3.310807,0.999696,80820,12.93385,0.997721,3,0,14,1,6,0,2,66.98420127730182,63.81099393925928,93.95808297694902,0.0,0.1568627450980392,0.1170212765957446,0.2585987261146497,0.0
2120,2,0,0,136.271,15,181,170634,114334,-1,427864,未知,Internal Software,-81988,598.68,Home Improvement and Building Material,0,C,Consigner,504253,30.53398,0.9548,267182,22.9343,0.951812,0,2,10,0,0,0,2,80.35899212714475,45.1926466370765,22.23446390193816,68.44563234923082,0.0909090909090909,0.2325581395348837,0.5,0.0
2121,2,0,0,743.578,151,197,227346,300000,-1,427864,Suspected Lost,Call,718000000,2614.62,Miscellaneous Goods,-1,B,Consigner,1459875,178.097,0.977859,3157161,69.13002,0.992595,5,0,14,0,6,0,2,55.000321274151965,63.769979151069016,93.95808297694902,163.30068855149273,0.0828402366863905,0.208955223880597,0.2585987261146497,0.5474358974358975
2122,2,0,0,141.442,143,101,56934,269223,-1,427856,未知,Call,2223710,952.66,Jewelry,0,C,Consigner,203841,3.477735,0.94905,111226,9.41251,0.770303,0,0,12,0,6,0,2,38.45695991907031,58.58878798840541,11.409899900913594,20.979323017918706,0.1136363636363636,0.1323529411764706,0.0,0.5
2123,5,0,0,131.865,131,39,64307,289995,-1,427791,Suspected Lost,Call,810148,314.22,"Apparel, Footwear & Accessories",0,B,Consigner,393766,2.12538,0.991661,1126190,0.0,0.943563,5,0,1,0,6,0,2,25.28414948621409,44.92391936878398,19.086678377087647,13.64818237377021,0.3529411764705882,0.0,0.1538461538461538,0.0
2124,2,1,0,410.148,25,211,199261,147557,-1,427849,Suspected Lost,Call,-65735,1871.99,Beauty & Daily Essentials,-1,C,Consigner,284601,3.376535,0.981692,686601,10.99191,0.998164,5,0,3,0,0,0,2,88.8237010925776,74.44213332427378,70.13925554206644,45.49939831528279,0.1843137254901961,0.2777777777777778,0.2222222222222222,0.0
2125,5,1,0,66.67,113,164,200544,58037,-1,427771,未知,Call,207822,327.14,Miscellaneous Goods,-1,C,Consigner,127407,0.658693,0.988509,170352,0.0,0.984939,0,0,14,0,4,0,2,36.24779227893041,49.08316346381199,0.4245740252721453,7.051199157314197,0.0909090909090909,0.1458333333333333,0.0,0.0
2126,2,0,0,144.876,125,167,130344,153476,-1,122406,Damage,Call,128085,888.83,Furniture,-1,B,Consigner,308012,85.70887,0.987753,50104,111.6262,0.981189,1,0,8,0,3,0,2,70.23909957621414,3.3792690177535314,23.42329405145237,0.0,0.0793650793650793,0.0,0.1666666666666666,0.0
2127,2,0,0,1.286,43,127,227346,405431,-1,427864,未知,Call,175060,112.53,Fresh,-1,Not Known,Consigner,112810,3.844937,0.994769,405673,17.9381,0.917423,0,0,7,0,4,1,1,71.58077320943575,63.45537171576693,93.95808297694902,,0.075,0.2325581395348837,0.2585987261146497,
2128,5,1,1,129.034,122,99,206750,396241,-1,427847,Suspected Lost,Internal Software,-52250,774.92,Miscellaneous Goods,-1,C,Unknown,470343,0.395634,0.967614,114127,11.85504,0.964069,5,2,14,3,0,0,2,5.812833322697888,39.75074374258253,29.280215769519717,9.26978563446104,0.1428571428571428,0.1505376344086021,0.0,0.0
2129,2,0,0,162.713,2,190,183889,132924,-1,427864,Damage,Call,4094064,257.34,Miscellaneous Goods,1,C,Consigner,1259172,130.1486,0.985251,265301,5.69718,0.994237,1,0,14,0,6,0,2,56.04468495785089,47.29286625931772,83.80393880479427,0.0,0.0935960591133004,0.1052631578947368,0.2442307692307692,0.0
2130,2,0,0,504.687,0,135,138138,115274,-1,427806,Damage,Call,505094,324.75,Miscellaneous Goods,0,B,Receiver,106810,38.7149,0.900499,11051,51.7788,0.988954,1,0,14,1,5,0,2,57.22795965470159,125.17131951667804,96.25515794088945,24.12087854587342,0.1678082191780822,0.3414634146341463,0.3333333333333333,0.3333333333333333
2131,2,0,0,0.0,2,106,196957,208406,-1,427863,Pickup Error,Internal Software,540628,179.6,"Apparel, Footwear & Accessories",-1,B,Consigner,10495,0.0,0.927395,111213,42.29203,0.984777,3,2,1,0,5,0,2,56.04468495785089,49.82089121674756,5.881193892685291,0.0,0.0935960591133004,0.1538461538461538,0.0,0.0
2132,2,0,0,11.626,342,179,34213,114629,-1,71073,Damage,Vendor Consultation,864231,474.32,Hardware,-1,B,Consigner,180939,0.0,0.974403,1348776,72.66649,0.971114,1,6,9,0,6,0,2,27.34949494949495,49.485349035609424,,,0.0,0.17578125,,
2133,2,0,0,643.066,4,156,196665,411079,-1,427857,未知,Call,946197,183.11,Miscellaneous Goods,-1,B,Consigner,217764,85.37776,0.967207,152963,13.84907,0.910622,0,0,14,0,6,0,2,60.02737754693536,13.292117589246272,0.0,4.630745816778439,0.1592356687898089,0.0,0.0,0.5
2134,2,0,0,257.772,206,3,132504,88322,-1,-43148,Damage,Vendor Consultation,165681,533.59,Miscellaneous Goods,-1,Not Known,Consigner,170211,73.492,0.991651,4494,49.79618,0.999753,1,6,14,0,3,0,2,29.114288645982484,63.81099393925928,,0.0,0.3333333333333333,0.1170212765957446,,0.0
2135,2,0,0,429.155,185,219,212716,411965,-1,427862,未知,Vendor Consultation,68798,474.2,Miscellaneous Goods,-1,C,Consigner,47849,16.84982,0.986848,35387,9.194375,0.983713,0,6,14,0,2,0,2,64.67006111935692,77.51992483992979,4.796044815207533,88.26100898947308,0.1851851851851851,0.2,0.0,0.0
2136,2,0,0,15.578,38,13,218512,343222,-1,427857,未知,Internal Software,-78436,107.96,Dried Groceries,0,B,Consigner,319076,3.037513,0.96994,1407161,23.64734,0.953736,0,2,5,0,0,0,2,83.3897689719621,58.69138621086622,9.04716930918849,2.430932348155397,0.3442622950819672,0.0909090909090909,0.0,0.0
2137,2,0,0,6.651,4,188,210232,43265,-1,-159250,未知,Call,1125076,499.99,Home Improvement and Building Material,0,B,Unknown,289682,40.71803,0.998339,331167,15.6069,0.993411,0,0,10,3,6,0,2,60.02737754693536,81.19796947313277,139.9140213055044,13.783684947226387,0.1592356687898089,0.1052631578947368,0.1481481481481481,0.0
2138,2,0,1,24.122,245,0,211033,317485,-1,-145589,Pickup Error,Vendor Consultation,859241,1519.84,Hardware,0,B,Consigner,197740,5.393755,0.950535,451983,16.0584,0.822458,3,6,9,0,6,0,2,19.59475595319456,75.01688402479252,0.0,,0.3333333333333333,0.1507692307692307,0.0,
2139,5,0,0,845.078,2,178,168822,430934,-1,427772,Damage,Internal Software,728984,821.95,Jewelry,0,B,Receiver,96501,35.90554,0.989731,52642,18.15672,0.950142,1,2,12,1,6,0,2,56.04468495785089,75.72709977879157,49.87347932595441,35.3242659555758,0.0935960591133004,0.2073170731707317,0.6666666666666666,0.0
2140,2,1,0,45.152,179,84,121790,299775,-1,427864,未知,Call,429202,378.66,Fresh,0,Not Known,Receiver,1301757,0.0,0.969014,438932,0.0,0.958238,0,0,7,1,5,1,1,56.8349237193444,27.37665069475309,0.0,,0.1497584541062802,0.0,0.0,
2141,2,1,0,339.482,63,8,120674,322593,-1,427788,未知,Internal Software,39393,1015.63,Fresh,1,C,Consigner,368415,91.8145,0.99024,392093,17.48843,0.999342,0,2,7,0,2,1,1,87.51932180035882,37.613581290440536,1.5217801164982974,8.189653069778942,0.2022471910112359,0.0,0.0,0.0
2142,4,0,1,58.447,100,55,17198,335342,-1,212717,未知,Complaint,803239,484.37,Dried Groceries,0,B,Receiver,553045,0.0,0.92209,87362,22.86983,0.922468,0,1,5,1,6,0,2,57.27817095022288,119.73828509963953,,0.0,0.1162790697674418,0.1538461538461538,,0.0
2143,3,0,0,0.0,179,89,210232,82841,-1,427740,Pickup Error,Call,387705,530.72,Jewelry,-1,C,Consigner,205987,10.72399,0.975693,534041,0.0,0.980002,3,0,12,0,5,0,2,56.8349237193444,66.91243902018225,139.9140213055044,10.164079475239486,0.1497584541062802,0.1875,0.1481481481481481,0.0
2144,5,0,1,15.468,132,118,223752,300000,-1,-188762,Suspected Lost,Call,200000000,1920.15,Miscellaneous Goods,0,B,Consigner,744000000,17.43986,0.982872,7990000000,56.96454,0.98746,5,0,14,0,6,0,2,52.70819341651338,87.17605904958299,247.3830924887306,163.30068855149273,0.2071428571428571,0.0833333333333333,0.3902439024390244,0.5474358974358975
2145,2,0,1,172.215,246,276,162674,352766,-1,-44616,未知,Internal Software,53247,1182.56,Appliances,-1,B,Consigner,37692,23.64653,0.999521,201098,39.4854,0.906228,0,2,2,0,2,0,2,87.28839398654806,10.135786229263095,34.10366209079756,29.170460333472725,0.1666666666666666,0.0,0.0,0.5
2146,2,0,0,26.661,0,13,210232,193823,-1,427864,Damage,Call,-73546,536.05,Documents & Bills,0,B,Receiver,530068,0.0,0.972945,797344,4.139382,0.981552,1,0,4,1,0,0,2,57.22795965470159,58.69138621086622,139.9140213055044,64.84238178633976,0.1678082191780822,0.0909090909090909,0.1481481481481481,0.0
2147,2,0,0,665.775,50,0,220221,310800,-1,427796,Pickup Error,Call,-49237,1288.52,Appliances,-1,C,Consigner,446233,7.031523,0.980512,185638,2.645232,0.991299,3,0,2,0,0,0,2,25.900942575327445,75.01688402479252,116.48831956066708,6.843741973942103,0.0,0.1507692307692307,0.5,0.6666666666666666
2148,2,1,1,7.94,207,161,227346,300000,-1,427864,未知,Call,579000000,961.57,Beauty & Daily Essentials,0,C,Consigner,5961010,8.903647,0.99982,675000000,0.977869,0.9764,0,0,3,0,6,0,2,74.1529936661414,28.782972978997275,93.95808297694902,163.30068855149273,0.4594594594594595,0.5555555555555556,0.2585987261146497,0.5474358974358975
2149,2,1,0,687.893,178,265,208677,44156,-1,427823,未知,Call,-78436,844.05,Dried Groceries,-1,C,Consigner,11706,40.73994,0.999765,153050,21.10704,0.931653,0,0,5,0,0,0,2,59.71452989301516,47.01000912481557,251.809771610292,44.46754714754112,0.1660079051383399,0.0,0.0,1.0
2150,2,0,0,126.289,13,278,46744,355137,-1,-154988,未知,Vendor Consultation,542832,1055.94,Maternity & Baby Products,0,C,Consigner,6048,5.889495,0.999712,570591,13.45056,0.989416,0,6,13,0,5,0,2,117.72169897217258,46.0922146974701,,2.7890344563692357,0.2748538011695906,0.0434782608695652,,0.0
2151,2,0,0,151.374,41,101,227346,133217,-1,85554,Damage,Call,42034,929.5,Miscellaneous Goods,0,B,Unknown,171841,8.133877,0.993947,84157,16.54114,0.972428,1,0,14,3,2,0,2,15.195521366333276,58.58878798840541,93.95808297694902,1.8761046100995764,0.125,0.1323529411764706,0.2585987261146497,0.0
2152,2,1,0,643.914,254,209,207116,206960,-1,-42274,未知,Call,125597,986.83,Hardware,0,C,Consigner,665505,21.96493,0.992833,197591,24.27554,0.999978,0,0,9,0,3,0,2,3.2025571814825207,66.05108664933933,19.70568591009409,,0.0,0.0,0.0,
2153,2,0,0,13.596,9,2,110697,96436,-1,427863,Pickup Error,Call,547083,665.75,Pharmaceuticals,0,C,Consigner,42788,33.16271,0.987317,116113,53.10097,0.997975,3,0,15,0,5,0,2,183.019796897258,93.3192184944359,0.0,0.0,0.2580645161290322,0.1111111111111111,0.0,0.0
2154,2,0,0,47.441,1,13,227346,100363,-1,427668,Pickup Error,Mini Program,-63285,514.67,Maternity & Baby Products,0,C,Consigner,320037,51.90285,0.999221,85749,9.873188,0.95459,3,4,13,0,0,0,2,69.06443164317325,58.69138621086622,93.95808297694902,106.01626449390642,0.1802721088435374,0.0909090909090909,0.2585987261146497,0.0
2155,2,0,1,30.462,63,88,132402,400521,-1,-36901,未知,Call,1296778,2072.77,Beauty & Daily Essentials,-1,C,Receiver,12552,16.5705,0.974544,160926,65.66104,0.956531,0,0,3,1,6,0,2,87.51932180035882,79.74310528281981,0.0,8.818629751290475,0.2022471910112359,0.2061855670103092,0.0,1.0
2156,2,0,0,204.634,143,100,62074,304477,-1,427855,未知,Call,13868,279.72,Maternity & Baby Products,-1,B,Receiver,27874,70.24951,0.998444,26324,114.1688,0.994184,0,0,13,1,2,0,2,38.45695991907031,111.92654089931048,0.0,12.266964909387529,0.1136363636363636,0.1985815602836879,0.0,0.0
2157,5,0,0,474.988,107,197,227346,82642,1,427845,Damage,Call,1233655,274.4,"Apparel, Footwear & Accessories",0,C,Consigner,359106,104.2011,0.998695,349,69.53899,0.999632,1,0,1,0,6,0,2,69.59539401792847,63.769979151069016,93.95808297694902,18.18452391353021,0.135593220338983,0.208955223880597,0.2585987261146497,0.6666666666666666
2158,2,1,0,33.379,25,230,220839,188795,-1,427662,未知,Call,-80456,588.51,Home Improvement and Building Material,-1,Not Known,Consigner,216774,9.630008,0.998677,505854,11.21762,0.951106,0,0,10,0,0,0,2,88.8237010925776,3.065234483739149,7.117751227275784,0.2992061701739121,0.1843137254901961,0.0,0.0,0.0
2159,3,0,0,6.869,132,7,190513,370422,-1,94082,未知,Call,643824,322.99,Hardware,0,C,Consigner,350473,1.143418,0.870552,1092290,0.0,0.98627,0,0,9,0,6,0,2,52.70819341651338,92.30255429171878,0.0,0.0,0.2071428571428571,0.1935483870967742,0.0,0.0
2160,2,1,1,66.96,2,39,210232,420149,-1,427855,Suspected Lost,Call,-80654,159.31,Alcohol,0,B,Consigner,958731,1.947128,0.985697,699827,1.040769,0.867119,5,0,0,0,0,0,2,56.04468495785089,44.92391936878398,139.9140213055044,34.161440950927336,0.0935960591133004,0.0,0.1481481481481481,0.0
2161,2,1,0,23.067,89,13,1599,403276,-1,427770,Damage,Call,-22826,788.45,Alcohol,0,B,Consigner,35245,9.462596,0.990478,561283,20.69223,0.996784,1,0,0,0,0,0,2,56.62852339692903,58.69138621086622,1.2606304855485344,14.912606215448386,0.1,0.0909090909090909,0.0,0.0
2162,2,1,0,0.205,309,179,55466,22624,-1,427775,Damage,Internal Software,20830,102.1,Miscellaneous Goods,-1,C,Consigner,1621462,1.90447,0.943719,303503,21.74793,0.993311,1,2,14,0,2,0,2,149.60386696145503,49.485349035609424,115.5973636703106,0.0,0.2777777777777778,0.17578125,0.0,0.0
2163,2,1,0,302.008,51,4,222328,269805,-1,427862,Suspected Lost,Call,421873,365.06,Miscellaneous Goods,1,C,Consigner,159444,4.102516,0.953957,1197872,2.683682,0.993736,5,0,14,0,5,0,2,38.46967922880337,81.2740685764068,0.5086506720113181,0.0,0.0,0.2439024390243902,0.0,0.0
2164,2,0,0,378.33,5,6,51495,61060,-1,-89870,未知,Call,4624,387.04,"Apparel, Footwear & Accessories",-1,B,Consigner,33117,6.800638,0.981051,294466,24.58029,0.999719,0,0,1,0,2,0,2,64.35039757274271,77.94187064631588,10.700341514545078,0.0,0.0975609756097561,0.1875,0.0,0.0
2165,2,0,0,232.225,125,110,185652,452795,-1,40989,未知,Vendor Consultation,42441,514.17,Hardware,-1,B,Unknown,21749,94.44145,0.83683,10387,53.68542,0.986706,0,6,9,3,2,0,2,70.23909957621414,63.258594293395895,37.03531100362392,,0.0793650793650793,0.1219512195121951,0.0,
2166,2,0,0,436.837,92,124,224850,261188,-1,427800,未知,Call,340116,178.06,Home Improvement and Building Material,0,B,Consigner,64376,2.149036,0.987098,253647,13.59445,0.987238,0,0,10,0,5,0,2,81.28282427291707,314.8009828592744,25.157592091033564,2.5573495863010844,0.3529411764705882,0.25,0.0,0.0
2167,2,1,0,512.559,35,168,141180,262404,-1,427781,Damage,Call,1195016,791.04,Furniture,-1,C,Staff,156780,20.5212,0.948247,63379,6.778308,0.996051,1,0,8,2,6,0,2,152.40424014651626,122.833580311983,21.154245711560527,1.656483508400506,0.4761904761904761,0.2608695652173913,0.0,0.0
2168,2,0,0,486.94,135,179,203152,402212,-1,-82032,Damage,Call,164925,1466.03,Appliances,-1,B,Consigner,419529,42.98577,0.951594,386117,51.36698,0.997467,1,0,2,0,3,0,2,163.79927839575598,49.485349035609424,50.82413103090491,112.7653165952468,0.1111111111111111,0.17578125,0.0,0.0
2169,2,1,1,585.526,63,42,210232,270365,-1,26697,未知,Vendor Consultation,676762,543.15,Hardware,-1,C,Consigner,595198,0.0,0.98943,79863,48.99627,0.957014,0,6,9,0,6,0,2,87.51932180035882,47.89018349830656,139.9140213055044,,0.2022471910112359,0.0571428571428571,0.1481481481481481,
2170,2,1,0,334.609,129,0,121414,95280,-1,75272,未知,Call,493836,630.67,"Apparel, Footwear & Accessories",-1,C,Receiver,833263,1.184614,0.858301,1212486,8.932174,0.994309,0,0,1,1,5,0,2,111.99462456548208,75.01688402479252,0.0,52.68749435269583,0.53125,0.1507692307692307,0.0,0.0
2171,2,0,0,0.289,178,125,203108,291732,-1,15135,Pickup Error,Internal Software,616335,103.53,Dried Groceries,1,C,Receiver,587287,17.2028,0.956891,270779,1.524244,0.989741,3,2,5,1,6,0,2,59.71452989301516,73.66751450015366,,,0.1660079051383399,0.1523809523809524,,
2172,2,0,0,0.0,197,128,25493,428023,-1,427801,Pickup Error,Call,427467,1165.44,Jewelry,0,Not Known,Consigner,371633,28.96758,0.993944,786131,1.771815,0.960244,3,0,12,0,5,0,2,69.0135805405548,33.50686422306136,2.219958649833766,190.54,0.1162790697674418,0.1428571428571428,0.0,1.0
2173,2,1,0,28.316,27,63,77781,416216,-1,36433,Pickup Error,Call,861555,927.74,Hardware,-1,C,Receiver,299554,0.497331,0.994489,257793,49.44432,0.964117,3,0,9,1,6,0,2,94.032370683866,52.20261068322199,1.5913330180748213,0.0,0.0983606557377049,0.2941176470588235,0.0,0.0
2174,2,0,0,78.157,179,102,227346,300000,-1,427864,Pickup Error,Call,314000000,986.54,Miscellaneous Goods,0,B,Consigner,46678678,21.76627,0.941242,9348078,5.438325,0.995042,3,0,14,0,6,0,2,56.8349237193444,127.44248338763862,93.95808297694902,163.30068855149273,0.1497584541062802,0.1789473684210526,0.2585987261146497,0.5474358974358975
2175,2,1,0,44.015,1,179,181300,193297,-1,427798,未知,Call,22038,406.99,Maternity & Baby Products,0,C,Consigner,268152,15.72477,0.996551,728007,9.19494,0.976292,0,0,13,0,2,0,2,69.06443164317325,49.485349035609424,0.9039298028836922,0.0,0.1802721088435374,0.17578125,0.0,0.0
2176,2,0,0,0.0,39,31,149756,398737,-1,427855,Suspected Lost,Call,48547,168.81,Miscellaneous Goods,0,B,Consigner,394898,0.0,0.976481,1133225,3.747082,0.978775,5,0,14,0,2,0,2,118.98890217190385,64.94709665704212,1.257661600177132,38.305233066915584,0.1538461538461538,0.1379310344827586,0.0,0.0
2177,2,0,0,187.828,211,151,176820,208956,-1,-71693,未知,Internal Software,-4996,622.16,Documents & Bills,0,B,Consigner,1572221,16.37083,0.580402,173009,4.730467,0.979506,0,2,4,0,0,0,2,95.356323113403,62.91307713975876,25.94352246299482,0.0,0.1041666666666666,0.1176470588235294,0.0,0.0
2178,2,0,1,9.491,210,107,212781,300000,-1,427864,Pickup Error,Internal Software,64901913,2269.15,Dried Groceries,0,B,Consigner,7338,33.17067,0.941619,9910000000,70.44926,0.999865,3,2,5,0,6,0,2,36.96542033785124,103.77469026595364,169.8859525392922,163.30068855149273,0.0,0.1846153846153846,0.3076923076923077,0.5474358974358975
2179,2,0,0,325.913,99,222,183889,295662,-1,-69415,Pickup Error,Internal Software,152161,708.91,Dried Groceries,-1,Not Known,Consigner,424243,90.88158,0.946679,708010,32.14351,0.999667,3,2,5,0,3,0,2,65.94900544613762,77.81584876066215,83.80393880479427,0.0,0.211864406779661,0.1598173515981735,0.2442307692307692,0.0
2180,2,0,0,10.093,3,37,184292,183090,-1,427829,未知,Call,-59357,597.97,Household Goods,-1,C,Unknown,529023,4.144863,0.998922,151739,23.71799,0.998023,0,0,11,3,0,0,2,41.966021036266106,71.26297526452987,0.0,0.0,0.1538461538461538,0.2033898305084746,0.0,0.0
2181,2,0,0,999.882,197,243,49248,324625,-1,427738,Pickup Error,Internal Software,224488,1828.36,Household Goods,-1,C,Receiver,153,99.65212,0.997573,28088,105.6226,0.962787,3,2,11,1,4,0,2,69.0135805405548,61.478185686911466,162.21355252001945,10.798177849164528,0.1162790697674418,0.0625,0.0,0.0
2182,2,0,0,43.831,89,110,32842,296558,-1,-36448,未知,Call,246375,1901.76,Hardware,-1,B,Consigner,100200,0.875405,0.992908,421813,1.842448,0.96654,0,0,9,0,4,0,2,56.62852339692903,63.258594293395895,1.2678514583036038,45.018880866803634,0.1,0.1219512195121951,0.0,0.3333333333333333
2183,5,0,0,107.251,3,47,69508,334598,-1,427839,未知,Internal Software,-67017,892.97,Dried Groceries,1,C,Unknown,176038,38.7241,0.996116,1091676,4.674826,0.918549,0,2,5,3,0,0,2,41.966021036266106,133.85710800365322,3.2759359309946685,0.0,0.1538461538461538,0.1333333333333333,0.0,0.0
2184,2,0,0,473.394,185,169,215021,388688,-1,-105140,未知,Call,13312,689.7,Alcohol,0,B,Consigner,44114,145.6388,0.984204,155493,90.75886,0.926328,0,0,0,0,2,0,2,64.67006111935692,4.134345806536753,,3.278056120883387,0.1851851851851851,0.2222222222222222,,0.0
2185,2,0,0,0.0,188,104,227346,434349,-1,14109,未知,Call,699516,448.53,Hardware,0,B,Consigner,966713,16.81398,0.99646,1467843,0.0,0.905111,0,0,9,0,6,0,2,47.62317230513968,21.728510570447654,93.95808297694902,0.2605301699624039,0.2051282051282051,0.1666666666666666,0.2585987261146497,0.0
2186,2,0,0,104.0,3,154,190672,107382,-1,427864,未知,Call,38489,634.17,Miscellaneous Goods,0,B,Consigner,331209,48.70304,0.997508,21644,68.79955,0.979957,0,0,14,0,2,0,2,41.966021036266106,50.479144433344814,8.001399664198216,0.0,0.1538461538461538,0.3076923076923077,0.0,0.0
2187,3,0,0,215.569,64,102,145124,294840,-1,427840,未知,Internal Software,74810,3337.98,Dried Groceries,-1,B,Receiver,406,20.34407,0.984759,1697,174.9158,0.972702,0,2,5,1,2,0,2,29.26462912623248,127.44248338763862,0.0,0.0,0.2142857142857142,0.1789473684210526,0.0,0.0
2188,2,0,0,0.27,151,132,215014,139164,-1,-46951,Pickup Error,Call,158274,205.15,Dried Groceries,-1,B,Unknown,179704,0.0,0.98124,531302,6.547219,0.938098,3,0,5,3,3,0,2,55.000321274151965,56.88193748364041,381.05443155452434,5.943755233377432,0.0828402366863905,0.1636363636363636,0.0,0.0
2189,2,1,0,0.69,1,142,218624,311710,1,119908,未知,Internal Software,-31348,102.34,Fresh,0,B,Receiver,526718,1.011379,0.996384,245965,1.468031,0.934782,0,2,7,1,0,1,1,69.06443164317325,32.47128749327333,188.5865869242471,0.0,0.1802721088435374,0.0833333333333333,0.0,0.0
2190,2,0,0,84.772,4,146,173006,429823,-1,427861,未知,Vendor Consultation,894224,665.61,Jewelry,-1,B,Consigner,71213,52.07287,0.999028,210831,14.2082,0.993587,0,6,12,0,6,0,2,60.02737754693536,100.44850004559429,268.2784958871916,0.0,0.1592356687898089,0.1071428571428571,0.0,0.0
2191,5,0,0,760.75,56,108,184034,388594,-1,427747,Damage,Call,-13552,2506.76,Jewelry,0,C,Receiver,149,188.5624,0.981253,21923,90.09685,0.983421,1,0,12,1,0,0,2,56.811578165689504,84.18931730634625,94.21909592400362,4.698562296283195,0.0833333333333333,0.16,0.5,0.0
2192,2,0,0,603.451,25,164,56794,238982,-1,427776,未知,Mini Program,-46252,732.8,Alcohol,0,B,Consigner,451117,34.20728,0.99993,199213,37.91662,0.997477,0,4,0,0,0,0,2,88.8237010925776,49.08316346381199,0.0,103.33,0.1843137254901961,0.1458333333333333,0.0,0.0
2193,2,1,0,819.838,127,4,227346,300000,-1,427751,Pickup Error,Call,898000000,1340.79,Pharmaceuticals,-1,C,Consigner,318000000,100.6235,0.997402,66292733,101.4596,0.966724,3,0,15,0,6,0,2,59.84735359218162,81.2740685764068,93.95808297694902,163.30068855149273,0.1397849462365591,0.2439024390243902,0.2585987261146497,0.5474358974358975
2194,2,0,0,61.463,15,2,108968,202842,-1,427805,Suspected Lost,Internal Software,245668,1358.16,Alcohol,-1,B,Consigner,486685,24.63521,0.989472,96093,31.88916,0.986378,5,2,0,0,4,0,2,80.35899212714475,93.3192184944359,22.72462107401427,7.155729498498226,0.0909090909090909,0.1111111111111111,0.0,0.0
2195,2,1,0,426.298,302,102,184878,15885,-1,427835,未知,Call,67772,1502.81,Household Goods,0,C,Consigner,92735,0.0,0.993465,851230,0.0,0.955463,0,0,11,0,2,0,2,36.15561962809524,127.44248338763862,187.86331098346247,18.746977678032845,0.0434782608695652,0.1789473684210526,0.0,0.0
2196,2,0,0,127.428,63,125,106231,219199,-1,-116588,未知,Call,577627,130.59,Hardware,-1,B,Consigner,1931,12.45611,0.930851,237390,2.624441,0.978705,0,0,9,0,5,0,2,87.51932180035882,73.66751450015366,,0.0,0.2022471910112359,0.1523809523809524,,0.0
2197,1,0,1,0.0,151,98,210232,183981,-1,127683,Damage,Internal Software,1131465,204.38,Hardware,-1,C,Consigner,443633,0.0,0.989409,1003598,0.0,0.998039,1,2,9,0,6,0,2,55.000321274151965,65.32592348952949,139.9140213055044,0.0,0.0828402366863905,0.0638297872340425,0.1481481481481481,0.0
2198,2,0,0,0.0,168,3,53753,42959,-1,-5881,Pickup Error,Call,-43487,828.66,Hardware,0,C,Unknown,16734,0.0,0.989821,149099,8.247636,0.885563,3,0,9,3,0,0,2,114.70883773869524,63.81099393925928,4.41060077067803,8.685593427644278,0.064516129032258,0.1170212765957446,0.0,0.25
2199,3,0,0,276.938,142,100,183889,388621,-1,427864,Damage,Call,-76100,117.43,Miscellaneous Goods,0,C,Unknown,213845,0.0,0.994528,1671677,4.951182,0.996688,1,0,14,3,0,0,2,91.575345523678,111.92654089931048,83.80393880479427,84.46966913832732,0.1756756756756756,0.1985815602836879,0.2442307692307692,0.1428571428571428
2200,2,1,0,1.561,0,100,215974,218875,-1,427847,Pickup Error,Call,-74930,150.51,Dried Groceries,-1,B,Consigner,1109583,14.14436,0.98018,1704458,0.0,0.999685,3,0,5,0,0,0,2,57.22795965470159,111.92654089931048,81.4699013359998,13.87876330005579,0.1678082191780822,0.1985815602836879,0.4375,0.0
2201,2,1,0,329.695,190,321,72547,216906,-1,-125663,未知,Call,142831,615.1,Alcohol,0,C,Consigner,80809,5.717853,0.952374,6425,110.804,0.979814,0,0,0,0,3,0,2,73.48402451815683,5.275651726109931,0.0,0.0,0.1560693641618497,0.0,0.0,0.0
2202,2,1,0,1.481,253,225,193650,432352,-1,427749,Suspected Lost,Call,-69778,507.83,Pharmaceuticals,-1,Not Known,Receiver,1121986,12.24,0.98367,951054,3.49402,0.991215,5,0,15,1,0,0,2,63.03159537877947,16.68230984680013,48.10227495989376,0.0,0.1228070175438596,0.2142857142857142,0.25,0.0
2203,2,1,0,9.829,11,100,224840,90025,-1,427836,未知,Internal Software,102279,270.15,Electronic Product,0,C,Consigner,359845,1.2169,0.96814,308293,4.927053,0.997934,0,2,6,0,3,0,2,46.140341664130425,111.92654089931048,65.31524207556211,0.0,0.1724137931034483,0.1985815602836879,0.4782608695652174,0.0
2204,2,0,0,419.158,153,190,179706,14477,-1,427864,Damage,Vendor Consultation,-71105,150.31,Household Goods,-1,C,Consigner,190578,29.32617,0.981707,121920,0.915779,0.999051,1,6,11,0,0,0,2,15.382016431597313,47.29286625931772,1.95890770993546,1.5811680623425828,0.0952380952380952,0.1052631578947368,0.2,0.0
2205,2,0,1,29.826,0,274,222056,220925,-1,14402,Damage,Call,-65300,1016.5,"Apparel, Footwear & Accessories",0,C,Receiver,2575932,54.5429,0.998353,57231,38.04216,0.987699,1,0,1,1,0,0,2,57.22795965470159,126.32811879679848,0.0,0.0,0.1678082191780822,0.5,0.0,0.0
2206,2,1,0,12.011,99,100,224785,15885,-1,427826,未知,Call,-435,215.45,Beauty & Daily Essentials,-1,C,Receiver,274211,5.118227,0.99277,478502,14.93254,0.975161,0,0,3,1,0,0,2,65.94900544613762,111.92654089931048,,18.746977678032845,0.211864406779661,0.1985815602836879,,0.0
2207,2,1,0,48.273,5,1,147803,378943,-1,14953,未知,Internal Software,827197,106.47,Hardware,-1,C,Consigner,1417,12.82345,0.998437,1625866,0.0,0.888339,0,2,9,0,6,0,2,64.35039757274271,69.89628878079544,0.0,0.0,0.0975609756097561,0.12,0.0,0.0
2208,2,1,0,25.729,0,39,193650,379841,-1,427863,Damage,Internal Software,92794,520.17,Miscellaneous Goods,0,C,Consigner,177405,0.441532,0.959998,1023859,9.382292,0.9622,1,2,14,0,3,0,2,57.22795965470159,44.92391936878398,48.10227495989376,12.339397769852376,0.1678082191780822,0.0,0.25,0.0
2209,2,1,0,275.254,179,15,180917,75252,-1,427847,未知,Call,129793,182.8,Appliances,0,C,Consigner,224348,2.490951,0.976546,696603,5.099832,0.986188,0,0,2,0,3,0,2,56.8349237193444,76.467556088998,0.0,5.894310027476192,0.1497584541062802,0.1296296296296296,0.0,0.0
2210,3,0,0,5.756,165,222,154493,301367,-1,427610,Damage,Internal Software,1108537,1219.49,Jewelry,0,B,Consigner,378090,23.148,0.96611,301354,46.99248,0.953973,1,2,12,0,6,0,2,17.28062430122183,77.81584876066215,0.5779167595629235,0.0,0.0,0.1598173515981735,1.0,0.0
2211,3,0,0,30.446,211,190,152710,444874,-1,427858,Suspected Lost,Call,435829,262.65,Beauty & Daily Essentials,0,C,Consigner,171386,0.225942,0.995063,499935,3.136436,0.883519,5,0,3,0,5,0,2,95.356323113403,47.29286625931772,67.8378867951636,2.6426587219865363,0.1041666666666666,0.1052631578947368,0.5,0.0
2212,2,0,0,274.478,1,55,169671,194802,-1,38995,Suspected Lost,Call,-67160,473.66,Maternity & Baby Products,0,C,Consigner,112728,24.77798,0.981342,90859,5.921066,0.965438,5,0,13,0,0,0,2,69.06443164317325,119.73828509963953,2.0574221993380992,3.818408620491992,0.1802721088435374,0.1538461538461538,0.25,0.0
2213,2,0,0,525.08,137,190,198413,434746,-1,427862,未知,Call,1438141,1370.71,Dried Groceries,-1,B,Receiver,654962,7.071606,0.953757,308488,5.613097,0.991914,0,0,5,1,6,0,2,58.18470170477054,47.29286625931772,1.0033864764742952,0.7367521471497044,0.1707317073170731,0.1052631578947368,0.0,0.0
2214,2,0,0,427.853,190,36,71971,162450,-1,-54150,未知,Call,605753,524.99,Hardware,-1,B,Unknown,38790,2.392588,0.792172,188912,0.0,0.99753,0,0,9,3,6,0,2,73.48402451815683,60.65029723408145,119.65,3.91875777774173,0.1560693641618497,0.0,2.0,0.0
2215,5,1,0,1.342,1,136,90263,244906,-1,427816,Pickup Error,Call,257449,1024.36,Miscellaneous Goods,0,C,Receiver,1185109,0.0,0.946783,1952189,6.878481,0.987422,3,0,14,1,4,0,2,69.06443164317325,153.9090693587367,1.8189456904292045,7.005278505776826,0.1802721088435374,0.1428571428571428,0.0,0.0
2216,2,0,0,327.595,145,178,227346,300000,-1,427864,Suspected Lost,,441000000,1631.85,Miscellaneous Goods,-1,C,Consigner,11158818,85.40722,0.999163,363000000,23.02595,0.993849,5,5,14,0,6,0,2,69.30729146363558,75.72709977879157,93.95808297694902,163.30068855149273,0.1590909090909091,0.2073170731707317,0.2585987261146497,0.5474358974358975
2217,2,0,0,70.467,113,188,49139,340777,-1,427806,Pickup Error,Call,-79881,369.98,Alcohol,0,B,Unknown,7535,96.04683,0.967986,430075,30.8014,0.973244,3,0,0,3,0,0,2,36.24779227893041,81.19796947313277,,0.0,0.0909090909090909,0.1052631578947368,,0.0
2218,1,0,0,293.885,25,88,42471,300000,-1,-188762,Damage,Internal Software,250000000,1315.43,Miscellaneous Goods,0,B,Unknown,20642214,39.67774,0.963585,730000000,17.8788,0.987229,1,2,14,3,6,0,2,88.8237010925776,79.74310528281981,98.59350431373682,163.30068855149273,0.1843137254901961,0.2061855670103092,0.55,0.5474358974358975
2219,2,0,0,104.403,145,64,183889,90173,-1,-40974,Pickup Error,Internal Software,190000000,3768.33,Miscellaneous Goods,0,Not Known,Receiver,1515,25.25986,0.929037,5400000000,20.82698,0.989227,3,2,14,1,6,0,2,69.30729146363558,57.77796915034717,83.80393880479427,10.035382885763866,0.1590909090909091,0.2,0.2442307692307692,0.5
2220,2,0,0,744.257,127,253,227346,320039,-1,427856,Damage,Call,1164816,1096.41,Pharmaceuticals,0,B,Consigner,152418,1.214264,0.992267,109841,28.12537,0.999426,1,0,15,0,6,0,2,59.84735359218162,69.88451229595863,93.95808297694902,3.710742034357403,0.1397849462365591,0.208955223880597,0.2585987261146497,0.0
2221,2,1,0,0.0,137,0,36351,294116,-1,427862,Pickup Error,Call,254117,835.41,Dried Groceries,-1,B,Consigner,637995,0.0,0.962931,828420,0.0,0.957516,3,0,5,0,4,0,2,58.18470170477054,75.01688402479252,0.0,253.2480274370571,0.1707317073170731,0.1507692307692307,0.0,0.0
2222,2,0,0,69.761,107,101,35904,145661,-1,-71618,Damage,Call,356548,619.67,Hardware,0,B,Receiver,1178049,46.06474,0.77368,20797,32.71792,0.993104,1,0,9,1,5,0,2,69.59539401792847,58.58878798840541,10.929773078435602,0.0,0.135593220338983,0.1323529411764706,0.0,0.0
2223,2,0,0,29.658,2,88,183889,374235,-1,427864,Damage,Call,1304037,1187.52,Maternity & Baby Products,0,C,Consigner,522,0.0,0.996023,492554,14.49413,0.909516,1,0,13,0,6,0,2,56.04468495785089,79.74310528281981,83.80393880479427,36.20597235314875,0.0935960591133004,0.2061855670103092,0.2442307692307692,0.0
2224,2,0,0,4.615,100,330,67427,119776,-1,427828,未知,Internal Software,18476,247.16,Miscellaneous Goods,0,B,Receiver,127666,14.62811,0.98429,369921,0.0,0.967301,0,2,14,1,2,0,2,57.27817095022288,19.30091011575344,0.0,0.0,0.1162790697674418,0.0,0.0,0.0
2225,2,1,0,74.931,89,197,160949,446196,-1,57460,Damage,Internal Software,349547,1296.53,Hardware,0,C,Consigner,612652,10.80208,0.998893,373742,35.09703,0.996007,1,2,9,0,5,0,2,56.62852339692903,63.769979151069016,32.12650238589493,0.0,0.1,0.208955223880597,0.3333333333333333,0.0
2226,5,0,0,159.624,25,190,184745,354350,-1,427832,Suspected Lost,Internal Software,545094,131.23,Miscellaneous Goods,0,C,Consigner,84640,19.48228,0.986869,21666,111.0016,0.998788,5,2,14,0,5,0,2,88.8237010925776,47.29286625931772,0.0,45.86358768358673,0.1843137254901961,0.1052631578947368,0.0,0.0
2227,2,0,0,241.546,0,268,90004,44240,-1,427734,Pickup Error,Call,-73216,913.39,Documents & Bills,0,B,Consigner,384534,33.02955,0.984565,296955,58.51233,0.997116,3,0,4,0,0,0,2,57.22795965470159,130.15540902762945,0.0,0.9316294692332612,0.1678082191780822,0.2727272727272727,0.0,0.0
2228,2,0,0,1.448,314,179,224515,31882,-1,427839,Suspected Lost,Call,-81871,108.54,Appliances,0,B,Receiver,1654650,0.0,0.978527,1071241,1.406036,0.963442,5,0,2,1,0,0,2,114.58829809756544,49.485349035609424,40.69700970341554,5.726796196242944,0.0,0.17578125,0.0,0.0
2229,2,0,0,18.648,207,236,201787,300000,-1,346994,Pickup Error,Call,518000000,2793.55,Miscellaneous Goods,0,C,Consigner,765544,116.365,0.994216,365000000,11.21221,0.993941,3,0,14,0,6,0,2,74.1529936661414,72.08983224663325,151.60579744998205,163.30068855149273,0.4594594594594595,0.2608695652173913,0.4444444444444444,0.5474358974358975
2230,2,0,0,0.743,152,88,201787,300000,-1,427864,Damage,Call,463000000,2429.91,Dried Groceries,-1,B,Consigner,2373816,3.108899,0.980847,550000000,0.625174,0.954223,1,0,5,0,6,0,2,97.86133232302556,79.74310528281981,151.60579744998205,163.30068855149273,0.2702702702702703,0.2061855670103092,0.4444444444444444,0.5474358974358975
2231,2,0,0,71.67,157,101,31774,38110,-1,29596,Pickup Error,Call,714533,1212.46,Hardware,-1,B,Consigner,937783,10.29749,0.94274,163868,21.53166,0.999938,3,0,9,0,6,0,2,52.75232409840045,58.58878798840541,,,0.2391304347826087,0.1323529411764706,,
2232,6,0,0,242.704,125,243,60488,80241,-1,427753,未知,Internal Software,1169886,607.14,Fresh,0,B,Consigner,236856,0.0,0.981763,164945,36.33301,0.977653,0,2,7,0,6,1,1,70.23909957621414,61.478185686911466,0.4719248025453961,2.451565618961291,0.0793650793650793,0.0625,0.0,0.0
2233,2,0,0,0.0,107,89,21772,453721,1,427525,Suspected Lost,Internal Software,264083,141.16,Pharmaceuticals,-1,C,Receiver,504442,0.147091,0.972329,1688402,6.790106,0.919232,5,2,15,1,5,0,2,69.59539401792847,66.91243902018225,0.0,3.890173512435352,0.135593220338983,0.1875,0.0,0.0
2234,2,0,0,0.777,145,33,215974,300000,-1,-160242,未知,Call,474000000,969.54,Miscellaneous Goods,-1,B,Unknown,746269,29.91569,0.995338,7411050,52.68558,0.999326,0,0,14,3,6,0,2,69.30729146363558,36.78825873504067,81.4699013359998,163.30068855149273,0.1590909090909091,0.3225806451612903,0.4375,0.5474358974358975
2235,2,1,0,197.292,194,63,100136,176209,-1,-105375,未知,Internal Software,-47468,576.97,Furniture,-1,C,Receiver,507553,0.071989,0.999824,286417,0.831106,0.985506,0,2,8,1,0,0,2,149.3218894878137,52.20261068322199,0.0,40.77006179977199,0.375,0.2941176470588235,0.0,0.0
2236,2,0,0,346.126,99,222,21253,72453,-1,31916,Pickup Error,Call,-68614,880.97,Alcohol,-1,B,Consigner,101,21.64285,0.85188,245316,35.72065,0.92394,3,0,0,0,0,0,2,65.94900544613762,77.81584876066215,15.4915633388658,,0.211864406779661,0.1598173515981735,0.0,
2237,2,0,0,48.347,243,146,52493,158735,-1,6359,未知,Call,138941,452.91,Hardware,-1,C,Consigner,2285,1.553226,0.994182,392781,9.336114,0.947981,0,0,9,0,3,0,2,104.36248190748378,100.44850004559429,,0.0,0.1923076923076923,0.1071428571428571,,0.0
2238,2,0,1,0.0,193,79,223752,352359,-1,427864,未知,Call,453000000,1017.36,Appliances,-1,B,Consigner,35757183,4.163007,0.999316,42916928,2.09473,0.998202,0,0,2,0,6,0,2,99.9740257904606,41.96640113648718,247.3830924887306,115.9880379226179,0.2307692307692307,0.2758620689655172,0.3902439024390244,0.4444444444444444
2239,5,1,0,58.59,55,193,93642,258724,-1,427792,未知,Call,1233774,448.89,Miscellaneous Goods,0,C,Consigner,3242083,1.332172,0.886894,1026104,0.0,0.999717,0,0,14,0,6,0,2,35.60364621033194,27.46228828491764,,4.354339620810758,0.1212121212121212,0.217391304347826,,0.0
2240,5,0,0,381.453,181,344,212182,300000,-1,427337,Damage,Call,274000000,828.12,Pharmaceuticals,0,B,Consigner,4414738,87.58539,0.997397,751000000,26.02288,0.993598,1,0,15,0,6,0,2,66.98420127730182,39.2423650364136,62.71522772083796,163.30068855149273,0.1568627450980392,0.32,0.5833333333333334,0.5474358974358975
2241,2,0,1,171.744,137,249,191336,300000,1,427861,Pickup Error,Call,718000000,936.05,Dried Groceries,0,C,Consigner,9578,7.77194,0.989769,243000000,0.247124,0.91025,3,0,5,0,6,0,2,58.18470170477054,68.90840414854678,180.7374456919535,163.30068855149273,0.1707317073170731,0.2,0.3846153846153846,0.5474358974358975
2242,2,0,0,247.688,99,96,4704,327572,-1,-157461,未知,Complaint,6633,1140.04,Appliances,0,B,Consigner,212989,13.39923,0.997162,85561,38.62872,0.981672,0,1,2,0,2,0,2,65.94900544613762,114.16873400512304,83.96094219309775,,0.211864406779661,0.2,0.5,
2243,2,0,0,528.171,91,330,38633,318358,-1,-44082,Damage,Call,629140,1604.44,Hardware,0,Not Known,Receiver,91,69.9844,0.99775,1422,30.19577,0.997091,1,0,9,1,6,0,2,22.138572095820624,19.30091011575344,22.151257569085384,0.0,0.2307692307692307,0.0,0.3333333333333333,0.0
2244,5,0,0,560.172,93,0,23865,145768,-1,427832,未知,Call,1788489,969.74,Alcohol,-1,Not Known,Consigner,38093,43.13017,0.977726,550672,12.37656,0.94625,0,0,0,0,6,0,2,66.74115822236953,75.01688402479252,6.353661954170116,0.5779167595629235,0.1304347826086956,0.1507692307692307,0.0,1.0
2245,4,0,0,74.509,56,83,133833,425936,-1,427854,未知,Call,291399,450.48,Beauty & Daily Essentials,-1,C,Consigner,276239,122.9604,0.962564,545616,31.89085,0.954367,0,0,3,0,5,0,2,56.811578165689504,65.91514331433044,0.0,2.25887548628612,0.0833333333333333,0.1290322580645161,0.0,1.0
2246,2,1,0,0.0,1,4,25838,65088,-1,427833,未知,Call,-3125,110.52,Maternity & Baby Products,-1,B,Consigner,226280,6.785439,0.96525,1418085,4.678611,0.989588,0,0,13,0,0,0,2,69.06443164317325,81.2740685764068,174.38571653295577,0.0,0.1802721088435374,0.2439024390243902,0.0,0.0
2247,2,0,0,8.332,1,140,183889,216848,1,-55393,Suspected Lost,Call,-69228,702.68,Pharmaceuticals,-1,B,Consigner,43592,12.28124,0.902006,634704,39.32609,0.99564,5,0,15,0,0,0,2,69.06443164317325,32.04443699722811,83.80393880479427,0.2386522916732534,0.1802721088435374,0.1515151515151515,0.2442307692307692,0.0
2248,3,0,0,515.37,220,105,49519,391112,1,427790,Damage,Complaint,1505165,169.02,Dried Groceries,0,B,Receiver,10505,36.144,0.994827,165620,46.82325,0.913265,1,1,5,1,6,0,2,72.30195311537067,22.47910396159198,7.182411558384241,20.568244358833244,0.1304347826086956,0.0909090909090909,0.0,0.0
2249,2,0,0,11.857,178,104,192099,321958,-1,427856,Damage,Mini Program,270611,580.09,Miscellaneous Goods,0,B,Consigner,189025,96.86808,0.980249,81169,17.65862,0.989013,1,4,14,0,5,0,2,59.71452989301516,21.728510570447654,,3.3961901443332985,0.1660079051383399,0.1666666666666666,,0.0
2250,2,0,0,404.352,32,13,103617,180213,-1,427683,Damage,Call,818253,741.93,Miscellaneous Goods,0,C,Consigner,31675,7.262153,0.993925,404911,40.00475,0.981121,1,0,14,0,6,0,2,57.76408111082597,58.69138621086622,4.802854857593966,655.13,0.1666666666666666,0.0909090909090909,0.0,0.0
2251,2,0,0,410.039,96,166,172493,46624,-1,427808,Damage,Internal Software,422190,353.54,Maternity & Baby Products,1,Not Known,Unknown,530451,63.13285,0.999141,62247,35.5824,0.856882,1,2,13,3,5,0,2,94.34474150468614,12.05511157539476,69.44990071378737,44.26099095479773,0.1764705882352941,0.0,0.0,0.0
2252,2,0,0,118.165,137,197,218129,2930,-1,427859,Damage,Call,117027,153.55,Pharmaceuticals,0,B,Consigner,160917,28.61006,0.958067,201349,7.464726,0.971488,1,0,15,0,3,0,2,58.18470170477054,63.769979151069016,64.27835051546391,2.304553195591401,0.1707317073170731,0.208955223880597,0.0,0.0
2253,2,1,0,10.724,4,71,6322,184945,-1,427699,未知,Call,-52836,132.11,Fresh,0,B,Consigner,579658,23.83586,0.986861,636578,17.09028,0.979913,0,0,7,0,0,1,1,60.02737754693536,60.78127493377559,0.0,18.29161503510946,0.1592356687898089,0.5714285714285714,0.0,0.0
2254,2,0,0,0.954,13,253,224841,300000,-1,427290,Damage,Call,28771915,801.86,Furniture,-1,C,Staff,15254896,0.0,0.997861,5638054,0.0,0.997561,1,0,8,2,6,0,2,117.72169897217258,69.88451229595863,169.77832896859522,163.30068855149273,0.2748538011695906,0.208955223880597,0.4545454545454545,0.5474358974358975
2255,2,0,0,9.702,151,257,183889,300000,-1,427864,未知,Internal Software,830000000,4019.47,Household Goods,-1,B,Unknown,1520,20.21989,0.985477,778000000,80.26349,0.955193,0,2,11,3,6,0,2,55.000321274151965,188.1296835034576,83.80393880479427,163.30068855149273,0.0828402366863905,0.2307692307692307,0.2442307692307692,0.5474358974358975
2256,2,0,0,96.935,15,3,201312,429776,-1,427853,Damage,Call,236009,1843.16,Miscellaneous Goods,-1,B,Consigner,611879,64.14607,0.968359,708721,50.62675,0.984755,1,0,14,0,4,0,2,80.35899212714475,63.81099393925928,11.970639244772864,2.042252388359602,0.0909090909090909,0.1170212765957446,0.1538461538461538,0.0
2257,2,0,0,20.119,146,164,227346,300000,-1,427853,未知,Call,646000000,2909.5,Miscellaneous Goods,-1,B,Consigner,27861491,0.0,0.999997,447000000,0.0,0.939539,0,0,14,0,6,0,2,75.50373567911244,49.08316346381199,93.95808297694902,163.30068855149273,0.3,0.1458333333333333,0.2585987261146497,0.5474358974358975
2258,2,0,0,0.0,143,194,128353,354613,-1,-17094,未知,Vendor Consultation,-20566,132.34,Jewelry,-1,B,Consigner,47529,0.0,0.949845,1257727,0.0,0.957217,0,6,12,0,0,0,2,38.45695991907031,91.59167001694736,365.7464390111441,21.537789002805248,0.1136363636363636,0.1785714285714285,0.5,0.0
2259,2,0,0,0.968,268,107,204720,124677,-1,427744,未知,Call,637236,266.69,Jewelry,-1,B,Consigner,683568,0.0,0.921338,469703,0.0,0.92911,0,0,12,0,6,0,2,96.84596855953218,103.77469026595364,,0.0,0.1823899371069182,0.1846153846153846,,0.0
2260,2,1,0,31.676,63,106,53069,331750,-1,427857,Pickup Error,Call,953747,205.23,Miscellaneous Goods,0,C,Consigner,5662,15.24168,0.965248,320113,41.16728,0.997861,3,0,14,0,6,0,2,87.51932180035882,49.82089121674756,2.790202510263008,20.034266666666667,0.2022471910112359,0.1538461538461538,0.0,0.0
2261,2,0,0,175.606,178,4,187551,189410,-1,-138843,Suspected Lost,Vendor Consultation,-25595,472.19,Hardware,0,Not Known,Consigner,1939698,10.86985,0.947787,16204,4.225411,0.983555,5,6,9,0,0,0,2,59.71452989301516,81.2740685764068,0.0,61.63191740144161,0.1660079051383399,0.2439024390243902,0.0,0.0
2262,2,0,0,659.821,150,189,143044,317546,-1,427829,Suspected Lost,Call,50811,980.44,Appliances,0,B,Consigner,102529,43.04603,0.970473,242817,5.401193,0.93548,5,0,2,0,2,0,2,68.02774724414232,58.29261195317029,45.16510751774207,,0.15,0.1521739130434782,0.1111111111111111,
2263,2,0,0,142.026,42,221,207212,299662,-1,-147433,未知,Call,1050082,646.9,Pharmaceuticals,-1,B,Receiver,249037,0.441863,0.972198,89502,63.03831,0.97618,0,0,15,1,6,0,2,106.19017586084024,124.92080405843552,1.2291782772927116,0.0,0.145631067961165,0.3333333333333333,1.0,0.0
2264,3,0,0,145.341,198,99,222607,73090,-1,4614,未知,Call,36817,104.61,"Apparel, Footwear & Accessories",-1,C,Receiver,363712,0.0,0.945517,549720,0.0,0.858235,0,0,1,1,2,0,2,47.532725738254,39.75074374258253,7.7543722071618335,0.0,0.1111111111111111,0.1505376344086021,1.0,0.0
2265,3,1,0,31.482,151,173,187386,450906,-1,427855,未知,Call,719536,2626.68,Dried Groceries,0,Not Known,Consigner,532545,4.737414,0.992608,453438,62.12604,0.961284,0,0,5,0,6,0,2,55.000321274151965,33.92099111754214,77.52882609762956,0.0,0.0828402366863905,0.0,0.0,0.0
2266,5,0,0,1.81,0,197,20262,31860,-1,427843,Suspected Lost,Internal Software,69032,163.32,Furniture,0,Not Known,Consigner,563021,12.87333,0.985452,1515339,0.0,0.933554,5,2,8,0,2,0,2,57.22795965470159,63.769979151069016,2.541776585024819,4.26531835553026,0.1678082191780822,0.208955223880597,0.0,0.0
2267,2,1,1,5.515,38,1,205454,73073,-1,427841,未知,Internal Software,1261501,141.92,Miscellaneous Goods,0,B,Receiver,96549,2.079479,0.928204,1657810,6.999049,0.988978,0,2,14,1,6,0,2,83.3897689719621,69.89628878079544,2.63789633560152,0.0,0.3442622950819672,0.12,0.0,0.0
2268,2,0,0,642.488,190,199,161906,230500,-1,427858,未知,Internal Software,185232,1170.17,Miscellaneous Goods,-1,B,Consigner,354096,31.96667,0.95207,151850,3.19233,0.975638,0,2,14,0,4,0,2,73.48402451815683,65.33437063477945,140.98470779763628,3.677795511352405,0.1560693641618497,0.3513513513513513,0.217391304347826,0.0
2269,2,0,0,778.216,102,190,22414,418318,-1,427706,未知,Vendor Consultation,1257061,878.31,Miscellaneous Goods,-1,B,Consigner,125220,83.49617,0.999454,83120,42.40702,0.986892,0,6,14,0,6,0,2,84.99396693620673,47.29286625931772,45.63667232597623,0.4865312925260531,0.1518987341772152,0.1052631578947368,1.0,0.0
2270,2,1,0,140.92,4,179,57786,96384,-1,427580,未知,Vendor Consultation,1009540,523.46,Home Improvement and Building Material,0,C,Consigner,743991,30.99917,0.991319,328025,18.5843,0.976288,0,6,10,0,6,0,2,60.02737754693536,49.485349035609424,0.8733930325833689,10.29153821941896,0.1592356687898089,0.17578125,0.3333333333333333,0.0
2271,2,0,0,60.935,4,226,74603,193297,1,427689,Damage,Call,127626,839.81,Dried Groceries,-1,B,Receiver,153436,26.62459,0.906917,408216,14.77629,0.890944,1,0,5,1,3,0,2,60.02737754693536,33.376562481963404,5.111992134955053,0.0,0.1592356687898089,0.0980392156862745,0.0,0.0
2272,2,1,0,14.602,1,146,177391,380807,-1,427864,Suspected Lost,Call,111442,268.91,Documents & Bills,0,C,Consigner,6323,14.6948,0.996452,195323,45.51164,0.993168,5,0,4,0,3,0,2,69.06443164317325,100.44850004559429,0.0,782.3542644164843,0.1802721088435374,0.1071428571428571,0.0,0.0
2273,2,0,0,54.775,25,95,172127,178682,-1,427708,未知,Call,71132,372.94,Pharmaceuticals,-1,C,Consigner,189743,20.15765,0.937408,94132,15.4111,0.998634,0,0,15,0,2,0,2,88.8237010925776,31.822002929119517,17.627677408755243,0.0,0.1843137254901961,0.25,0.3333333333333333,0.0
2274,2,0,0,251.073,253,37,198779,50529,-1,427762,未知,Internal Software,297111,1058.38,Home Improvement and Building Material,-1,B,Staff,391619,31.74732,0.970552,482556,0.0,0.964953,0,2,10,2,5,0,2,63.03159537877947,71.26297526452987,61.50996322773379,14.38515893329833,0.1228070175438596,0.2033898305084746,0.1714285714285714,0.0
2275,2,0,0,104.56,222,105,213575,33643,-1,427810,Suspected Lost,Call,277266,116.61,Home Improvement and Building Material,0,C,Consigner,21726,15.92638,0.998377,134371,11.74665,0.950875,5,0,10,0,5,0,2,44.00935888510234,22.47910396159198,0.0,6.78260495294591,0.173469387755102,0.0909090909090909,0.0,0.0
2276,3,0,0,107.414,13,42,210232,312267,-1,-4860,Damage,Mini Program,-72907,107.24,Furniture,0,C,Consigner,444855,16.7758,0.92335,389064,7.784507,0.991481,1,4,8,0,0,0,2,117.72169897217258,47.89018349830656,139.9140213055044,10.361978936189043,0.2748538011695906,0.0571428571428571,0.1481481481481481,0.0
2277,1,1,0,317.044,117,188,663,152875,-1,427860,Damage,Internal Software,1150325,100.02,Beauty & Daily Essentials,-1,C,Consigner,1699985,17.44375,0.972991,834905,0.0,0.967326,1,2,3,0,6,0,2,57.51283596595224,81.19796947313277,0.0,20.043249602103657,0.1052631578947368,0.1052631578947368,0.0,0.0
2278,2,0,0,524.056,27,3,227346,229373,-1,427725,Suspected Lost,Call,1197468,262.11,Jewelry,0,Not Known,Consigner,146919,18.03678,0.999944,584303,30.20345,0.980051,5,0,12,0,6,0,2,94.032370683866,63.81099393925928,93.95808297694902,20.883859186734828,0.0983606557377049,0.1170212765957446,0.2585987261146497,0.0
2279,2,0,0,325.552,227,350,201311,426672,-1,427635,未知,Internal Software,21881,532.5,Furniture,-1,B,Consigner,839914,20.58876,0.931507,496308,6.301556,0.998919,0,2,8,0,2,0,2,17.16632556726263,9.079521678213355,0.0,0.0,0.15625,0.0,0.0,0.0
2280,5,0,0,0.0,189,48,51394,456023,-1,78010,Suspected Lost,,438225,847.47,Miscellaneous Goods,0,C,Receiver,88344,0.057033,0.999506,1195711,1.143129,0.996387,5,5,14,1,5,0,2,195.03697485801985,1.0802392076662717,,314.77,0.2619047619047619,0.0,,1.0
2281,2,1,0,0.0,16,53,17011,311934,-1,-131562,未知,Internal Software,201808,165.09,Hardware,-1,C,Consigner,506510,2.663212,0.998637,214298,2.051639,0.939898,0,2,9,0,4,0,2,13.371818349972637,13.911678238445312,0.0,0.0,0.0,0.2,0.0,0.0
2282,2,0,0,445.573,15,224,203501,394033,-1,427833,Pickup Error,Call,233165,144.45,"Apparel, Footwear & Accessories",-1,C,Receiver,76721,22.43195,0.990123,130967,6.152219,0.992718,3,0,1,1,4,0,2,80.35899212714475,57.42766405952557,305.23024714812806,109.57292892538374,0.0909090909090909,0.0,0.3333333333333333,0.0
2283,2,0,0,16.638,13,200,227346,301889,-1,427856,未知,Mini Program,97952,2086.35,Alcohol,0,C,Staff,132637,49.12598,0.994838,618508,2.334739,0.869734,0,4,0,2,3,0,2,117.72169897217258,56.43921018029192,93.95808297694902,9.183980359060918,0.2748538011695906,0.3333333333333333,0.2585987261146497,0.0
2284,1,0,0,30.209,38,3,227346,108695,-1,-54743,未知,Call,2927644,126.35,Alcohol,-1,C,Consigner,62944,5.114688,0.999343,519288,7.392216,0.893968,0,0,0,0,6,0,2,83.3897689719621,63.81099393925928,93.95808297694902,0.0,0.3442622950819672,0.1170212765957446,0.2585987261146497,0.0
2285,2,1,0,48.794,192,151,139664,208272,1,427864,Pickup Error,Call,1113584,432.71,Documents & Bills,1,C,Unknown,126139,49.9683,0.985434,61470,23.93687,0.99365,3,0,4,3,6,0,2,57.1901563024116,62.91307713975876,,25.554361454415183,0.1951219512195122,0.1176470588235294,,0.0
2286,2,1,0,395.291,0,102,158853,117047,-1,427771,Damage,Internal Software,-40964,606.72,Documents & Bills,-1,Not Known,Consigner,207269,4.297707,0.95538,329989,17.05607,0.900455,1,2,4,0,0,0,2,57.22795965470159,127.44248338763862,123.7753012998913,22.16152854296097,0.1678082191780822,0.1789473684210526,0.0,0.0
2287,2,1,0,3.645,100,179,227298,372592,0,427779,Damage,Call,-72998,360.57,Furniture,0,B,Receiver,151073,13.94804,0.976328,1000855,17.56699,0.87596,1,0,8,1,0,0,2,57.27817095022288,49.485349035609424,3.7033727463791934,101.49,0.1162790697674418,0.17578125,0.0,2.0
2288,2,1,0,0.0,126,210,184921,10105,-1,427856,Pickup Error,Internal Software,773826,229.61,Beauty & Daily Essentials,-1,B,Consigner,24201,54.64311,0.995881,56375,30.64392,0.985467,3,2,3,0,6,0,2,90.36311397696744,127.35424397717144,0.0,53.9312239719697,0.5,0.0,0.0,0.0
2289,2,1,0,197.389,179,16,215931,45497,-1,427680,Damage,Call,274372,1412.81,Dried Groceries,-1,C,Consigner,501447,13.34354,0.993549,48696,1.732922,0.995616,1,0,5,0,5,0,2,56.8349237193444,27.43363821810541,377.9564142004554,308.4246857772878,0.1497584541062802,0.0,0.0,0.5
2290,2,0,0,291.6,0,89,206401,240789,-1,-45753,未知,Call,555660,692.86,Miscellaneous Goods,-1,B,Receiver,1283462,2.697556,0.916302,493457,0.0,0.838806,0,0,14,1,5,0,2,57.22795965470159,66.91243902018225,0.0,0.0,0.1678082191780822,0.1875,0.0,0.0
2291,2,0,0,865.315,139,38,32842,266072,1,427795,未知,Call,765481,787.54,Fresh,-1,C,Consigner,247299,2.020345,0.9996,70507,12.43223,0.9377,0,0,7,0,6,1,1,100.6160456989,37.71779182770192,1.2678514583036038,3.764063174702779,0.125,0.125,0.0,0.0
2292,1,0,0,0.0,221,2,190978,58046,-1,427864,未知,Call,2798765,450.79,Miscellaneous Goods,-1,C,Consigner,33899,1.005823,0.990791,390215,14.47791,0.915561,0,0,14,0,6,0,2,43.16496241200946,93.3192184944359,,24.014281346266912,0.25,0.1111111111111111,,0.0
2293,2,0,1,669.021,7,108,196651,190223,-1,427626,未知,Call,244931,136.68,Furniture,0,C,Consigner,1959201,39.7777,0.987279,1287598,0.0,0.902261,0,0,8,0,4,0,2,41.37467782828752,84.18931730634625,0.5739682906200446,100.85426543870676,0.0597014925373134,0.16,0.0,0.3333333333333333
2294,2,0,0,5.707,247,0,227346,403064,-1,427851,Damage,Call,-8148,328.24,Maternity & Baby Products,0,B,Receiver,245820,13.22031,0.993766,78853,13.65441,0.960852,1,0,13,1,0,0,2,32.91556462230818,75.01688402479252,93.95808297694902,11.906227223079252,0.0526315789473684,0.1507692307692307,0.2585987261146497,0.0
2295,2,0,0,469.878,190,278,13070,56420,-1,-93788,未知,Mini Program,-76410,1205.64,Hardware,-1,C,Consigner,1492560,16.54077,0.969616,985645,8.155657,0.988027,0,4,9,0,0,0,2,73.48402451815683,46.0922146974701,33.15735296063131,12.25768694008013,0.1560693641618497,0.0434782608695652,0.0,0.0
2296,3,0,1,22.742,117,132,145410,308265,-1,-42664,Damage,Call,1173240,100.84,Hardware,-1,C,Receiver,60768,44.24171,0.86007,250763,44.26714,0.979951,1,0,9,1,6,0,2,57.51283596595224,56.88193748364041,0.0,0.9019554081280649,0.1052631578947368,0.1636363636363636,0.0,0.0
2297,2,1,0,33.166,133,133,179544,32215,-1,427862,未知,Internal Software,-28128,733.94,Household Goods,0,C,Receiver,114898,27.83967,0.996211,312263,2.765367,0.993485,0,2,11,1,0,0,2,66.60560181682781,67.74347839244929,15.220344705991334,29.562947675336925,0.1515151515151515,0.1929824561403508,0.0,0.0
2298,2,0,0,7.109,143,221,72352,110131,-1,427857,未知,Call,383877,199.65,Maternity & Baby Products,-1,C,Consigner,905107,37.20043,0.987229,42153,30.91469,0.972269,0,0,13,0,5,0,2,38.45695991907031,124.92080405843552,69.07785335815552,3.072636883796946,0.1136363636363636,0.3333333333333333,0.0,0.0
2299,2,1,0,4.049,58,28,217060,234631,-1,22084,未知,Call,-79140,625.46,Appliances,0,C,Unknown,821938,0.0,0.924425,829891,0.0,0.958155,0,0,2,3,0,0,2,56.49645910069927,22.12545076564436,123.87799564270152,0.0,0.6,0.2857142857142857,1.0,0.0
2300,2,1,0,63.435,188,1,143999,257008,0,-20838,未知,Call,138539,261.3,Furniture,0,C,Receiver,352643,52.65662,0.985056,492564,5.950495,0.903038,0,0,8,1,3,0,2,47.62317230513968,69.89628878079544,,4.152148184845733,0.2051282051282051,0.12,,0.0
2301,2,1,0,0.0,152,24,104657,381781,-1,427852,未知,Call,573795,143.14,Dried Groceries,-1,C,Receiver,662479,2.394469,0.94806,190350,27.29052,0.965247,0,0,5,1,5,0,2,97.86133232302556,42.55871986045592,0.0,0.0,0.2702702702702703,0.3181818181818182,0.0,0.0
2302,2,1,0,478.584,190,104,22338,443414,-1,427812,Pickup Error,Call,51749,336.43,Miscellaneous Goods,0,C,Receiver,251051,4.122661,0.987838,190129,18.50171,0.988819,3,0,14,1,2,0,2,73.48402451815683,21.728510570447654,112.27900669702473,145.96996753330433,0.1560693641618497,0.1666666666666666,0.0,1.0
2303,2,1,0,496.997,190,222,119714,275717,-1,427864,未知,Call,684887,1653.65,Miscellaneous Goods,0,B,Unknown,188787,26.02338,0.981092,265430,72.77852,0.954719,0,0,14,3,6,0,2,73.48402451815683,77.81584876066215,10.328155539553544,5.139362675763375,0.1560693641618497,0.1598173515981735,0.0,0.0
2304,2,0,1,0.0,1,1,156612,85939,-1,-114824,未知,Call,1226180,133.34,"Apparel, Footwear & Accessories",-1,Not Known,Receiver,546802,24.21313,0.928004,24612,75.42242,0.930542,0,0,1,1,6,0,2,69.06443164317325,69.89628878079544,0.0,0.0,0.1802721088435374,0.12,0.0,0.0
2305,2,0,0,0.0,99,71,183889,300000,-1,427864,Damage,Call,613000000,1485.56,Pharmaceuticals,-1,B,Consigner,13456,0.0,0.999954,8400831,0.0,0.903697,1,0,15,0,6,0,2,65.94900544613762,60.78127493377559,83.80393880479427,163.30068855149273,0.211864406779661,0.5714285714285714,0.2442307692307692,0.5474358974358975
2306,2,1,0,0.335,12,179,15566,6256,-1,427857,Damage,Internal Software,-29138,130.58,Household Goods,-1,B,Consigner,305689,1.961695,0.996444,923243,5.305916,0.973992,1,2,11,0,0,0,2,59.94601001535578,49.485349035609424,2.977935334889288,1.428183100662502,0.2666666666666666,0.17578125,0.0,0.0
2307,2,0,0,512.41,268,198,222277,54541,-1,427854,Damage,Internal Software,-49070,515.87,Pharmaceuticals,0,C,Consigner,113,47.1556,0.996684,2909,69.25646,0.999318,1,2,15,0,0,0,2,96.84596855953218,27.951849133840675,43.88063407971524,2.9179213011327554,0.1823899371069182,0.09375,0.0,0.0
2308,2,0,0,518.601,133,85,120298,2555,1,-106831,Damage,Call,224775,1224.98,Electronic Product,-1,Not Known,Unknown,15695,51.64122,0.998244,10970,38.31029,0.991767,1,0,6,3,4,0,2,66.60560181682781,550.6168122270743,0.0,5.803304702813805,0.1515151515151515,0.0,0.0,0.5
2309,2,0,0,29.266,108,268,111696,253165,0,427855,Damage,Call,136692,1036.82,Alcohol,0,C,Unknown,934813,0.624532,0.999237,1465317,2.18046,0.982417,1,0,0,3,3,0,2,29.59624611070252,130.15540902762945,4.151092731144941,30.848015991692755,0.0666666666666666,0.2727272727272727,0.0,0.0
2310,1,0,0,11.216,64,0,146703,445552,-1,427861,Suspected Lost,Call,-19523,295.45,Miscellaneous Goods,0,C,Consigner,388511,22.61294,0.992035,884717,5.126635,0.972086,5,0,14,0,0,0,2,29.26462912623248,75.01688402479252,0.0,0.0,0.2142857142857142,0.1507692307692307,0.0,0.0
2311,1,0,0,491.188,143,111,49248,212899,1,427858,Damage,Vendor Consultation,31330,406.69,Miscellaneous Goods,-1,Not Known,Consigner,814,61.4675,0.988327,39097,65.85341,0.960971,1,6,14,0,2,0,2,38.45695991907031,56.45734597268032,162.21355252001945,80.54197037289836,0.1136363636363636,0.0666666666666666,0.0,0.3103448275862069
2312,2,0,0,2.294,188,146,222881,316683,-1,51279,Damage,Internal Software,-66242,1058.49,Hardware,-1,B,Unknown,3083054,0.0,0.997119,192763,2.348726,0.792507,1,2,9,3,0,0,2,47.62317230513968,100.44850004559429,115.49779051682847,4.695163609295496,0.2051282051282051,0.1071428571428571,0.2142857142857142,0.0
2313,2,0,0,6.636,125,178,15877,294473,-1,96139,未知,Internal Software,-59918,620.34,Miscellaneous Goods,-1,C,Receiver,6,38.67864,0.996363,812356,5.969146,0.993665,0,2,14,1,0,0,2,70.23909957621414,75.72709977879157,46.97040480882532,2.76828449546964,0.0793650793650793,0.2073170731707317,0.1827956989247312,0.0
2314,2,1,0,53.961,99,178,69083,253301,-1,142767,未知,Internal Software,-60904,302.35,Hardware,-1,C,Consigner,25124,3.212137,0.891903,922157,0.0,0.951079,0,2,9,0,0,0,2,65.94900544613762,75.72709977879157,60.43584954317592,4.117506550120552,0.211864406779661,0.2073170731707317,0.5,2.0
2315,2,0,0,513.446,133,42,65880,149194,-1,95980,Damage,Call,-27209,2260.25,Hardware,-1,Not Known,Consigner,186205,123.638,0.997174,28907,101.3064,0.998219,1,0,9,0,0,0,2,66.60560181682781,47.89018349830656,8.263119637255766,,0.1515151515151515,0.0571428571428571,0.25,
2316,2,0,0,142.973,24,107,183889,300000,-1,427862,Suspected Lost,Vendor Consultation,62876861,964.87,Miscellaneous Goods,-1,B,Receiver,2300800,41.44405,0.930843,23740766,24.57076,0.999343,5,6,14,1,6,0,2,135.3681908873524,103.77469026595364,83.80393880479427,163.30068855149273,0.4615384615384615,0.1846153846153846,0.2442307692307692,0.5474358974358975
2317,2,0,0,30.265,178,178,221961,300250,-1,-8145,Suspected Lost,Mini Program,968522,1006.99,Miscellaneous Goods,0,B,Receiver,48924,57.43386,0.936822,324150,25.54536,0.983879,5,4,14,1,6,0,2,59.71452989301516,75.72709977879157,1.0075193432447418,338.88013653669424,0.1660079051383399,0.2073170731707317,0.0,0.0
2318,2,0,0,832.414,222,1,191817,121238,-1,17971,未知,Call,145886,132.9,Maternity & Baby Products,0,B,Consigner,839660,40.59431,0.99686,351629,8.576222,0.998864,0,0,13,0,3,0,2,44.00935888510234,69.89628878079544,31.08972808888528,0.0,0.173469387755102,0.12,0.45,0.0
2319,2,1,0,0.0,116,217,15258,249642,-1,427718,未知,Call,-71539,415.97,Miscellaneous Goods,0,B,Unknown,489183,0.0,0.934899,1399896,0.921026,0.999958,0,0,14,3,0,0,2,6.019370733152779,100.30985757150113,5.335292367207262,9.665886134706197,0.1111111111111111,0.0769230769230769,0.0,0.0
2320,3,0,0,751.526,190,178,63800,43640,-1,427859,未知,Call,-24858,669.99,Miscellaneous Goods,-1,C,Consigner,462467,36.21373,0.97456,408502,45.64621,0.99552,0,0,14,0,0,0,2,73.48402451815683,75.72709977879157,7.662598805167181,,0.1560693641618497,0.2073170731707317,0.1666666666666666,
2321,2,1,0,451.496,194,0,36621,339875,-1,-85404,Damage,Call,-81971,434.89,Electronic Product,0,C,Consigner,144417,72.90333,0.985695,120856,10.37308,0.988673,1,0,6,0,0,0,2,149.3218894878137,75.01688402479252,0.0,,0.375,0.1507692307692307,0.0,
2322,2,1,1,26.607,197,200,31373,235716,-1,110099,Damage,Vendor Consultation,542379,102.43,Appliances,-1,C,Consigner,668386,24.2102,0.883953,916476,0.0,0.981284,1,6,2,0,5,0,2,69.0135805405548,56.43921018029192,115.1734944524742,13.194976993865032,0.1162790697674418,0.3333333333333333,0.8,0.0
2323,2,0,0,2.053,13,179,227346,300000,-1,427864,未知,Call,359000000,2279.77,Dried Groceries,0,B,Consigner,170000000,0.0,0.999978,2611499,45.73621,0.995223,0,0,5,0,6,0,2,117.72169897217258,49.485349035609424,93.95808297694902,163.30068855149273,0.2748538011695906,0.17578125,0.2585987261146497,0.5474358974358975
2324,2,0,0,211.402,366,4,227346,300000,-1,427800,未知,Internal Software,474000000,784.43,Appliances,0,B,Consigner,8839833,50.78015,0.973336,91771378,89.91053,0.999921,0,2,2,0,6,0,2,100.9598075157956,81.2740685764068,93.95808297694902,163.30068855149273,0.4,0.2439024390243902,0.2585987261146497,0.5474358974358975
2325,2,0,0,237.288,42,211,148748,38165,-1,40810,未知,Call,-12799,814.12,Jewelry,0,B,Receiver,844068,8.425964,0.948423,170276,19.20057,0.98672,0,0,12,1,0,0,2,106.19017586084024,74.44213332427378,12.895938651217667,11.790847454985146,0.145631067961165,0.2777777777777778,0.0,0.3333333333333333
2326,2,0,0,722.592,268,55,38494,183131,-1,427858,未知,Call,443597,1829.74,Electronic Product,0,B,Unknown,119745,108.8743,0.979959,56085,38.8651,0.918916,0,0,6,3,5,0,2,96.84596855953218,119.73828509963953,0.0,0.0,0.1823899371069182,0.1538461538461538,0.0,0.0
2327,2,0,0,2.182,99,3,190904,275442,-1,427861,未知,Internal Software,1740717,583.99,Miscellaneous Goods,-1,C,Consigner,25625,2.147908,0.99196,171587,20.39589,0.962856,0,2,14,0,6,0,2,65.94900544613762,63.81099393925928,0.0,6.346453348435509,0.211864406779661,0.1170212765957446,0.0,2.0
2328,2,0,0,271.641,165,95,141582,182819,-1,427839,Pickup Error,Vendor Consultation,186279,1114.03,Alcohol,0,C,Consigner,72928,4.810063,0.957135,136685,1.028368,0.968207,3,6,0,0,4,0,2,17.28062430122183,31.822002929119517,14.018024298636114,0.0,0.0,0.25,0.0,0.0
2329,2,0,0,0.0,55,1,227346,144700,-1,47411,Suspected Lost,Call,1860101,102.47,Documents & Bills,0,B,Consigner,574745,11.86711,0.723001,560519,7.584726,0.978585,5,0,4,0,6,0,2,35.60364621033194,69.89628878079544,93.95808297694902,,0.1212121212121212,0.12,0.2585987261146497,
2330,4,1,0,57.692,207,60,198779,344232,-1,427838,未知,Call,378648,1126.32,Miscellaneous Goods,-1,C,Consigner,4412,7.638746,0.997105,116397,3.690563,0.993477,0,0,14,0,5,0,2,74.1529936661414,125.42691337259164,61.50996322773379,34.62197064649612,0.4594594594594595,0.375,0.1714285714285714,0.0
2331,2,0,0,96.808,91,157,206847,355048,-1,427862,未知,Internal Software,103302,196.74,Miscellaneous Goods,-1,B,Consigner,551340,12.41864,0.988643,392868,2.401982,0.985594,0,2,14,0,3,0,2,22.138572095820624,166.21433105480688,0.0,117.5583266291231,0.2307692307692307,0.6428571428571429,0.0,0.0
2332,2,0,0,65.775,117,13,18665,349685,-1,144721,未知,Call,604634,234.29,Miscellaneous Goods,-1,B,Consigner,1773750,24.60422,0.927016,539925,12.96061,0.9887,0,0,14,0,5,0,2,57.51283596595224,58.69138621086622,0.0,7.061741102211938,0.1052631578947368,0.0909090909090909,0.0,0.0
2333,2,1,0,63.368,272,88,74210,97774,-1,427824,Pickup Error,Internal Software,-10567,187.88,Miscellaneous Goods,-1,B,Receiver,23003,12.67914,0.999803,319968,100.9136,0.992915,3,2,14,1,0,0,2,7.086745932099015,79.74310528281981,0.0,0.0,0.0,0.2061855670103092,0.0,0.0
2334,2,0,0,263.461,178,344,212074,134356,-1,427862,Damage,Mini Program,25642,301.03,Miscellaneous Goods,0,B,Consigner,364883,5.108385,0.981798,285887,39.22833,0.96008,1,4,14,0,2,0,2,59.71452989301516,39.2423650364136,29.13960702874665,0.0,0.1660079051383399,0.32,0.0,0.0
2335,2,0,0,1.427,98,0,184182,124725,-1,37343,未知,Call,-68948,189.03,Hardware,0,B,Receiver,185954,3.651346,0.729503,852575,1.763594,0.874531,0,0,9,1,0,0,2,53.41855203788262,75.01688402479252,0.0,2.8119592557582025,0.1363636363636363,0.1507692307692307,0.0,0.0
2336,2,1,0,74.863,222,277,227346,317279,-1,427848,Suspected Lost,Call,844498,105.53,Dried Groceries,-1,Staff,Consigner,249248,0.0,0.994151,1451199,0.042002,0.978276,5,0,5,0,6,0,2,44.00935888510234,112.550724583876,93.95808297694902,73.86382724522302,0.173469387755102,0.0769230769230769,0.2585987261146497,0.3333333333333333
2337,3,0,0,1.035,181,110,186313,184822,-1,153788,未知,Call,128104,799.75,Household Goods,0,C,Consigner,11307,18.2768,0.999047,360438,0.53659,0.993066,0,0,11,0,3,0,2,66.98420127730182,63.258594293395895,64.4805657730579,0.0,0.1568627450980392,0.1219512195121951,0.2,0.0
2338,2,0,0,120.406,151,148,223753,300000,-1,426108,Pickup Error,Call,681000000,2777.52,Furniture,0,B,Consigner,53025110,227.0292,0.996306,854000000,61.15508,0.999797,3,0,8,0,6,0,2,55.000321274151965,186.1115673147385,10.44857907571553,163.30068855149273,0.0828402366863905,0.5,0.25,0.5474358974358975
2339,2,1,0,222.165,188,27,177766,103318,-1,10531,未知,Call,385464,106.01,Fresh,0,B,Receiver,417534,62.23026,0.963667,323114,5.770591,0.951476,0,0,7,1,5,1,1,47.62317230513968,64.72765369509243,69.15797044652962,188.37566509386608,0.2051282051282051,0.4545454545454545,0.0,0.0
2340,2,0,0,219.057,6,178,183889,345985,-1,427861,未知,Call,866593,387.22,"Apparel, Footwear & Accessories",0,C,Unknown,540266,0.0,0.985964,213196,0.0,0.937923,0,0,1,3,6,0,2,32.29956245158629,75.72709977879157,83.80393880479427,6.945488925442299,0.0555555555555555,0.2073170731707317,0.2442307692307692,0.5
2341,2,0,0,51.7,178,62,117426,361761,-1,427864,Pickup Error,Internal Software,355128,554.85,Beauty & Daily Essentials,-1,Not Known,Unknown,1003930,0.0,0.977609,410297,9.816105,0.885099,3,2,3,3,5,0,2,59.71452989301516,26.44942264549353,0.0,0.97085427143969,0.1660079051383399,0.1111111111111111,0.0,0.0
2342,2,0,0,345.081,190,278,208985,99825,1,427803,Damage,Internal Software,429948,1137.45,Jewelry,0,B,Consigner,460238,12.31781,0.979192,100150,43.2554,0.983639,1,2,12,0,5,0,2,73.48402451815683,46.0922146974701,,0.0,0.1560693641618497,0.0434782608695652,,0.0
2343,2,1,0,138.262,153,1,183889,384939,-1,427781,未知,Call,34968,244.53,Miscellaneous Goods,0,B,Consigner,82204,64.24818,0.999463,20555,95.1341,0.976575,0,0,14,0,2,0,2,15.382016431597313,69.89628878079544,83.80393880479427,0.0,0.0952380952380952,0.12,0.2442307692307692,0.0
2344,2,0,0,105.935,189,221,42471,300000,-1,427864,未知,Mini Program,540000000,3711.57,Household Goods,0,B,Consigner,68793,31.94216,0.998871,8865574,18.85509,0.960149,0,4,11,0,6,0,2,195.03697485801985,124.92080405843552,98.59350431373682,163.30068855149273,0.2619047619047619,0.3333333333333333,0.55,0.5474358974358975
2345,2,0,0,117.089,12,3,9467,404879,-1,427850,未知,Call,436317,641.23,Miscellaneous Goods,0,C,Staff,1918236,1.058799,0.995775,1208129,0.0,0.959599,0,0,14,2,5,0,2,59.94601001535578,63.81099393925928,5.767048977702099,0.0,0.2666666666666666,0.1170212765957446,0.0,0.0
2346,2,0,0,752.896,117,271,15441,300000,-1,401548,未知,Call,866000000,813.84,Appliances,-1,C,Receiver,1498979,62.79532,0.98235,670003,79.83867,0.992022,0,0,2,1,6,0,2,57.51283596595224,24.09621176644301,18.778108340157527,163.30068855149273,0.1052631578947368,0.3448275862068966,0.7777777777777778,0.5474358974358975
2347,2,0,0,84.579,179,178,20457,371663,-1,-22201,Suspected Lost,Internal Software,1197811,1122.25,Hardware,-1,Not Known,Consigner,826959,12.94855,0.993402,460380,16.84534,0.968986,5,2,9,0,6,0,2,56.8349237193444,75.72709977879157,57.51843087476304,3.268016289913238,0.1497584541062802,0.2073170731707317,0.1,1.0
2348,2,0,0,759.228,3,56,176744,157316,1,427698,Suspected Lost,Call,-12038,155.54,Miscellaneous Goods,0,B,Consigner,383788,53.85212,0.987448,209978,81.03854,0.99988,5,0,14,0,0,0,2,41.966021036266106,9.118982064482928,14.744601631518284,32.426810564347754,0.1538461538461538,0.4444444444444444,0.6666666666666666,0.3333333333333333
2349,2,0,0,9.165,138,158,209153,145099,-1,427863,Damage,Call,12592,195.17,Fresh,-1,C,Consigner,93299,73.54242,0.987092,260082,134.1653,0.990752,1,0,7,0,2,1,1,10.095874078120213,63.91833902730377,902.9,14.055315719396331,0.0909090909090909,0.1666666666666666,0.0,0.3333333333333333
2350,2,0,0,99.596,0,63,178621,300000,-1,-124899,Damage,Call,4780692,1630.07,Miscellaneous Goods,0,C,Consigner,12359486,9.028668,0.951044,780000000,6.833574,0.876604,1,0,14,0,6,0,2,57.22795965470159,52.20261068322199,280.63216304947264,163.30068855149273,0.1678082191780822,0.2941176470588235,0.391304347826087,0.5474358974358975
2351,2,0,0,19.524,190,178,117426,200781,1,427861,Damage,Call,499553,369.21,Jewelry,0,B,Consigner,112672,8.176192,0.905721,1200914,38.49208,0.932006,1,0,12,0,5,0,2,73.48402451815683,75.72709977879157,0.0,0.0,0.1560693641618497,0.2073170731707317,0.0,0.0
2352,2,0,0,347.292,15,0,203819,238008,-1,427858,未知,Internal Software,1148490,2015.79,Appliances,1,B,Consigner,343004,66.25242,0.9768,242652,53.31336,0.896284,0,2,2,0,6,0,2,80.35899212714475,75.01688402479252,239.60543337645535,46.61726741343236,0.0909090909090909,0.1507692307692307,0.0,0.0
2353,2,1,0,18.444,21,110,15877,308265,-1,427852,未知,Internal Software,64167,101.59,Miscellaneous Goods,-1,B,Consigner,926288,0.0,0.949292,1041937,0.0,0.966659,0,2,14,0,2,0,2,80.0702493595862,63.258594293395895,46.97040480882532,0.9019554081280649,0.0,0.1219512195121951,0.1827956989247312,0.0
2354,2,1,0,66.054,4,143,75335,386202,-1,24131,未知,Mini Program,-25981,888.06,"Apparel, Footwear & Accessories",-1,C,Consigner,412914,13.10617,0.992073,14298,64.66521,0.964619,0,4,1,0,0,0,2,60.02737754693536,101.9632107476282,111.84846457359768,0.0,0.1592356687898089,0.2075471698113207,0.0,0.0
2355,2,0,0,420.1,222,63,118626,232954,-1,427860,未知,Internal Software,151297,1816.59,Miscellaneous Goods,0,C,Consigner,221349,8.661292,0.999762,250621,22.64773,0.980832,0,2,14,0,3,0,2,44.00935888510234,52.20261068322199,6.022872632027776,0.0,0.173469387755102,0.2941176470588235,0.0,0.0
2356,2,0,0,1.224,118,93,76454,92745,-1,427863,未知,Call,106469,173.48,Appliances,0,C,Unknown,31822,27.32672,0.987544,734529,8.105988,0.973196,0,0,2,3,3,0,2,53.14439242584009,41.18230514125912,0.0,26.78432715743379,0.0,0.0357142857142857,0.0,0.0
2357,2,0,0,671.467,146,88,23605,202976,-1,-130176,Damage,Mini Program,760374,100.13,Pharmaceuticals,-1,Staff,Consigner,4104,54.11974,0.920544,15436,87.60564,0.995496,1,4,15,0,6,0,2,75.50373567911244,79.74310528281981,32.26880053668856,0.0,0.3,0.2061855670103092,0.375,0.0
2358,2,0,0,0.0,149,140,218116,207548,-1,427817,未知,Call,612623,103.1,Dried Groceries,-1,B,Consigner,825290,5.974658,0.992631,670342,1.719048,0.99887,0,0,5,0,6,0,2,66.28256948413345,32.04443699722811,0.0,4.039526147866586,0.25,0.1515151515151515,0.0,0.0
2359,2,1,0,23.47,25,188,227346,63076,-1,72889,Damage,Mini Program,-74916,763.98,Jewelry,0,C,Unknown,442933,8.461252,0.999144,412478,30.48991,0.993327,1,4,12,3,0,0,2,88.8237010925776,81.19796947313277,93.95808297694902,174.72633551866966,0.1843137254901961,0.1052631578947368,0.2585987261146497,0.0
2360,1,0,0,130.735,147,179,84960,403469,-1,427676,未知,Call,-79560,105.65,"Apparel, Footwear & Accessories",-1,Staff,Consigner,104585,5.984383,0.975181,794060,0.0,0.919066,0,0,1,0,0,0,2,45.57215363038746,49.485349035609424,1.5175650666866578,0.0,0.2,0.17578125,1.0,0.0
2361,5,1,0,29.682,25,217,177073,296429,-1,427852,未知,Internal Software,-58644,1177.37,Appliances,-1,C,Consigner,35523,0.0,0.970223,442776,7.020442,0.95255,0,2,2,0,0,0,2,88.8237010925776,100.30985757150113,149.02897540036136,0.0,0.1843137254901961,0.0769230769230769,0.0,0.0
2362,2,1,0,0.0,179,187,100789,425638,-1,427849,Pickup Error,Call,363484,107.19,"Apparel, Footwear & Accessories",0,B,Receiver,9454,22.46878,0.971938,1709533,0.0,0.861868,3,0,1,1,5,0,2,56.8349237193444,71.38613126413931,0.0,0.0,0.1497584541062802,0.1777777777777777,0.0,0.0
2363,2,0,0,57.007,188,122,215974,68688,1,427857,未知,Call,936309,493.83,Dried Groceries,0,C,Consigner,332472,32.79956,0.995764,26670,61.07489,0.86957,0,0,5,0,6,0,2,47.62317230513968,202.9059672850224,81.4699013359998,5.020909222596568,0.2051282051282051,0.0,0.4375,0.0
2364,2,1,0,574.936,178,195,131669,52222,-1,427806,未知,Call,-42845,432.6,Miscellaneous Goods,0,C,Consigner,604752,1.639231,0.959393,197903,34.57882,0.969207,0,0,14,0,0,0,2,59.71452989301516,0.0,115.96843865578931,0.0,0.1660079051383399,0.0,0.0,0.0
2365,2,0,1,16.88,128,6,224691,146521,-1,131674,Pickup Error,Call,-11699,788.93,Hardware,0,C,Receiver,103885,10.49827,0.990016,72904,0.699499,0.978244,3,0,9,1,0,0,2,109.49184404232932,77.94187064631588,0.0,0.0,0.3043478260869565,0.1875,0.0,0.0
2366,5,0,0,20.349,140,1,210232,186764,-1,-15903,Damage,Internal Software,-49457,278.54,Hardware,0,C,Consigner,75151,0.0,0.997964,760292,6.955182,0.970799,1,2,9,0,0,0,2,162.4044975941189,69.89628878079544,139.9140213055044,0.0,0.2,0.12,0.1481481481481481,0.0
2367,2,0,0,199.047,1,11,158597,23942,-1,427836,Suspected Lost,Call,881541,292.35,Dried Groceries,0,C,Unknown,201686,27.61052,0.993838,393341,7.253853,0.947643,5,0,5,3,6,0,2,69.06443164317325,31.253102632101324,3.3292574817350897,0.0,0.1802721088435374,0.0476190476190476,0.0,0.0
2368,2,0,0,248.154,140,132,227346,68688,-1,-172346,未知,Internal Software,1238258,118.68,Alcohol,0,B,Consigner,1575,13.93844,0.986419,632381,14.53511,0.904214,0,2,0,0,6,0,2,162.4044975941189,56.88193748364041,93.95808297694902,5.020909222596568,0.2,0.1636363636363636,0.2585987261146497,0.0
2369,2,1,1,65.041,99,6,227346,350130,-1,427787,Damage,Call,305930,132.18,Miscellaneous Goods,-1,B,Receiver,157698,19.2051,0.988253,208136,69.86401,0.938111,1,0,14,1,5,0,2,65.94900544613762,77.94187064631588,93.95808297694902,0.0,0.211864406779661,0.1875,0.2585987261146497,0.0
2370,2,1,0,164.659,196,107,227346,300000,-1,-188762,未知,Call,242000000,3785.65,Miscellaneous Goods,-1,C,Receiver,27086950,34.36229,0.997735,416000000,68.00129,0.898299,0,0,14,1,6,0,2,25.80494767740001,103.77469026595364,93.95808297694902,163.30068855149273,0.2666666666666666,0.1846153846153846,0.2585987261146497,0.5474358974358975
2371,2,0,0,70.8,89,137,160252,135144,-1,427819,未知,Call,-4111,142.93,Miscellaneous Goods,-1,Not Known,Consigner,54119,20.86911,0.988603,542821,5.37219,0.970949,0,0,14,0,0,0,2,56.62852339692903,40.54514853954838,5.4657598062051616,0.3137713173324629,0.1,0.1012658227848101,0.0,0.0
2372,2,0,0,304.912,243,186,154994,66212,-1,-30804,Damage,Internal Software,299551,1472.82,Dried Groceries,-1,C,Consigner,15059,172.7237,0.998345,137336,76.82193,0.986165,1,2,5,0,5,0,2,104.36248190748378,126.0016059546157,,,0.1923076923076923,0.125,,
2373,2,0,0,75.62,99,0,209616,64519,1,-45569,Damage,Call,1566380,1748.62,Hardware,-1,B,Consigner,227714,30.09134,0.994339,59693,69.3482,0.975206,1,0,9,0,6,0,2,65.94900544613762,75.01688402479252,0.0,0.0,0.211864406779661,0.1507692307692307,0.0,0.0
2374,2,1,0,10.431,102,12,211449,300000,-1,427864,未知,Call,325000000,938.78,Fresh,-1,C,Consigner,1960546,0.864377,0.994011,42978501,10.46978,0.940486,0,0,7,0,6,1,1,84.99396693620673,78.44682581792124,77.2949522714683,163.30068855149273,0.1518987341772152,0.2340425531914893,0.5384615384615384,0.5474358974358975
2375,3,1,0,265.625,247,137,143044,393734,-1,427860,未知,Complaint,-53484,361.3,Household Goods,-1,B,Receiver,3563,20.67143,0.983168,260480,0.073479,0.97893,0,1,11,1,0,0,2,32.91556462230818,40.54514853954838,45.16510751774207,16.06859856284498,0.0526315789473684,0.1012658227848101,0.1111111111111111,0.0
2376,2,0,0,38.746,186,107,189531,128007,-1,427860,Pickup Error,Call,1409034,220.8,Pharmaceuticals,-1,B,Consigner,1410532,35.97426,0.99547,843828,0.978935,0.988262,3,0,15,0,6,0,2,26.671001699995884,103.77469026595364,33.25785669120185,0.0,0.0,0.1846153846153846,0.0,0.0
2377,2,0,0,700.106,100,100,20262,19147,-1,427848,未知,Call,1114456,133.17,Miscellaneous Goods,-1,Not Known,Receiver,558005,56.36609,0.986075,374936,8.69246,0.95643,0,0,14,1,6,0,2,57.27817095022288,111.92654089931048,2.541776585024819,6.870313401268987,0.1162790697674418,0.1985815602836879,0.0,0.0
2378,2,0,0,252.965,178,133,199553,201375,-1,427808,未知,Call,171331,360.78,Appliances,0,C,Receiver,125417,55.28495,0.994939,488993,6.161587,0.964332,0,0,2,1,3,0,2,59.71452989301516,67.74347839244929,0.0,3.4553071484630262,0.1660079051383399,0.1929824561403508,0.0,0.0
2379,2,0,0,175.288,247,227,8651,114052,-1,427788,未知,Vendor Consultation,615930,1086.83,Miscellaneous Goods,0,C,Receiver,236530,23.03064,0.972039,46771,49.21705,0.892904,0,6,14,1,6,0,2,32.91556462230818,20.902623722887064,0.4928397041139817,0.9387491559340916,0.0526315789473684,0.1764705882352941,0.0,0.0
2380,2,0,0,0.518,13,3,21579,429934,-1,427864,Suspected Lost,Call,142394,108.83,Household Goods,-1,B,Consigner,19493,22.36524,0.949672,304124,77.70844,0.999965,5,0,11,0,3,0,2,117.72169897217258,63.81099393925928,0.0,6.606943346867591,0.2748538011695906,0.1170212765957446,0.0,0.0
2381,2,0,0,16.81,100,156,139019,74282,-1,427761,Damage,Internal Software,-59576,308.07,Maternity & Baby Products,0,C,Unknown,244140,1.583529,0.949702,927749,0.0,0.94478,1,2,13,3,0,0,2,57.27817095022288,13.292117589246272,40.71123755334281,4.152102862581706,0.1162790697674418,0.0,0.0,0.0
2382,2,0,0,105.816,178,164,15877,378799,-1,427758,未知,Internal Software,-76193,494.78,"Apparel, Footwear & Accessories",0,C,Consigner,68929,11.45311,0.907871,1589801,7.6749,0.981505,0,2,1,0,0,0,2,59.71452989301516,49.08316346381199,46.97040480882532,6.923895841666621,0.1660079051383399,0.1458333333333333,0.1827956989247312,1.0
2383,2,1,0,8.541,189,146,213016,23155,-1,-18092,未知,Internal Software,191219,342.14,Hardware,1,B,Consigner,35666,13.14197,0.989891,982122,0.230461,0.982364,0,2,9,0,4,0,2,195.03697485801985,100.44850004559429,0.0,0.0,0.2619047619047619,0.1071428571428571,0.0,0.0
2384,2,0,0,646.907,282,189,81802,364185,-1,90201,未知,Internal Software,1121807,1190.21,Household Goods,-1,B,Consigner,477391,17.78133,0.957406,371395,18.57627,0.938067,0,2,11,0,6,0,2,0.0,58.29261195317029,,2.372238984850556,0.0,0.1521739130434782,,0.0
2385,2,0,0,1.126,137,178,183889,114052,-1,161854,未知,Internal Software,675140,1174.74,Hardware,-1,C,Consigner,108070,6.583582,0.945773,1146056,0.0,0.987727,0,2,9,0,6,0,2,58.18470170477054,75.72709977879157,83.80393880479427,0.9387491559340916,0.1707317073170731,0.2073170731707317,0.2442307692307692,0.0
2386,2,0,0,0.399,13,178,220883,28152,-1,-90848,未知,,22111,173.41,Alcohol,0,B,Consigner,9641,5.571285,0.776268,740522,7.841933,0.941891,0,5,0,0,2,0,2,117.72169897217258,75.72709977879157,135.84925416861563,,0.2748538011695906,0.2073170731707317,0.1,
2387,2,0,0,10.389,211,63,207043,127398,1,-30418,未知,Vendor Consultation,135700,136.4,Appliances,-1,Not Known,Consigner,389738,0.0,0.997406,951969,2.022764,0.981541,0,6,2,0,3,0,2,95.356323113403,52.20261068322199,99.58929731561086,0.5143633672120644,0.1041666666666666,0.2941176470588235,0.0,0.0
2388,2,0,0,0.586,14,180,15441,344232,-1,-75318,Pickup Error,Call,701907,284.23,Dried Groceries,0,B,Consigner,934746,15.64417,0.984158,98253,14.35563,0.983534,3,0,5,0,6,0,2,46.7451960537384,113.61191858430128,18.778108340157527,34.62197064649612,0.0555555555555555,0.0,0.7777777777777778,0.0
2389,5,0,0,55.066,178,107,121192,412950,1,427828,未知,Internal Software,55526,124.86,Miscellaneous Goods,0,B,Receiver,698816,50.14038,0.991554,801926,10.31384,0.994752,0,2,14,1,2,0,2,59.71452989301516,103.77469026595364,51.36864499236308,,0.1660079051383399,0.1846153846153846,0.0,
2390,2,0,0,76.275,82,6,183889,218322,-1,427860,未知,Call,-14048,445.75,Miscellaneous Goods,0,B,Consigner,1401821,12.05455,0.963973,1441547,3.873445,0.988006,0,0,14,0,0,0,2,17.278540115103553,77.94187064631588,83.80393880479427,59.81249233012735,0.3333333333333333,0.1875,0.2442307692307692,0.3333333333333333
2391,2,0,0,80.456,96,137,219230,321024,-1,427856,未知,Call,403221,683.66,Household Goods,0,B,Consigner,495262,43.71551,0.985939,20841,24.64094,0.974506,0,0,11,0,5,0,2,94.34474150468614,40.54514853954838,35.6507831977045,,0.1764705882352941,0.1012658227848101,0.0,
2392,2,1,0,0.0,4,243,216712,125346,-1,-17131,未知,Vendor Consultation,-71403,181.51,Furniture,0,C,Consigner,224150,2.986923,0.972432,594512,6.519653,0.926582,0,6,8,0,0,0,2,60.02737754693536,61.478185686911466,0.6220246754613494,,0.1592356687898089,0.0625,0.0,
2393,2,0,0,371.835,253,178,199487,63015,-1,-116843,Suspected Lost,Call,267186,852.02,Hardware,-1,B,Consigner,84498,25.96615,0.982387,1107809,3.310534,0.934076,5,0,9,0,5,0,2,63.03159537877947,75.72709977879157,46.449960598896766,0.0,0.1228070175438596,0.2073170731707317,0.0,0.0
2394,2,0,0,24.212,235,268,9467,382326,-1,427863,未知,Call,1224493,105.36,Miscellaneous Goods,0,B,Receiver,1956375,2.014074,0.995472,857894,0.73056,0.951537,0,0,14,1,6,0,2,47.19797237469512,130.15540902762945,5.767048977702099,573.8,0.1538461538461538,0.2727272727272727,0.0,0.0
2395,5,0,0,539.997,99,151,224819,231699,-1,82482,Damage,Vendor Consultation,-55351,1184.36,Documents & Bills,0,B,Unknown,258490,28.81401,0.794874,198197,11.65777,0.973907,1,6,4,3,0,0,2,65.94900544613762,62.91307713975876,0.0,,0.211864406779661,0.1176470588235294,0.0,
2396,2,0,0,360.629,268,134,224841,101263,-1,-59455,未知,Call,506951,1071.83,Hardware,1,B,Unknown,53700,3.705197,0.922058,21966,56.41838,0.990068,0,0,9,3,5,0,2,96.84596855953218,46.10167247042128,169.77832896859522,48.76958002270148,0.1823899371069182,0.0869565217391304,0.4545454545454545,0.0
2397,2,1,0,6.286,321,1,170221,438203,-1,427787,未知,Mini Program,-68890,173.16,Dried Groceries,-1,C,Receiver,928750,0.0,0.985861,595929,0.361251,0.967069,0,4,5,1,0,0,2,30.172814529434604,69.89628878079544,42.816873246771024,1.6830251892294328,0.2941176470588235,0.12,0.0,1.0
2398,2,0,0,852.882,151,133,227346,340123,-1,427850,Damage,Call,369578,964.72,Miscellaneous Goods,0,Not Known,Consigner,304,24.26985,0.999008,46804,8.89523,0.999253,1,0,14,0,5,0,2,55.000321274151965,67.74347839244929,93.95808297694902,0.0,0.0828402366863905,0.1929824561403508,0.2585987261146497,0.0
2399,2,0,0,0.0,144,190,65103,166865,-1,-42322,Damage,Call,451704,124.52,Hardware,0,B,Unknown,1705826,10.41317,0.950803,863650,0.110195,0.982397,1,0,9,3,5,0,2,117.82362942315469,47.29286625931772,8.592378981639552,0.0,0.1333333333333333,0.1052631578947368,0.0,0.0
2400,2,0,0,394.857,181,143,143383,417382,-1,427858,未知,Call,-56628,399.59,Miscellaneous Goods,-1,Not Known,Consigner,558406,56.3927,0.982741,50105,48.2111,0.988176,0,0,14,0,0,0,2,66.98420127730182,101.9632107476282,0.0,1.5764549031092137,0.1568627450980392,0.2075471698113207,0.0,1.0
2401,2,0,0,123.942,5,277,42471,356984,-1,427836,未知,Complaint,-32053,618.44,Home Improvement and Building Material,-1,B,Consigner,112670,5.787221,0.947431,78685,31.54769,0.994931,0,1,10,0,0,0,2,64.35039757274271,112.550724583876,98.59350431373682,0.5363885982569163,0.0975609756097561,0.0769230769230769,0.55,0.0
2402,2,0,0,164.116,38,163,152054,162697,-1,91132,Damage,Call,1023893,434.81,Dried Groceries,0,B,Consigner,138857,6.706598,0.999632,174253,14.37474,0.988062,1,0,5,0,6,0,2,83.3897689719621,22.30901495641586,32.83139632811184,171.97916666666669,0.3442622950819672,0.0833333333333333,0.0,0.0
2403,2,0,0,906.442,190,3,204607,122827,1,427864,Damage,Vendor Consultation,528385,1109.96,Pharmaceuticals,-1,B,Consigner,87245,124.7105,0.992018,200635,162.0065,0.855984,1,6,15,0,5,0,2,73.48402451815683,63.81099393925928,3.74905000759994,168.92448698191257,0.1560693641618497,0.1170212765957446,0.0,0.0
2404,2,0,0,160.924,11,14,14084,335841,-1,204907,Damage,Call,321822,576.23,Miscellaneous Goods,0,B,Consigner,6358,7.474561,0.987791,374432,41.74027,0.988634,1,0,14,0,5,0,2,46.140341664130425,62.29691250575112,69.64123028029817,5.378566296741289,0.1724137931034483,0.125,0.1481481481481481,0.0
2405,2,0,1,16.72,51,187,138093,358539,-1,128755,未知,Mini Program,364380,161.64,Maternity & Baby Products,1,C,Unknown,135910,0.0,0.938704,697714,4.078432,0.927401,0,4,13,3,5,0,2,38.46967922880337,71.38613126413931,2.106021431171152,21.030773433270426,0.0,0.1777777777777777,0.0,0.0
2406,5,0,0,132.032,110,194,227346,266369,-1,427856,未知,Call,463515,129.66,Miscellaneous Goods,0,B,Consigner,1271459,18.26153,0.948156,207228,27.59528,0.998661,0,0,14,0,5,0,2,110.78491220508148,91.59167001694736,93.95808297694902,0.9579810189163964,0.2539682539682539,0.1785714285714285,0.2585987261146497,0.0
2407,2,0,0,194.774,2,102,220667,235958,-1,-27848,Pickup Error,Call,36642,337.95,Hardware,-1,B,Consigner,238262,4.969981,0.966306,165330,5.799163,0.970575,3,0,9,0,2,0,2,56.04468495785089,127.44248338763862,153.69438212498358,0.0,0.0935960591133004,0.1789473684210526,0.0,0.0
2408,2,0,0,441.279,190,2,53753,289926,1,427735,Damage,Mini Program,444918,1450.87,Dried Groceries,-1,B,Consigner,10815,92.18348,0.963235,27393,74.3011,0.991262,1,4,5,0,5,0,2,73.48402451815683,93.3192184944359,4.41060077067803,2.7634759333069523,0.1560693641618497,0.1111111111111111,0.0,0.0
2409,2,0,0,133.386,87,155,183889,79712,-1,427769,Pickup Error,Call,329499,980.24,Jewelry,0,B,Consigner,34534,7.458164,0.96236,24143,108.4056,0.986618,3,0,12,0,5,0,2,72.62680403769173,89.85481766821702,83.80393880479427,0.0,0.2666666666666666,0.1818181818181818,0.2442307692307692,0.0
2410,2,0,0,14.628,151,151,15581,410891,-1,239145,Pickup Error,Call,296838,1773.11,Dried Groceries,1,B,Receiver,147545,24.39404,0.970886,755153,0.0,0.974183,3,0,5,1,5,0,2,55.000321274151965,62.91307713975876,23.23071498762881,0.0,0.0828402366863905,0.1176470588235294,0.0,0.0
2411,2,0,0,1865.031,4,161,217689,412320,-1,427842,未知,Call,73676,301.79,Electronic Product,-1,C,Consigner,44720,79.2808,0.994208,39399,35.32475,0.997704,0,0,6,0,2,0,2,60.02737754693536,28.782972978997275,0.4251685480752469,3.8601421657710975,0.1592356687898089,0.5555555555555556,0.0,0.0
2412,2,0,0,0.0,162,184,177032,291002,-1,427864,Suspected Lost,Call,117812,113.51,Furniture,0,C,Receiver,1646044,0.0,0.981062,1291979,0.06001,0.991525,5,0,8,1,3,0,2,85.80271992814488,190.59538025568105,9.772461345350772,,0.2352941176470588,0.25,0.0,
2413,2,0,0,0.0,27,178,52414,183685,-1,427854,未知,Call,-49792,676.58,Home Improvement and Building Material,0,B,Receiver,334006,3.731647,0.974169,2181234,0.0,0.976722,0,0,10,1,0,0,2,94.032370683866,75.72709977879157,22.110208302555773,13.704681526365146,0.0983606557377049,0.2073170731707317,0.0,0.0
2414,2,0,0,228.667,190,0,141582,343802,-1,427861,未知,Vendor Consultation,-34722,2037.29,Miscellaneous Goods,-1,Not Known,Consigner,29774,68.16232,0.995967,577,95.31481,0.944821,0,6,14,0,0,0,2,73.48402451815683,75.01688402479252,14.018024298636114,16.967290107109086,0.1560693641618497,0.1507692307692307,0.0,0.0
2415,2,0,0,34.515,8,42,189265,93002,-1,427861,未知,Call,146119,324.24,Miscellaneous Goods,0,C,Receiver,848700,14.27662,0.998145,503427,17.10078,0.972203,0,0,14,1,3,0,2,53.4968995680882,47.89018349830656,0.0,199.18383015971835,0.12,0.0571428571428571,0.0,0.0
2416,2,0,0,57.504,14,140,110992,174491,1,427759,Suspected Lost,Mini Program,973207,294.25,Jewelry,0,C,Receiver,850706,0.0,0.947201,241989,2.656454,0.987583,5,4,12,1,6,0,2,46.7451960537384,32.04443699722811,0.0,4.419186131310815,0.0555555555555555,0.1515151515151515,0.0,0.0
2417,2,0,0,688.954,2,29,42471,81531,-1,55767,未知,Internal Software,-75695,732.72,Dried Groceries,-1,Not Known,Consigner,1824507,26.03546,0.996779,572331,18.03909,0.996353,0,2,5,0,0,0,2,56.04468495785089,30.86500720980986,98.59350431373682,,0.0935960591133004,0.0,0.55,
2418,5,0,0,183.106,178,168,186515,170389,-1,427815,Damage,Internal Software,99934,1105.84,Miscellaneous Goods,-1,C,Consigner,732412,36.95997,0.954724,187460,18.91788,0.95221,1,2,14,0,3,0,2,59.71452989301516,122.833580311983,1.1813227676329137,1.7249309519454428,0.1660079051383399,0.2608695652173913,0.0,0.0
2419,2,0,0,164.875,13,167,197503,27854,-1,31048,Pickup Error,Call,459513,1394.26,Furniture,-1,B,Consigner,586560,22.54305,0.981301,332051,0.0,0.994217,3,0,8,0,5,0,2,117.72169897217258,3.3792690177535314,0.0,8.165737242909398,0.2748538011695906,0.0,0.0,0.0
2420,2,1,0,17.286,151,151,109704,435885,-1,427761,未知,Call,-82001,100.85,Miscellaneous Goods,0,C,Consigner,2017219,14.87095,0.977709,1252126,3.800341,0.99306,0,0,14,0,0,0,2,55.000321274151965,62.91307713975876,6.969988200814525,5.058927550350495,0.0828402366863905,0.1176470588235294,1.0,1.0
2421,2,0,0,3.507,132,268,205619,322399,-1,-76237,未知,Call,129202,268.54,Hardware,0,B,Consigner,968459,91.12028,0.983343,322471,46.64123,0.954167,0,0,9,0,3,0,2,52.70819341651338,130.15540902762945,,261.33,0.2071428571428571,0.2727272727272727,,0.0
2422,2,0,0,0.453,3,1,84982,127790,-1,427856,Pickup Error,Internal Software,225146,131.1,Pharmaceuticals,0,B,Unknown,303495,79.74727,0.999062,88406,13.70864,0.915565,3,2,15,3,4,0,2,41.966021036266106,69.89628878079544,0.5851472796352534,14.040496299281257,0.1538461538461538,0.12,0.0,0.0
2423,2,1,0,3.901,178,243,227346,408592,-1,427823,Damage,Call,85304,857.89,Electronic Product,-1,B,Consigner,74627,9.357193,0.960802,467726,30.72132,0.91459,1,0,6,0,2,0,2,59.71452989301516,61.478185686911466,93.95808297694902,0.0,0.1660079051383399,0.0625,0.2585987261146497,0.0
2424,2,0,0,355.182,100,127,3081,106814,1,-103204,Damage,Vendor Consultation,-81827,107.31,Dried Groceries,0,C,Consigner,302524,242.5551,0.999789,118525,27.77298,0.964695,1,6,5,0,0,0,2,57.27817095022288,63.45537171576693,,,0.1162790697674418,0.2325581395348837,,
2425,2,0,0,233.473,142,27,209602,45497,-1,427824,Damage,Call,1533002,409.88,Documents & Bills,-1,B,Receiver,621844,108.8284,0.998054,147687,20.14806,0.98262,1,0,4,1,6,0,2,91.575345523678,64.72765369509243,92.7919306651536,308.4246857772878,0.1756756756756756,0.4545454545454545,0.5909090909090909,0.5
2426,2,1,0,5.286,178,3,188047,183830,-1,101262,未知,Internal Software,-9150,101.48,Miscellaneous Goods,-1,C,Unknown,1186510,3.636279,0.992139,831004,3.967031,0.954565,0,2,14,3,0,0,2,59.71452989301516,63.81099393925928,0.0,14.373209559805924,0.1660079051383399,0.1170212765957446,0.0,0.0
2427,3,0,0,36.737,63,43,192198,434964,-1,427530,Damage,Call,229635,1369.44,Miscellaneous Goods,-1,Not Known,Receiver,55796,2.063626,0.98221,232031,12.74018,0.946671,1,0,14,1,4,0,2,87.51932180035882,47.014223570793376,123.41317555003356,37.680306438380285,0.2022471910112359,0.1428571428571428,0.5,0.0
2428,2,0,1,31.376,37,205,227346,337249,-1,427816,Damage,Call,612226,2223.83,Miscellaneous Goods,1,C,Consigner,348806,1.20139,0.971414,649924,0.0,0.992777,1,0,14,0,6,0,2,50.88561657397553,0.0,93.95808297694902,2.808305527399591,0.0434782608695652,0.0,0.2585987261146497,0.0
2429,5,0,0,63.123,185,63,223752,300000,-1,427864,Damage,Call,881000000,1094.86,Miscellaneous Goods,0,C,Unknown,73107309,140.2644,0.998649,801911,0.0,0.996321,1,0,14,3,6,0,2,64.67006111935692,52.20261068322199,247.3830924887306,163.30068855149273,0.1851851851851851,0.2941176470588235,0.3902439024390244,0.5474358974358975
2430,2,0,0,26.955,137,1,170404,56458,-1,117644,未知,Call,262188,387.02,Hardware,1,B,Unknown,747556,7.515139,0.929548,362015,4.673374,0.973607,0,0,9,3,5,0,2,58.18470170477054,69.89628878079544,0.0,41.03118016388209,0.1707317073170731,0.12,0.0,0.0
2431,2,0,0,0.552,127,268,102371,3296,-1,-93399,未知,Call,-41555,2368.76,Jewelry,0,C,Unknown,219613,70.48389,0.987323,772169,0.995112,0.983936,0,0,12,3,0,0,2,59.84735359218162,130.15540902762945,,0.0,0.1397849462365591,0.2727272727272727,,0.0
2432,2,0,0,77.147,13,102,178621,300000,-1,202754,Pickup Error,Call,897000000,988.08,Miscellaneous Goods,-1,B,Staff,1515,41.00401,0.98255,13390237,28.79266,0.993297,3,0,14,2,6,0,2,117.72169897217258,127.44248338763862,280.63216304947264,163.30068855149273,0.2748538011695906,0.1789473684210526,0.391304347826087,0.5474358974358975
2433,2,0,0,3.117,23,38,203108,254375,-1,427604,Damage,Call,189977,126.77,Alcohol,0,C,Consigner,694146,1.855268,0.93836,96254,1.010904,0.999318,1,0,0,0,4,0,2,14.046737522929604,37.71779182770192,,2.983168670881964,0.0,0.125,,0.0
2434,2,1,0,113.823,186,190,139664,27898,-1,427613,未知,Internal Software,785062,118.34,Miscellaneous Goods,0,B,Consigner,126092,6.840383,0.987271,678786,1.178117,0.970285,0,2,14,0,6,0,2,26.671001699995884,47.29286625931772,,8.299602418380207,0.0,0.1052631578947368,,0.0
2435,2,0,0,10.529,187,31,107093,212899,-1,427690,Damage,Call,128156,150.18,Pharmaceuticals,-1,Not Known,Receiver,770298,34.25033,0.999468,710899,12.88233,0.984616,1,0,15,1,3,0,2,50.57901513935886,64.94709665704212,25.072135978157444,80.54197037289836,0.1261261261261261,0.1379310344827586,0.0,0.3103448275862069
2436,2,0,0,244.507,100,187,179706,200781,-1,427800,未知,Call,265982,540.51,Miscellaneous Goods,1,B,Unknown,28236,67.25938,0.983524,146615,8.401274,0.993843,0,0,14,3,5,0,2,57.27817095022288,71.38613126413931,1.95890770993546,0.0,0.1162790697674418,0.1777777777777777,0.2,0.0
2437,2,0,0,0.0,100,238,193650,12322,-1,427863,未知,Call,86687,175.16,Pharmaceuticals,0,C,Receiver,825,44.4114,0.993661,705430,2.301159,0.827757,0,0,15,1,3,0,2,57.27817095022288,84.51278515195959,48.10227495989376,0.0,0.1162790697674418,0.2,0.25,0.0
2438,5,1,0,40.987,278,264,165929,4853,-1,119450,未知,Vendor Consultation,-36719,100.0,Alcohol,-1,C,Consigner,366222,18.10827,0.983589,125109,15.54982,0.991248,0,6,0,0,0,0,2,86.14768587401899,247.92772249804216,186.07383643195453,0.0,0.2307692307692307,0.0,0.0,0.0
2439,2,1,0,0.0,252,0,129800,186622,-1,427861,Suspected Lost,Call,619346,278.35,Miscellaneous Goods,0,C,Unknown,1585672,0.660126,0.991753,2235531,0.0,0.901318,5,0,14,3,6,0,2,76.44545977535991,75.01688402479252,1.7303130618612097,24.116755117513268,0.2105263157894736,0.1507692307692307,0.0,0.0
2440,2,0,0,5.346,196,120,15877,75327,-1,56327,Pickup Error,Call,125379,120.43,Household Goods,-1,B,Unknown,337320,61.94467,0.991988,192077,6.760286,0.999901,3,0,11,3,3,0,2,25.80494767740001,58.82366816997872,46.97040480882532,0.0,0.2666666666666666,0.2352941176470588,0.1827956989247312,0.0
2441,2,0,0,69.507,190,27,193375,90928,-1,427861,Damage,Call,558868,104.28,Jewelry,-1,C,Receiver,360653,0.0,0.894071,74161,0.902541,0.990019,1,0,12,1,5,0,2,73.48402451815683,64.72765369509243,221.39184031958067,2.1783044813230457,0.1560693641618497,0.4545454545454545,0.4545454545454545,0.0
2442,2,0,0,360.934,0,146,35199,267322,-1,427861,Damage,Call,62744,1834.01,Miscellaneous Goods,-1,B,Consigner,461926,110.7482,0.929014,30075,37.11516,0.987743,1,0,14,0,2,0,2,57.22795965470159,100.44850004559429,3.888687438260316,0.0,0.1678082191780822,0.1071428571428571,0.0,0.0
2443,2,0,0,96.918,182,200,50655,83600,-1,-87264,未知,Call,246735,226.44,Miscellaneous Goods,0,B,Unknown,113363,27.89101,0.997528,395849,1.072117,0.986086,0,0,14,3,4,0,2,22.285995961952302,56.43921018029192,0.0,0.0,0.1111111111111111,0.3333333333333333,0.0,0.0
2444,2,0,1,21.502,178,0,227346,67913,-1,8582,未知,Call,845274,1765.05,Miscellaneous Goods,0,B,Unknown,334441,63.24593,0.989319,539594,0.0,0.997262,0,0,14,3,6,0,2,59.71452989301516,75.01688402479252,93.95808297694902,2.840367052009945,0.1660079051383399,0.1507692307692307,0.2585987261146497,0.0
2445,2,0,1,36.413,113,1,181154,295843,-1,427802,Suspected Lost,Call,-81854,225.26,Home Improvement and Building Material,-1,B,Consigner,22645,49.96431,0.955355,164044,35.00568,0.952049,5,0,10,0,0,0,2,36.24779227893041,69.89628878079544,3.970770500912786,358.7460005345282,0.0909090909090909,0.12,0.5,0.5
2446,2,0,0,11.296,25,168,42026,239092,1,-6970,Pickup Error,Call,160406,292.86,Hardware,0,B,Receiver,432602,39.19647,0.983917,41493,48.63197,0.941778,3,0,9,1,3,0,2,88.8237010925776,122.833580311983,262.6067922046753,36.005785648768786,0.1843137254901961,0.2608695652173913,0.2222222222222222,0.0
2447,2,0,0,277.45,56,13,224826,339623,-1,-110804,Suspected Lost,Call,238406,764.12,Pharmaceuticals,0,B,Receiver,25439,32.45813,0.996762,4804,68.52825,0.932397,5,0,15,1,4,0,2,56.811578165689504,58.69138621086622,52.8716761853076,181.2,0.0833333333333333,0.0909090909090909,0.0909090909090909,1.0
2448,5,0,0,19.533,111,107,200177,364214,-1,427847,未知,Call,-67469,249.02,Miscellaneous Goods,-1,C,Receiver,240848,16.49239,0.975843,485558,0.0,0.948697,0,0,14,1,0,0,2,55.72588842983137,103.77469026595364,6.5153464436684425,4.4765548408694205,0.0384615384615384,0.1846153846153846,0.0,0.0
2449,2,0,0,10.386,146,4,177300,106575,-1,427837,未知,Call,1379033,108.21,Miscellaneous Goods,0,B,Consigner,748656,3.932124,0.98542,115386,18.20534,0.969697,0,0,14,0,6,0,2,75.50373567911244,81.2740685764068,12.204882959979864,11.878046893136268,0.3,0.2439024390243902,0.0,0.0
2450,2,0,0,245.97,0,186,183659,169915,-1,-21809,Damage,Vendor Consultation,502962,812.01,Miscellaneous Goods,0,B,Receiver,398597,21.18829,0.875663,37786,34.99704,0.971536,1,6,14,1,5,0,2,57.22795965470159,126.0016059546157,0.0,,0.1678082191780822,0.125,0.0,
2451,2,0,0,183.308,3,76,170335,396627,-1,427831,未知,Vendor Consultation,-51697,549.96,Miscellaneous Goods,0,B,Consigner,95816,52.0602,0.975306,94015,73.03944,0.987459,0,6,14,0,0,0,2,41.966021036266106,104.46696466604024,0.0,0.0,0.1538461538461538,0.3043478260869565,0.0,0.0
2452,5,0,0,69.183,41,140,188666,257363,-1,427716,未知,Call,-26792,573.87,Jewelry,-1,C,Receiver,107810,51.79141,0.924555,1028795,8.699307,0.927563,0,0,12,1,0,0,2,15.195521366333276,32.04443699722811,0.8372768005611354,0.0,0.125,0.1515151515151515,0.0,0.0
2453,2,0,0,218.587,188,223,151970,344642,-1,47437,Pickup Error,Internal Software,153338,1460.29,Miscellaneous Goods,-1,C,Consigner,41310,2.35743,0.916202,211526,0.0,0.999865,3,2,14,0,3,0,2,47.62317230513968,0.0,144.77122521606506,0.0,0.2051282051282051,0.0,0.0,0.0
2454,2,0,0,409.728,157,112,85347,367789,-1,427566,未知,Call,-57479,358.66,Electronic Product,1,C,Consigner,479903,0.0,0.999946,59448,20.34964,0.971724,0,0,6,0,0,0,2,52.75232409840045,102.38596657017575,105.68017655324462,14.867795738147572,0.2391304347826087,0.4,0.0,0.0
2455,2,0,0,5.875,88,222,129379,300859,1,427860,未知,Internal Software,17001,612.38,Fresh,0,B,Consigner,11099,2.945706,0.988548,1023438,0.034538,0.628232,0,2,7,0,2,1,1,116.52863038936586,77.81584876066215,0.0,2.2697617027839896,0.0925925925925925,0.1598173515981735,0.0,0.0
2456,2,0,0,21.947,129,199,212637,300000,-1,427864,未知,Internal Software,986000000,1674.86,Jewelry,-1,C,Consigner,1184282,72.32626,0.950751,425000000,104.4915,0.998996,0,2,12,0,6,0,2,111.99462456548208,65.33437063477945,367.4191677341794,163.30068855149273,0.53125,0.3513513513513513,0.3809523809523809,0.5474358974358975
2457,3,0,0,60.415,178,1,176744,190223,1,427786,Damage,Vendor Consultation,-16488,380.05,Miscellaneous Goods,-1,B,Unknown,31765,48.34805,0.981543,409164,1.731924,0.931466,1,6,14,3,0,0,2,59.71452989301516,69.89628878079544,14.744601631518284,100.85426543870676,0.1660079051383399,0.12,0.6666666666666666,0.3333333333333333
2458,2,0,0,0.569,179,55,224826,398165,-1,427864,Suspected Lost,Mini Program,-71703,361.78,"Apparel, Footwear & Accessories",-1,C,Receiver,473973,11.98962,0.981085,645552,0.781722,0.995602,5,4,1,1,0,0,2,56.8349237193444,119.73828509963953,52.8716761853076,4.428621291448517,0.1497584541062802,0.1538461538461538,0.0909090909090909,0.0
2459,3,1,0,547.782,150,157,70493,77942,-1,79017,Pickup Error,Internal Software,-50328,386.88,Miscellaneous Goods,0,B,Consigner,131272,1.24524,0.935671,715571,0.0,0.988705,3,2,14,0,0,0,2,68.02774724414232,166.21433105480688,18.291262959304685,0.0,0.15,0.6428571428571429,0.2,0.0
2460,2,0,0,54.359,88,103,190758,228244,-1,6218,未知,Call,-60523,1215.34,Pharmaceuticals,-1,C,Consigner,397518,11.75744,0.988409,255371,74.93891,0.994446,0,0,15,0,0,0,2,116.52863038936586,65.94505261935754,0.0,1.6936321348908374,0.0925925925925925,0.1111111111111111,0.0,1.0
2461,2,0,0,4.001,3,110,120528,124032,-1,103601,未知,Call,539,559.61,Dried Groceries,1,B,Unknown,256132,0.636494,0.994167,615712,0.0,0.996673,0,0,5,3,2,0,2,41.966021036266106,63.258594293395895,122.67463249589416,546.495194099057,0.1538461538461538,0.1219512195121951,0.0,0.0
2462,2,0,0,12.962,147,55,227346,180794,-1,9488,未知,Call,150243,1101.5,Hardware,-1,C,Receiver,214298,2.139298,0.945154,138755,6.167576,0.909865,0,0,9,1,3,0,2,45.57215363038746,119.73828509963953,93.95808297694902,0.0,0.2,0.1538461538461538,0.2585987261146497,0.0
2463,2,0,0,316.964,302,256,126904,339217,-1,26846,未知,Complaint,2691806,842.35,Hardware,0,C,Receiver,273580,123.2199,0.922368,344239,13.30504,0.976499,0,1,9,1,6,0,2,36.15561962809524,65.73144639177269,0.0,0.0,0.0434782608695652,0.2105263157894736,0.0,0.0
2464,2,0,0,49.825,185,125,300000,300000,-1,427864,未知,Internal Software,728000000,1885.11,Miscellaneous Goods,0,C,Consigner,1665,14.42444,0.999477,6963090,6.621274,0.982242,0,2,14,0,6,0,2,64.67006111935692,73.66751450015366,37.641990060787286,163.30068855149273,0.1851851851851851,0.1523809523809524,0.52,0.5474358974358975
2465,2,1,0,10.921,151,98,55628,295559,-1,427855,未知,Internal Software,610093,647.45,Miscellaneous Goods,-1,B,Consigner,43460,14.38903,0.998963,521546,41.98029,0.983938,0,2,14,0,6,0,2,55.000321274151965,65.32592348952949,2.025741543479162,,0.0828402366863905,0.0638297872340425,0.0,
2466,2,0,1,13.507,89,55,217196,253304,-1,-28520,Pickup Error,Call,1406707,110.92,Alcohol,-1,B,Consigner,280335,4.867475,0.93836,679778,2.044888,0.995122,3,0,0,0,6,0,2,56.62852339692903,119.73828509963953,5.49899611196042,0.0,0.1,0.1538461538461538,0.0,0.0
2467,2,0,0,57.428,42,63,113135,122786,-1,427825,Damage,Call,137854,728.76,Miscellaneous Goods,-1,C,Consigner,6178,25.51884,0.936699,398047,46.7553,0.981397,1,0,14,0,3,0,2,106.19017586084024,52.20261068322199,18.06058465754966,0.0,0.145631067961165,0.2941176470588235,0.25,0.0
2468,2,0,0,130.161,0,0,227346,420365,-1,427770,未知,Call,814120,159.08,Miscellaneous Goods,0,Not Known,Consigner,43291,0.0,0.996948,1347846,0.656863,0.904941,0,0,14,0,6,0,2,57.22795965470159,75.01688402479252,93.95808297694902,0.0,0.1678082191780822,0.1507692307692307,0.2585987261146497,0.0
2469,5,0,0,338.19,2,268,87646,287214,1,105184,未知,Call,716302,520.85,Hardware,0,C,Consigner,189550,19.55082,0.732275,520138,0.0,0.988064,0,0,9,0,6,0,2,56.04468495785089,130.15540902762945,1.5776173285198556,2.943149565654139,0.0935960591133004,0.2727272727272727,1.0,0.0
2470,2,0,0,54.173,164,7,210238,388688,-1,427844,Pickup Error,Internal Software,559625,256.99,Miscellaneous Goods,-1,B,Consigner,396841,0.325537,0.977896,340004,0.0,0.983906,3,2,14,0,5,0,2,59.72498410518864,92.30255429171878,7.467450408063128,3.278056120883387,0.1617647058823529,0.1935483870967742,0.0,0.0
2471,5,0,0,0.0,12,105,19232,190223,-1,427862,Damage,Call,-79467,255.4,Maternity & Baby Products,0,C,Consigner,589050,8.51767,0.98791,1365140,1.186167,0.993463,1,0,13,0,0,0,2,59.94601001535578,22.47910396159198,3.408775435747174,100.85426543870676,0.2666666666666666,0.0909090909090909,0.0,0.3333333333333333
2472,2,0,0,350.567,180,151,183889,309215,-1,-64505,Suspected Lost,Call,1442451,1397.19,Miscellaneous Goods,0,Not Known,Consigner,479489,112.7307,0.992965,229888,7.784885,0.938984,5,0,14,0,6,0,2,50.83458178883807,62.91307713975876,83.80393880479427,17.05885540862779,0.1333333333333333,0.1176470588235294,0.2442307692307692,0.0
2473,2,0,0,11.391,151,187,4459,340123,-1,427835,Pickup Error,Vendor Consultation,95397,286.1,Home Improvement and Building Material,0,C,Receiver,16049,108.1969,0.94077,1257044,38.08554,0.967002,3,6,10,1,3,0,2,55.000321274151965,71.38613126413931,0.0,0.0,0.0828402366863905,0.1777777777777777,0.0,0.0
2474,2,0,1,99.093,268,307,227346,300000,-1,425353,Pickup Error,Vendor Consultation,2384172,2144.58,Dried Groceries,0,C,Consigner,91515275,35.7915,0.991555,744348,16.32063,0.964748,3,6,5,0,6,0,2,96.84596855953218,107.26414159528828,93.95808297694902,163.30068855149273,0.1823899371069182,0.4666666666666667,0.2585987261146497,0.5474358974358975
2475,2,0,0,2.727,89,68,9666,273843,-1,427864,未知,Call,-58453,566.79,Fresh,1,C,Consigner,237158,0.0,0.96639,1325368,4.158975,0.977936,0,0,7,0,0,1,1,56.62852339692903,106.21105813841784,109.85380710659898,294.33,0.1,0.0,0.0,1.0
2476,2,1,0,132.227,56,178,183100,126895,-1,427682,Suspected Lost,Vendor Consultation,11659,825.67,Furniture,-1,Not Known,Consigner,10770,13.03738,0.944455,491267,9.986339,0.994266,5,6,8,0,2,0,2,56.811578165689504,75.72709977879157,0.0,0.0,0.0833333333333333,0.2073170731707317,0.0,0.0
2477,2,0,0,62.742,188,193,227346,23856,-1,-82237,未知,Call,203842,202.58,Hardware,0,Not Known,Consigner,5152,5.872045,0.998804,1909432,1.251141,0.951877,0,0,9,0,4,0,2,47.62317230513968,27.46228828491764,93.95808297694902,,0.2051282051282051,0.217391304347826,0.2585987261146497,
2478,2,1,0,63.181,4,132,227346,119776,-1,81657,未知,Internal Software,-78585,140.88,Fresh,0,C,Consigner,487815,6.231175,0.942091,917694,1.841073,0.913144,0,2,7,0,0,1,1,60.02737754693536,56.88193748364041,93.95808297694902,0.0,0.1592356687898089,0.1636363636363636,0.2585987261146497,0.0
2479,2,0,0,627.018,190,55,180486,411096,-1,427834,Damage,Vendor Consultation,2586961,1428.3,"Apparel, Footwear & Accessories",-1,B,Consigner,66258,74.19891,0.999362,400226,19.42886,0.989711,1,6,1,0,6,0,2,73.48402451815683,119.73828509963953,73.66491501390753,0.0,0.1560693641618497,0.1538461538461538,0.0,0.0
2480,2,0,0,13.157,99,7,47080,385201,-1,-241432,未知,Internal Software,72503,657.22,Hardware,0,B,Consigner,970226,3.957716,0.89386,829574,15.55592,0.990235,0,2,9,0,2,0,2,65.94900544613762,92.30255429171878,0.0,0.0,0.211864406779661,0.1935483870967742,0.0,0.0
2481,2,0,0,2160.315,100,49,28263,143787,-1,427833,Damage,Call,1141135,984.36,Electronic Product,0,C,Receiver,484670,201.1375,0.984413,98466,24.45569,0.983089,1,0,6,1,6,0,2,57.27817095022288,18.494049091362537,3.3038319181362943,1.309281216084868,0.1162790697674418,0.3333333333333333,0.0,0.0
2482,3,0,0,33.492,102,23,179378,73249,1,427665,未知,Internal Software,857111,135.39,Alcohol,0,Not Known,Unknown,854581,11.24141,0.979882,424067,7.370072,0.9873,0,2,0,3,6,0,2,84.99396693620673,61.86596339980573,2.2077832038443708,1.5078785875012168,0.1518987341772152,0.2222222222222222,0.0,0.0
2483,2,0,1,293.775,54,108,181728,397378,-1,427860,未知,Internal Software,-73839,106.75,Miscellaneous Goods,0,C,Receiver,155225,0.865197,0.928101,404207,33.37759,0.978095,0,2,14,1,0,0,2,236.82824543701068,84.18931730634625,23.622360678435445,3.352523304206269,0.0,0.16,0.0,0.0
2484,2,0,0,357.939,127,117,222537,285456,-1,427864,Suspected Lost,Vendor Consultation,-55694,890.78,Miscellaneous Goods,-1,B,Consigner,36042,3.944237,0.997241,439042,4.547458,0.942545,5,6,14,0,0,0,2,59.84735359218162,66.62484724143525,0.0,102.50992275186768,0.1397849462365591,0.0689655172413793,0.0,0.0
2485,2,0,0,87.547,197,106,177073,260081,-1,427863,未知,Call,-36562,127.32,Documents & Bills,0,Not Known,Consigner,419585,0.693167,0.978011,448071,16.29247,0.905173,0,0,4,0,0,0,2,69.0135805405548,49.82089121674756,149.02897540036136,1.603582821254164,0.1162790697674418,0.1538461538461538,0.0,1.5
2486,2,0,0,597.488,151,134,100424,453240,-1,-34603,Damage,Call,951285,164.04,Appliances,0,B,Unknown,14303,30.35767,0.999965,69224,39.99128,0.959334,1,0,2,3,6,0,2,55.000321274151965,46.10167247042128,,250.8784411797585,0.0828402366863905,0.0869565217391304,,0.6666666666666666
2487,2,0,0,0.0,142,187,97895,228365,-1,427862,未知,Internal Software,-79923,175.56,Maternity & Baby Products,-1,C,Consigner,320521,6.894791,0.98228,505683,14.6914,0.993815,0,2,13,0,0,0,2,91.575345523678,71.38613126413931,1.97076413225659,467.41,0.1756756756756756,0.1777777777777777,0.0,0.0
2488,2,0,0,280.433,225,187,183842,60524,-1,427835,Pickup Error,Mini Program,218055,1205.5,Household Goods,0,B,Receiver,312593,47.06244,0.981852,80756,84.00071,0.985792,3,4,11,1,4,0,2,33.869565555369114,71.38613126413931,12.002408029462948,24.81856144346933,0.1538461538461538,0.1777777777777777,0.0,0.0
2489,2,0,0,15.837,101,132,104057,61775,-1,427842,未知,Call,-10636,174.68,Fresh,0,C,Consigner,484426,11.7147,0.948302,458732,0.0,0.977965,0,0,7,0,0,1,1,94.6704948186992,56.88193748364041,3.2394990366088634,0.0,0.2333333333333333,0.1636363636363636,0.0,0.0
2490,3,0,0,0.0,275,13,123405,43727,-1,39349,Pickup Error,Internal Software,459921,236.59,Electronic Product,0,B,Consigner,199715,18.47162,0.987158,232091,54.66421,0.980155,3,2,6,0,5,0,2,133.43321372438515,58.69138621086622,0.0,,0.3,0.0909090909090909,0.0,
2491,2,0,0,26.057,151,292,148274,446780,-1,427821,未知,Internal Software,35484,107.43,Home Improvement and Building Material,0,C,Unknown,2586688,0.0,0.991765,2125103,0.0,0.882964,0,2,10,3,2,0,2,55.000321274151965,23.00992930524647,,39.45584299732382,0.0828402366863905,0.4,,1.0
2492,2,1,0,82.624,222,100,14084,397457,-1,427857,Suspected Lost,Call,-60859,548.44,Appliances,0,Not Known,Receiver,276185,4.976355,0.954945,128756,14.443,0.966413,5,0,2,1,0,0,2,44.00935888510234,111.92654089931048,69.64123028029817,0.0,0.173469387755102,0.1985815602836879,0.1481481481481481,0.0
2493,1,0,0,65.631,88,272,196422,345107,1,36885,未知,Vendor Consultation,-22748,730.11,Furniture,-1,B,Receiver,72790,6.717222,0.592565,254642,0.960802,0.981083,0,6,8,1,0,0,2,116.52863038936586,13.424800452724666,2.647185040228707,0.0,0.0925925925925925,0.0625,0.0,0.0
2494,2,1,0,0.0,321,143,172264,158742,1,5627,未知,Vendor Consultation,164685,130.32,Miscellaneous Goods,-1,C,Receiver,339401,0.0,0.999023,471331,0.0,0.998572,0,6,14,1,3,0,2,30.172814529434604,101.9632107476282,0.0,0.0,0.2941176470588235,0.2075471698113207,0.0,0.0
2495,2,0,0,51.534,179,185,183889,300000,-1,408537,Pickup Error,Call,85790254,1006.19,Pharmaceuticals,-1,C,Consigner,9473790,15.21835,0.985912,3050000000,8.160369,0.998446,3,0,15,0,6,0,2,56.8349237193444,82.10025254899978,83.80393880479427,163.30068855149273,0.1497584541062802,0.2025316455696202,0.2442307692307692,0.5474358974358975
2496,2,0,0,339.841,122,3,26910,354013,-1,-66379,未知,Call,481905,190.69,Documents & Bills,0,B,Consigner,1657540,1.694116,0.995938,936288,1.568433,0.979176,0,0,4,0,5,0,2,5.812833322697888,63.81099393925928,,,0.1428571428571428,0.1170212765957446,,
2497,2,0,0,599.415,0,12,22032,25021,-1,-104914,未知,Internal Software,-81926,1279.23,Hardware,0,Not Known,Consigner,2213,254.6594,0.995371,12570,76.52056,0.995932,0,2,9,0,0,0,2,57.22795965470159,78.44682581792124,30.4793945328834,108.26979472140762,0.1678082191780822,0.2340425531914893,0.0,0.0
2498,2,0,0,55.725,311,100,227346,291776,1,427764,Suspected Lost,Call,64292,1612.17,Household Goods,-1,C,Receiver,72274,15.71759,0.999563,307408,0.0,0.992087,5,0,11,1,2,0,2,25.68759344018441,111.92654089931048,93.95808297694902,5.540749368633868,0.0,0.1985815602836879,0.2585987261146497,0.0
2499,2,1,0,1125.264,153,244,215962,152857,-1,79333,Damage,Call,1711504,800.93,Alcohol,0,C,Consigner,113691,104.6973,0.895904,135501,43.61659,0.91224,1,0,0,0,6,0,2,15.382016431597313,48.83952358528552,,,0.0952380952380952,0.1923076923076923,,
2500,5,1,0,25.889,88,130,14665,150699,-1,427637,Suspected Lost,Internal Software,-67635,249.26,Miscellaneous Goods,0,Not Known,Consigner,440180,0.0,0.975475,635042,6.688494,0.846102,5,2,14,0,0,0,2,116.52863038936586,42.32195994529707,60.43681275260222,2.3714577213319497,0.0925925925925925,0.125,0.0,0.0
2501,1,0,0,41.178,93,1,17929,127398,-1,427841,Suspected Lost,Vendor Consultation,775697,147.36,Dried Groceries,0,C,Staff,436390,8.776761,0.965429,482779,9.715772,0.991744,5,6,5,2,6,0,2,66.74115822236953,69.89628878079544,3.079202353144736,0.5143633672120644,0.1304347826086956,0.12,0.0,0.0
2502,2,1,0,876.285,151,2,918,100106,-1,18430,未知,Call,-11200,884.52,Furniture,-1,B,Consigner,872277,7.216534,0.997813,841505,0.0,0.973536,0,0,8,0,0,0,2,55.000321274151965,93.3192184944359,0.0,0.0,0.0828402366863905,0.1111111111111111,0.0,0.0
2503,2,0,0,64.581,108,102,78699,8150,-1,427785,Damage,Call,740442,737.93,Furniture,-1,B,Receiver,190498,5.460698,0.979985,372518,6.84628,0.962769,1,0,8,1,6,0,2,29.59624611070252,127.44248338763862,0.0,0.0,0.0666666666666666,0.1789473684210526,0.0,0.0
2504,2,0,0,72.311,164,178,169593,126584,-1,13938,未知,Call,-37399,327.28,Furniture,0,C,Receiver,155650,5.609138,0.762286,325374,44.69841,0.864292,0,0,8,1,0,0,2,59.72498410518864,75.72709977879157,1.587989232848197,12.9474192333415,0.1617647058823529,0.2073170731707317,0.0,0.0
2505,2,1,0,714.636,10,268,151872,260576,-1,427831,未知,Call,-70774,282.65,Miscellaneous Goods,0,C,Consigner,665198,3.81862,0.976822,41820,20.77757,0.945218,0,0,14,0,0,0,2,75.08706991822723,130.15540902762945,29.1802984810025,,0.0952380952380952,0.2727272727272727,0.0,
2506,2,0,0,28.072,217,249,193886,300000,-1,-94276,Suspected Lost,Call,831000000,1292.59,Alcohol,-1,B,Consigner,5090114,47.73015,0.97459,626578,68.6079,0.873346,5,0,0,0,6,0,2,126.03523867460144,68.90840414854678,183.07850421942743,163.30068855149273,0.2,0.2,0.2535211267605634,0.5474358974358975
2507,2,0,0,19.792,222,155,227346,226281,-1,427852,Pickup Error,Internal Software,315412,330.63,Home Improvement and Building Material,-1,B,Receiver,618249,0.0,0.995006,1462339,1.736647,0.986603,3,2,10,1,5,0,2,44.00935888510234,89.85481766821702,93.95808297694902,11.539472655037432,0.173469387755102,0.1818181818181818,0.2585987261146497,0.5
2508,2,0,0,337.46,321,164,8292,381498,-1,427850,未知,Internal Software,414419,580.38,Miscellaneous Goods,-1,B,Unknown,6824,233.1221,0.998229,4094,131.4591,0.984304,0,2,14,3,5,0,2,30.172814529434604,49.08316346381199,0.4790024613411307,0.0,0.2941176470588235,0.1458333333333333,0.0,0.0
2509,2,1,0,22.708,298,191,8645,367998,-1,427798,未知,Call,22127,985.85,Miscellaneous Goods,0,C,Consigner,751933,2.987648,0.982632,864853,0.0,0.998014,0,0,14,0,2,0,2,23.19966110141677,73.86479360994409,0.0,0.0,0.1538461538461538,0.25,0.0,0.0
2510,2,0,0,151.299,25,179,42026,300000,-1,427864,Damage,Call,133000000,1323.1,Jewelry,0,C,Consigner,854138,77.23154,0.973018,865000000,17.21487,0.999047,1,0,12,0,6,0,2,88.8237010925776,49.485349035609424,262.6067922046753,163.30068855149273,0.1843137254901961,0.17578125,0.2222222222222222,0.5474358974358975
2511,2,0,0,172.873,88,152,67327,329526,1,427677,未知,Call,650795,316.1,Miscellaneous Goods,0,B,Receiver,722327,16.43975,0.999245,238309,32.28725,0.957424,0,0,14,1,6,0,2,116.52863038936586,64.80066655532329,1.3196365418957243,60.61989587217281,0.0925925925925925,0.1458333333333333,0.0,0.0
2512,2,1,0,79.774,343,7,663,417020,-1,-16493,未知,Internal Software,-75193,721.71,Furniture,-1,C,Consigner,22933,3.35907,0.970131,1427406,2.648465,0.990362,0,2,8,0,0,0,2,117.15655523967644,92.30255429171878,0.0,28.5270916166145,0.0,0.1935483870967742,0.0,0.0
2513,2,0,0,5.064,98,338,94927,5087,1,427796,未知,Call,95760,270.76,Documents & Bills,-1,C,Receiver,425062,13.54238,0.998415,8121,34.70904,0.988824,0,0,4,1,3,0,2,53.41855203788262,7.27997521921464,10.230002980406384,2.5478083722152856,0.1363636363636363,0.0,0.0,0.0
2514,2,0,0,1204.564,157,15,205318,147981,-1,50803,Pickup Error,Internal Software,1032476,1259.53,Electronic Product,-1,B,Consigner,70877,37.20204,0.995886,131387,60.38848,0.984037,3,2,6,0,6,0,2,52.75232409840045,76.467556088998,0.0,0.0,0.2391304347826087,0.1296296296296296,0.0,0.0
2515,2,0,0,836.101,25,3,227346,394815,-1,-76227,未知,Call,416426,938.63,Hardware,-1,Not Known,Consigner,330462,29.60295,0.99909,91803,130.1481,0.996831,0,0,9,0,5,0,2,88.8237010925776,63.81099393925928,93.95808297694902,8.247989513543457,0.1843137254901961,0.1170212765957446,0.2585987261146497,0.0
2516,2,0,0,125.521,60,100,202346,47725,-1,427858,Suspected Lost,Mini Program,166326,387.19,Alcohol,0,B,Consigner,39161,40.59234,0.981963,644627,10.49661,0.999031,5,4,0,0,3,0,2,66.28701118831259,111.92654089931048,807.43,19.48715248525695,0.0666666666666666,0.1985815602836879,0.0,0.0
2517,2,1,0,9.476,4,218,227346,239050,-1,-75397,Damage,Call,2423776,101.57,"Apparel, Footwear & Accessories",-1,B,Receiver,76059,2.477104,0.999959,440678,0.0,0.995502,1,0,1,1,6,0,2,60.02737754693536,49.45040830109857,93.95808297694902,3.236482526757349,0.1592356687898089,0.0952380952380952,0.2585987261146497,0.0
2518,2,1,0,1.802,99,1,224826,440181,-1,-40976,未知,Call,-60538,101.34,Dried Groceries,0,B,Consigner,15802,1.872608,0.988096,1677200,0.0,0.954124,0,0,5,0,0,0,2,65.94900544613762,69.89628878079544,52.8716761853076,1.9825103977818064,0.211864406779661,0.12,0.0909090909090909,1.0
2519,2,0,0,373.939,93,292,194695,283426,-1,427849,未知,Call,-81281,1506.25,Appliances,0,C,Receiver,68725,4.370981,0.984045,426917,5.540656,0.933001,0,0,2,1,0,0,2,66.74115822236953,23.00992930524647,112.48750694058856,47.43770284009742,0.1304347826086956,0.4,0.0,0.0
2520,2,0,0,326.075,164,106,26287,144082,-1,427674,Pickup Error,Call,8342,237.13,Miscellaneous Goods,0,B,Unknown,199587,45.66817,0.989557,34043,43.58567,0.975406,3,0,14,3,2,0,2,59.72498410518864,49.82089121674756,0.797502924220904,0.0,0.1617647058823529,0.1538461538461538,0.0,0.0
2521,1,0,0,0.0,268,181,113881,244379,-1,-78820,未知,Vendor Consultation,13697,178.72,Dried Groceries,-1,B,Consigner,127251,12.67607,0.972027,278717,9.920896,0.984656,0,6,5,0,2,0,2,96.84596855953218,45.1926466370765,19.68286869511987,,0.1823899371069182,0.2325581395348837,0.0,
2522,2,1,0,56.941,0,4,209955,438203,-1,427749,Suspected Lost,Internal Software,476707,539.51,Dried Groceries,-1,B,Consigner,214980,62.31122,0.993754,425998,67.92212,0.934246,5,2,5,0,5,0,2,57.22795965470159,81.2740685764068,9.90753996363365,1.6830251892294328,0.1678082191780822,0.2439024390243902,0.0,1.0
2523,2,1,0,23.047,146,100,6435,143233,-1,427849,Pickup Error,Call,248752,772.01,Fresh,-1,B,Unknown,1320366,145.0761,0.938642,58671,51.21972,0.99295,3,0,7,3,4,1,1,75.50373567911244,111.92654089931048,73.49514563106796,364.3265393847411,0.3,0.1985815602836879,0.0,0.0
2524,2,0,0,108.566,127,0,53895,423667,-1,427786,未知,Call,617159,461.61,Miscellaneous Goods,-1,B,Consigner,40099,42.61766,0.972433,609578,3.295855,0.999542,0,0,14,0,6,0,2,59.84735359218162,75.01688402479252,0.0,0.0,0.1397849462365591,0.1507692307692307,0.0,0.0
2525,5,0,0,187.218,157,112,188712,124916,-1,427863,Damage,Call,629535,560.05,Pharmaceuticals,-1,C,Unknown,688066,61.62138,0.983965,329088,20.09815,0.952777,1,0,15,3,6,0,2,52.75232409840045,102.38596657017575,8.313044224252563,0.0,0.2391304347826087,0.4,0.0,0.0
2526,2,0,0,203.232,178,151,193886,300000,1,427713,Pickup Error,Mini Program,365000000,4740.18,Dried Groceries,0,B,Consigner,68253,0.471717,0.998115,3563202,61.06177,0.909557,3,4,5,0,6,0,2,59.71452989301516,62.91307713975876,183.07850421942743,163.30068855149273,0.1660079051383399,0.1176470588235294,0.2535211267605634,0.5474358974358975
2527,2,0,0,87.825,1,125,193375,300000,-1,427763,Pickup Error,Call,189000000,971.14,Jewelry,-1,C,Consigner,15932273,33.95298,0.990621,668000000,109.2272,0.999867,3,0,12,0,6,0,2,69.06443164317325,73.66751450015366,221.39184031958067,163.30068855149273,0.1802721088435374,0.1523809523809524,0.4545454545454545,0.5474358974358975
2528,2,0,0,4.561,83,76,215974,300000,-1,427864,Damage,Vendor Consultation,205000000,1140.71,Pharmaceuticals,-1,B,Consigner,463756,133.8131,0.997642,18621315,3.462015,0.939083,1,6,15,0,6,0,2,41.983009764404585,104.46696466604024,81.4699013359998,163.30068855149273,0.5,0.3043478260869565,0.4375,0.5474358974358975
2529,2,0,1,82.041,151,301,168394,425548,-1,427812,Damage,Call,113932,223.74,Dried Groceries,0,B,Consigner,1700781,57.22709,0.976751,552648,12.57328,0.991232,1,0,5,0,3,0,2,55.000321274151965,46.15379802495833,2.5492674525192487,6.44582192630071,0.0828402366863905,0.6923076923076923,0.0,0.0
2530,1,0,0,356.041,70,1,210541,9405,-1,-179809,Suspected Lost,Internal Software,-81086,366.5,"Apparel, Footwear & Accessories",0,C,Consigner,648579,0.581577,0.998942,396504,1.940469,0.887251,5,2,1,0,0,0,2,2.083504343902538,69.89628878079544,,76.79807471922989,0.0,0.12,,2.0
2531,5,1,0,29.355,13,162,184092,127398,-1,427803,Pickup Error,Call,43337,948.59,Miscellaneous Goods,0,C,Unknown,406,116.6038,0.989228,194280,16.98615,0.872172,3,0,14,3,2,0,2,117.72169897217258,20.52604032301665,13.954348526437483,0.5143633672120644,0.2748538011695906,0.1428571428571428,0.5,0.0
2532,2,0,1,18.782,179,71,227346,300000,-1,427864,未知,Internal Software,409000000,1533.04,Jewelry,0,B,Unknown,1990,15.9162,0.911674,33405538,8.207976,0.917375,0,2,12,3,6,0,2,56.8349237193444,60.78127493377559,93.95808297694902,163.30068855149273,0.1497584541062802,0.5714285714285714,0.2585987261146497,0.5474358974358975
2533,2,0,0,51.575,191,1,14084,120976,-1,43080,未知,Call,222718,485.44,Miscellaneous Goods,0,B,Consigner,140403,33.03018,0.996106,726971,17.76477,0.998441,0,0,14,0,4,0,2,165.79061632765183,69.89628878079544,69.64123028029817,44.56020427130762,0.4166666666666667,0.12,0.1481481481481481,1.0
2534,2,0,0,173.676,47,291,212785,427314,-1,427864,未知,Call,4544,2160.83,Alcohol,0,B,Consigner,211156,18.22984,0.999043,154829,46.06462,0.980554,0,0,0,0,2,0,2,42.58914280906974,67.74750724681486,8.460524861375912,2.139822481234015,0.24,0.4782608695652174,0.0,0.0
2535,2,0,0,791.148,218,203,13855,453758,-1,279773,Pickup Error,Call,468000000,1783.44,Miscellaneous Goods,0,B,Consigner,125000000,7.430337,0.98109,3952044,20.67842,0.989797,3,0,14,0,6,0,2,45.42517437856351,73.82922603912272,252.49836284503536,304.07148271608224,0.3333333333333333,0.25,0.3181818181818182,0.4090909090909091
2536,3,0,0,310.087,132,212,205742,300000,-1,427852,Pickup Error,Call,42667284,1906.6,Jewelry,0,Staff,Consigner,37120765,0.0,0.998371,973000000,218.7677,0.990713,3,0,12,0,6,0,2,52.70819341651338,133.2668484517222,213.34987259339945,163.30068855149273,0.2071428571428571,0.36,0.2727272727272727,0.5474358974358975
2537,5,1,0,67.189,1,340,100038,184464,-1,427859,Damage,Call,637072,100.1,Documents & Bills,0,B,Unknown,556443,70.22849,0.959987,156556,120.9304,0.95824,1,0,4,3,6,0,2,69.06443164317325,113.6015926645088,0.0,0.0,0.1802721088435374,0.0769230769230769,0.0,0.0
2538,2,0,1,80.611,109,222,147363,300000,1,426165,Damage,Call,244000000,3586.89,Miscellaneous Goods,0,Not Known,Consigner,24536877,24.28107,0.980172,7660000000,4.613598,0.963489,1,0,14,0,6,0,2,45.374295092323,77.81584876066215,166.04430721866316,163.30068855149273,0.25,0.1598173515981735,0.3571428571428571,0.5474358974358975
2539,2,0,0,1594.208,24,3,98707,319787,-1,9941,Suspected Lost,Call,90131,191.74,Electronic Product,0,C,Consigner,23329,52.55006,0.978919,134297,23.19227,0.973062,5,0,6,0,3,0,2,135.3681908873524,63.81099393925928,,10.6672936528862,0.4615384615384615,0.1170212765957446,,0.5
2540,2,0,0,2.316,268,0,227346,212899,-1,427615,未知,Call,602870,110.58,Fresh,-1,Not Known,Receiver,509965,23.75242,0.999203,67641,106.3527,0.999521,0,0,7,1,5,1,1,96.84596855953218,75.01688402479252,93.95808297694902,80.54197037289836,0.1823899371069182,0.1507692307692307,0.2585987261146497,0.3103448275862069
2541,2,1,0,160.929,38,207,227346,353265,-1,427857,未知,Call,571864,744.68,Beauty & Daily Essentials,-1,B,Consigner,306061,16.95325,0.842837,103517,19.73476,0.950502,0,0,3,0,5,0,2,83.3897689719621,10.009179220882077,93.95808297694902,9.206753522694552,0.3442622950819672,0.0,0.2585987261146497,0.5
2542,2,0,0,772.442,26,187,15877,243170,-1,427858,未知,Call,1234675,846.62,Dried Groceries,0,Not Known,Unknown,68738,94.97801,0.999457,1252,42.43022,0.991893,0,0,5,3,6,0,2,109.80516018052288,71.38613126413931,46.97040480882532,110.3407850726025,0.12,0.1777777777777777,0.1827956989247312,0.0588235294117647
2543,2,0,0,3.554,268,179,76354,153787,-1,20668,Suspected Lost,Internal Software,85221,100.04,Dried Groceries,-1,B,Consigner,1034828,3.589672,0.938637,286670,51.54734,0.970579,5,2,5,0,2,0,2,96.84596855953218,49.485349035609424,0.0,0.0,0.1823899371069182,0.17578125,0.0,0.0
2544,2,0,1,136.982,101,125,183889,300000,-1,427863,Damage,Call,750000000,2835.98,Pharmaceuticals,0,B,Consigner,6488888,32.227,0.92875,2617926,0.994924,0.930413,1,0,15,0,6,0,2,94.6704948186992,73.66751450015366,83.80393880479427,163.30068855149273,0.2333333333333333,0.1523809523809524,0.2442307692307692,0.5474358974358975
2545,2,0,0,234.616,43,102,4459,196368,-1,427692,Suspected Lost,Call,390656,452.57,Miscellaneous Goods,-1,B,Unknown,532906,24.47634,0.992713,286354,61.25531,0.999281,5,0,14,3,5,0,2,71.58077320943575,127.44248338763862,0.0,119.95648480794956,0.075,0.1789473684210526,0.0,0.0
2546,5,0,0,0.705,127,117,183889,97360,-1,473,未知,Call,706838,540.64,Hardware,-1,B,Receiver,36732,0.566015,0.949096,1018596,19.01652,0.987001,0,0,9,1,6,0,2,59.84735359218162,66.62484724143525,83.80393880479427,0.0,0.1397849462365591,0.0689655172413793,0.2442307692307692,0.0
2547,5,0,0,305.15,178,201,143030,106589,-1,5126,Suspected Lost,Call,275803,1141.16,Miscellaneous Goods,0,C,Receiver,352312,11.67814,0.97841,358777,21.37274,0.907655,5,0,14,1,5,0,2,59.71452989301516,1.658891460748924,,6.84748607614252,0.1660079051383399,0.0,,0.0
2548,2,1,0,83.613,132,125,146847,399980,-1,-16950,未知,Internal Software,-76039,184.33,Miscellaneous Goods,-1,C,Unknown,300854,38.10545,0.997716,462156,37.71768,0.985688,0,2,14,3,0,0,2,52.70819341651338,73.66751450015366,3.221714106085668,5.277017500207348,0.2071428571428571,0.1523809523809524,0.0,0.0
2549,2,1,0,81.32,44,291,107093,331721,-1,427862,Pickup Error,Internal Software,82637,706.35,Furniture,-1,C,Receiver,633462,0.0,0.951738,311734,8.273944,0.997494,3,2,8,1,2,0,2,54.68123268224992,67.74750724681486,25.072135978157444,33.981858473170675,0.1818181818181818,0.4782608695652174,0.0,0.0
2550,2,0,0,0.0,2,49,82622,361253,-1,427862,未知,Call,-3861,128.46,Dried Groceries,0,Not Known,Unknown,92878,12.164,0.988477,235503,52.96148,0.994686,0,0,5,3,0,0,2,56.04468495785089,18.494049091362537,60.43870090120728,115.13575648728572,0.0935960591133004,0.3333333333333333,0.0,0.0
2551,2,0,0,24.731,193,249,178621,300000,-1,427462,Suspected Lost,Internal Software,150000000,1495.97,Fresh,0,B,Consigner,1516,20.44232,0.995583,475000000,45.11187,0.993723,5,2,7,0,6,1,1,99.9740257904606,68.90840414854678,280.63216304947264,163.30068855149273,0.2307692307692307,0.2,0.391304347826087,0.5474358974358975
2552,2,0,0,0.0,131,179,15755,150268,-1,427836,未知,Complaint,803574,166.19,Alcohol,0,B,Receiver,747602,3.59613,0.90028,1165719,0.0,0.917291,0,1,0,1,6,0,2,25.28414948621409,49.485349035609424,9.267898861970336,233.0452549697085,0.3529411764705882,0.17578125,0.0,0.2
2553,2,0,0,452.907,243,132,220837,144946,1,427533,Damage,Vendor Consultation,9642,2412.3,Miscellaneous Goods,0,C,Receiver,2221,18.30767,0.976461,74740,26.55168,0.898657,1,6,14,1,2,0,2,104.36248190748378,56.88193748364041,26.502076366913155,2.286497072069199,0.1923076923076923,0.1636363636363636,0.0,0.0
2554,2,1,0,398.929,190,15,20583,64332,-1,427859,未知,Call,118338,1373.66,Miscellaneous Goods,0,B,Receiver,9976,49.81087,0.996001,1335,60.42954,0.925064,0,0,14,1,3,0,2,73.48402451815683,76.467556088998,1.5597269363736583,40.595634321967616,0.1560693641618497,0.1296296296296296,0.0,0.1428571428571428
2555,2,1,0,0.0,151,222,205318,151557,-1,427473,Damage,Vendor Consultation,-59673,101.71,Miscellaneous Goods,0,C,Consigner,42884,5.008797,0.990137,568433,9.867793,0.870459,1,6,14,0,0,0,2,55.000321274151965,77.81584876066215,0.0,20.176070269842526,0.0828402366863905,0.1598173515981735,0.0,0.0
2556,2,1,0,4.283,1,187,69936,42624,-1,427777,Pickup Error,Call,204770,2085.68,Miscellaneous Goods,0,C,Receiver,857085,0.0,0.96932,221136,16.16257,0.991318,3,0,14,1,4,0,2,69.06443164317325,71.38613126413931,6.820750347383047,0.2863884571916622,0.1802721088435374,0.1777777777777777,0.0,0.0
2557,2,0,0,388.377,83,253,183889,352359,1,426662,Damage,Call,915000000,1616.53,Documents & Bills,0,C,Consigner,14814,141.7136,0.981998,35200000000,21.30032,0.989743,1,0,4,0,6,0,2,41.983009764404585,69.88451229595863,83.80393880479427,115.9880379226179,0.5,0.208955223880597,0.2442307692307692,0.4444444444444444
2558,2,1,0,867.666,76,221,217103,322725,-1,1080,Suspected Lost,Call,900000000,1034.11,Jewelry,0,B,Consigner,252954,3.591929,0.996297,4180258,91.82164,0.999915,5,0,12,0,6,0,2,69.88780449033361,124.92080405843552,62.9717255612148,33.01665652678206,0.28125,0.3333333333333333,0.6,0.6363636363636364
2559,2,0,0,5.331,63,43,14109,309738,-1,427855,Damage,Internal Software,-50365,179.92,"Apparel, Footwear & Accessories",-1,C,Consigner,42761,7.743839,0.988979,37142,49.16947,0.953591,1,2,1,0,0,0,2,87.51932180035882,47.014223570793376,201.83920023695032,0.0,0.2022471910112359,0.1428571428571428,0.0,0.0
2560,2,0,0,210.306,2,6,68300,363717,-1,-71878,未知,Call,1377290,395.16,Furniture,1,Not Known,Consigner,78066,9.507894,0.997802,171389,24.04429,0.985209,0,0,8,0,6,0,2,56.04468495785089,77.94187064631588,0.0,0.0,0.0935960591133004,0.1875,0.0,0.0
2561,2,0,0,93.304,222,10,127119,280152,-1,427804,未知,Internal Software,-81094,1081.67,Beauty & Daily Essentials,0,B,Consigner,332852,2.190451,0.993722,855258,0.748074,0.929639,0,2,3,0,0,0,2,44.00935888510234,83.59929379384093,4.533049624621256,1.3101127668476025,0.173469387755102,0.1428571428571428,0.0,0.0
2562,3,0,0,172.92,100,215,224826,114806,-1,427845,未知,Call,22364,108.55,Alcohol,0,B,Consigner,66933,142.5008,0.902685,112910,58.11986,0.970404,0,0,0,0,2,0,2,57.27817095022288,76.55751163645215,52.8716761853076,0.0,0.1162790697674418,0.1515151515151515,0.0909090909090909,0.0
2563,2,1,1,752.632,164,178,224848,291903,-1,427850,Suspected Lost,Internal Software,-80666,152.61,Pharmaceuticals,-1,C,Receiver,171691,4.328682,0.979197,299930,13.00351,0.983329,5,2,15,1,0,0,2,59.72498410518864,75.72709977879157,11.81154720788021,404.32,0.1617647058823529,0.2073170731707317,0.0714285714285714,0.0
2564,2,0,0,45.25,146,307,182022,300000,1,117736,Damage,Call,693000000,2616.82,Documents & Bills,-1,B,Receiver,1265258,70.39671,0.996964,88150283,23.27356,0.994659,1,0,4,1,6,0,2,75.50373567911244,107.26414159528828,172.11868320297572,163.30068855149273,0.3,0.4666666666666667,0.55,0.5474358974358975
2565,2,0,0,31.453,117,14,205205,454484,-1,60592,未知,Call,185660,1621.1,Home Improvement and Building Material,-1,B,Consigner,355261,0.0,0.907328,537592,16.87122,0.999958,0,0,10,0,4,0,2,57.51283596595224,62.29691250575112,0.0,4.866534421471649,0.1052631578947368,0.125,0.0,0.0
2566,1,0,0,787.211,125,134,14084,310104,-1,73682,Damage,Call,158267,303.36,Pharmaceuticals,0,Not Known,Consigner,64011,21.16947,0.98416,294872,6.546061,0.977996,1,0,15,0,3,0,2,70.23909957621414,46.10167247042128,69.64123028029817,,0.0793650793650793,0.0869565217391304,0.1481481481481481,
2567,2,0,0,50.324,25,0,183947,182819,-1,427824,Damage,Vendor Consultation,465052,273.56,Miscellaneous Goods,0,B,Consigner,78388,14.35007,0.957219,56000,71.31124,0.954648,1,6,14,0,5,0,2,88.8237010925776,75.01688402479252,49.70174876483479,0.0,0.1843137254901961,0.1507692307692307,1.2,0.0
2568,3,0,0,14.736,268,73,28263,200781,-1,427657,未知,Call,-81933,831.58,Jewelry,0,B,Consigner,378820,0.0,0.913908,1025689,0.0,0.995821,0,0,12,0,0,0,2,96.84596855953218,4.18297886171554,3.3038319181362943,0.0,0.1823899371069182,0.0,0.0,0.0
2569,2,1,0,77.281,91,263,155267,426409,-1,427857,Damage,Internal Software,609628,398.39,Jewelry,0,C,Consigner,241547,34.08898,0.993381,320499,2.32237,0.990832,1,2,12,0,6,0,2,22.138572095820624,50.74917507594517,0.0,7.200396051081927,0.2307692307692307,0.0,0.0,0.0
2570,3,0,0,85.104,132,222,142238,132811,-1,427816,Pickup Error,Call,1458595,579.29,Alcohol,0,B,Consigner,98600,9.217167,0.979784,463949,5.613112,0.990179,3,0,0,0,6,0,2,52.70819341651338,77.81584876066215,10.058714816086878,54.02286440676382,0.2071428571428571,0.1598173515981735,0.0,0.4
2571,2,1,0,7.773,25,1,180721,360915,-1,427849,未知,Internal Software,-79316,524.96,Pharmaceuticals,0,C,Consigner,187254,1.008664,0.990966,361820,0.0,0.906896,0,2,15,0,0,0,2,88.8237010925776,69.89628878079544,98.91099895903082,1.3143254930416677,0.1843137254901961,0.12,0.1111111111111111,0.0
2572,2,0,0,872.296,162,185,162003,421262,-1,427794,Damage,Complaint,459600,554.44,Dried Groceries,0,C,Receiver,396040,37.13172,0.983159,602568,41.55972,0.985276,1,1,5,1,5,0,2,85.80271992814488,82.10025254899978,17.25292504431645,0.0,0.2352941176470588,0.2025316455696202,0.0,0.0
2573,2,0,0,332.682,153,93,45995,177822,-1,427864,Damage,Call,-28706,1032.56,Documents & Bills,0,B,Receiver,681,92.98079,0.971734,14775,107.1367,0.999372,1,0,4,1,0,0,2,15.382016431597313,41.18230514125912,261.385,4.1095059530757885,0.0952380952380952,0.0357142857142857,0.0,0.0
2574,3,0,0,42.161,0,178,90668,254662,-1,93121,Damage,Internal Software,-67393,100.29,Hardware,-1,C,Consigner,515488,2.560376,0.958163,219784,45.87662,0.947774,1,2,9,0,0,0,2,57.22795965470159,75.72709977879157,191.1,0.0,0.1678082191780822,0.2073170731707317,0.0,0.0
2575,2,1,0,20.758,269,30,197856,314679,-1,427763,未知,Internal Software,522184,100.8,Miscellaneous Goods,0,C,Consigner,718612,0.0,0.993902,181626,8.973115,0.967576,0,2,14,0,5,0,2,0.0,41.05192821401258,113.01676336156989,,0.0,1.3333333333333333,0.5,
2576,2,0,0,342.032,155,179,55237,129132,-1,76987,Damage,Internal Software,1075530,1061.52,Miscellaneous Goods,-1,B,Consigner,73501,48.96183,0.978091,217067,36.33549,0.997982,1,2,14,0,6,0,2,26.409335201957536,49.485349035609424,9.01442135377861,0.0,0.1666666666666666,0.17578125,0.0,0.0
2577,5,1,0,148.293,1,42,157667,444694,-1,-64058,未知,Internal Software,-15502,583.42,Hardware,-1,C,Receiver,171554,11.66358,0.96811,755494,47.79985,0.978908,0,2,9,1,0,0,2,69.06443164317325,47.89018349830656,0.0,4.160496116273143,0.1802721088435374,0.0571428571428571,0.0,0.0
2578,2,0,1,7.23,136,222,130557,289995,-1,427834,未知,Vendor Consultation,38766,379.56,Dried Groceries,0,B,Receiver,693701,24.6654,0.994024,1179173,0.0,0.967948,0,6,5,1,2,0,2,83.60535432076018,77.81584876066215,93.95117460389936,13.64818237377021,0.1632653061224489,0.1598173515981735,1.5,0.0
2579,2,0,0,15.049,159,3,213208,208199,-1,427862,Suspected Lost,Internal Software,220224,186.88,Miscellaneous Goods,0,C,Receiver,569190,1.687581,0.914844,964521,0.0,0.879338,5,2,14,1,4,0,2,48.56404114139817,63.81099393925928,0.0,38.488427652918574,0.4210526315789473,0.1170212765957446,0.0,0.0
2580,2,0,1,643.85,215,106,15877,430767,-1,427855,Damage,Call,39755,677.93,Alcohol,0,C,Consigner,-1,98.24755,0.981873,190032,18.83644,0.993317,1,0,0,0,2,0,2,29.346301635096104,49.82089121674756,46.97040480882532,10.402948402948402,0.1111111111111111,0.1538461538461538,0.1827956989247312,0.0
2581,2,0,0,104.005,321,88,227346,415516,-1,427864,Pickup Error,Call,2086992,1348.06,Pharmaceuticals,0,B,Consigner,3721,83.02829,0.988964,70629,103.9061,0.97735,3,0,15,0,6,0,2,30.172814529434604,79.74310528281981,93.95808297694902,93.41154668728528,0.2941176470588235,0.2061855670103092,0.2585987261146497,0.0
2582,2,1,0,567.065,146,40,53085,420562,-1,427864,Pickup Error,Internal Software,-62462,594.07,Electronic Product,-1,Staff,Consigner,578799,0.0,0.988652,438856,0.108997,0.976175,3,2,6,0,0,0,2,75.50373567911244,43.97922503279143,4.661445935148661,25.52453400915652,0.3,0.1333333333333333,0.5,0.0
2583,2,0,0,376.519,3,13,223752,258315,-1,427860,Pickup Error,Internal Software,-81046,330.65,Electronic Product,-1,B,Consigner,82517,29.49896,0.996817,4847,34.46528,0.993251,3,2,6,0,0,0,2,41.966021036266106,58.69138621086622,247.3830924887306,0.0,0.1538461538461538,0.0909090909090909,0.3902439024390244,0.0
2584,2,0,0,0.0,178,3,111274,95816,-1,427826,Damage,Internal Software,-69438,152.86,Appliances,0,B,Consigner,362224,21.39793,0.977758,442605,4.890571,0.983232,1,2,2,0,0,0,2,59.71452989301516,63.81099393925928,79.87152508583453,157.71537354541073,0.1660079051383399,0.1170212765957446,0.0,0.0
2585,2,0,0,16.281,249,56,193650,61775,-1,-100389,未知,Call,-80250,102.82,Dried Groceries,0,B,Consigner,82598,25.203,0.999965,510809,19.10024,0.982909,0,0,5,0,0,0,2,80.79605912489077,9.118982064482928,48.10227495989376,0.0,0.125,0.4444444444444444,0.25,0.0
2586,2,1,0,117.018,99,47,1795,131135,-1,427792,Damage,Call,446889,217.62,Documents & Bills,-1,Staff,Receiver,260338,2.800349,0.979299,301227,1.111492,0.991222,1,0,4,1,5,0,2,65.94900544613762,133.85710800365322,314.6458421610748,1.6375191280722026,0.211864406779661,0.1333333333333333,0.0,2.0
2587,2,0,0,11.13,127,56,199261,271334,-1,427831,未知,Internal Software,1684738,231.36,Beauty & Daily Essentials,0,B,Consigner,59161,15.87188,0.981509,763775,56.34989,0.997889,0,2,3,0,6,0,2,59.84735359218162,9.118982064482928,70.13925554206644,0.0,0.1397849462365591,0.4444444444444444,0.2222222222222222,0.0
2588,3,0,0,19.71,197,7,183889,252374,-1,427732,未知,Call,1531466,120.5,Dried Groceries,-1,C,Consigner,801797,6.994622,0.998959,1110993,0.111903,0.972405,0,0,5,0,6,0,2,69.0135805405548,92.30255429171878,83.80393880479427,0.0,0.1162790697674418,0.1935483870967742,0.2442307692307692,0.0
2589,2,0,0,1.713,147,179,214277,268553,-1,427861,未知,Internal Software,101558,135.09,Electronic Product,0,B,Consigner,362970,30.07641,0.901802,81097,11.90597,0.996316,0,2,6,0,3,0,2,45.57215363038746,49.485349035609424,0.0,1.5519034741002704,0.2,0.17578125,0.0,0.0
2590,2,0,0,2.424,16,88,218624,78255,-1,34224,未知,Complaint,-24488,852.82,Hardware,0,C,Receiver,11569,24.48545,0.941349,480521,17.32919,0.987234,0,1,9,1,0,0,2,13.371818349972637,79.74310528281981,188.5865869242471,95.81888207680838,0.0,0.2061855670103092,0.0,0.0
2591,2,0,0,156.973,15,90,130462,30730,-1,427853,Damage,Complaint,2205388,974.09,Miscellaneous Goods,-1,B,Receiver,18612,78.27102,0.972588,250780,0.0,0.943987,1,1,14,1,6,0,2,80.35899212714475,48.608787432873726,0.0,2.1946105867720225,0.0909090909090909,0.1724137931034483,0.0,0.0
2592,2,1,0,482.87,70,319,83412,143760,-1,427861,Damage,Call,65333,283.74,Miscellaneous Goods,-1,C,Receiver,24595,23.29299,0.974739,294604,3.082028,0.971615,1,0,14,1,2,0,2,2.083504343902538,150.86048986331326,4.350473205135933,2.1110535009065847,0.0,0.275,0.0,0.0
2593,2,0,0,0.0,187,187,226776,56337,-1,427823,未知,Mini Program,324517,492.59,Documents & Bills,0,B,Consigner,58083,25.41636,0.998234,106785,56.23502,0.989972,0,4,4,0,5,0,2,50.57901513935886,71.38613126413931,3.5327214642390508,458.53,0.1261261261261261,0.1777777777777777,0.0,0.0
2594,2,0,0,61.922,197,137,193299,269191,-1,427860,未知,Vendor Consultation,2371030,233.54,Maternity & Baby Products,-1,B,Consigner,99241,9.763736,0.972574,676482,16.79424,0.981945,0,6,13,0,6,0,2,69.0135805405548,40.54514853954838,38.02940985942865,5.005911196387387,0.1162790697674418,0.1012658227848101,0.0,0.0
2595,3,0,0,174.173,42,0,218454,220882,-1,427834,Pickup Error,Call,-32916,1574.28,Household Goods,-1,B,Consigner,167448,64.76555,0.98048,232502,69.89784,0.913237,3,0,11,0,0,0,2,106.19017586084024,75.01688402479252,50.75191570881226,9.919709906897133,0.145631067961165,0.1507692307692307,0.0,0.0
2596,2,0,0,115.355,222,2,213517,86724,1,-69043,Damage,Call,-59667,2948.15,Furniture,-1,C,Consigner,334794,126.3934,0.906962,38689,126.7922,0.976117,1,0,8,0,0,0,2,44.00935888510234,93.3192184944359,,0.0,0.173469387755102,0.1111111111111111,,0.0
2597,2,0,0,340.082,158,7,176820,431627,1,427795,Pickup Error,Internal Software,342830,290.61,Miscellaneous Goods,-1,C,Consigner,153008,84.80918,0.994124,136285,29.63986,0.924259,3,2,14,0,5,0,2,166.88537928718344,92.30255429171878,25.94352246299482,74.34214531828675,0.1538461538461538,0.1935483870967742,0.0,0.5
2598,2,0,0,29.713,0,9,159060,443941,-1,105678,未知,Call,2091403,314.41,Hardware,-1,B,Unknown,131296,13.4959,0.968539,37938,50.44316,0.989557,0,0,9,3,6,0,2,57.22795965470159,48.86197232263893,0.0,0.2787095577437356,0.1678082191780822,0.5555555555555556,0.0,0.0
2599,2,0,0,5.806,1,187,112408,137096,-1,427863,Damage,Internal Software,334819,147.16,Beauty & Daily Essentials,-1,B,Consigner,15415,46.50667,0.984695,425642,18.94184,0.96266,1,2,3,0,5,0,2,69.06443164317325,71.38613126413931,8.802833188782884,25.297156837233015,0.1802721088435374,0.1777777777777777,0.0,0.0
2600,2,0,0,49.991,246,171,6778,111586,-1,427557,Pickup Error,Call,3367010,1722.85,Miscellaneous Goods,0,B,Consigner,70456,10.69057,0.994676,112213,15.61749,0.999317,3,0,14,0,6,0,2,87.28839398654806,25.362398449434867,0.0,825.5027192982454,0.1666666666666666,0.3333333333333333,0.0,0.0
2601,2,1,0,301.284,178,132,124141,177109,-1,79037,Pickup Error,Mini Program,-77118,100.9,Miscellaneous Goods,-1,C,Consigner,349699,44.25714,0.999838,510495,5.096734,0.98672,3,4,14,0,0,0,2,59.71452989301516,56.88193748364041,763.8347260909935,0.0,0.1660079051383399,0.1636363636363636,0.0,0.0
2602,2,0,0,148.306,118,111,212182,291802,-1,427864,未知,Internal Software,286859,288.74,Fresh,-1,C,Receiver,23804,7.223747,0.978624,476966,0.577143,0.876214,0,2,7,1,5,1,1,53.14439242584009,56.45734597268032,62.71522772083796,42.93588144765703,0.0,0.0666666666666666,0.5833333333333334,0.0
2603,2,0,0,1331.807,179,5,73585,23266,-1,-150266,Pickup Error,Call,730806,609.47,Hardware,0,B,Consigner,33319,109.3397,0.996439,162304,34.9639,0.998043,3,0,9,0,6,0,2,56.8349237193444,79.69800837324867,14.556292482371177,4.026468943328298,0.1497584541062802,0.0526315789473684,0.0,0.6666666666666666
2604,2,0,0,243.809,259,98,40219,128527,1,225134,Damage,Call,293378,1473.74,Documents & Bills,0,B,Receiver,17906,6.16916,0.999617,186126,10.00356,0.948315,1,0,4,1,5,0,2,178.71967312663023,65.32592348952949,0.0,0.1142619066810009,0.3333333333333333,0.0638297872340425,0.0,2.0
2605,2,0,0,32.368,146,211,300000,300000,-1,427864,未知,Call,815000000,1332.68,Miscellaneous Goods,0,C,Consigner,1704929,11.80178,0.999946,8394435,1.962703,0.836973,0,0,14,0,6,0,2,75.50373567911244,74.44213332427378,37.641990060787286,163.30068855149273,0.3,0.2777777777777778,0.52,0.5474358974358975
2606,2,0,0,306.749,137,136,98061,158971,-1,427862,Pickup Error,Call,974151,691.45,Miscellaneous Goods,0,B,Consigner,552915,40.87151,0.981899,33076,92.1833,0.996552,3,0,14,0,6,0,2,58.18470170477054,153.9090693587367,2.5625494594555653,5.034230589699704,0.1707317073170731,0.1428571428571428,0.0,0.0
2607,2,1,0,219.696,0,116,6166,340123,-1,134339,Pickup Error,Internal Software,-62897,538.32,Maternity & Baby Products,0,C,Receiver,3173,62.91947,0.984984,170031,143.6816,0.984152,3,2,13,1,0,0,2,57.22795965470159,0.0,0.4887392003448283,0.0,0.1678082191780822,0.0,0.0,0.0
2608,2,0,0,276.537,39,106,151568,118782,-1,427840,未知,Call,261683,138.21,Dried Groceries,0,B,Consigner,12104,24.48858,0.9933,638845,0.0,0.998303,0,0,5,0,5,0,2,118.98890217190385,49.82089121674756,4.207527634158423,6.620679277299689,0.1538461538461538,0.1538461538461538,0.0,0.0
2609,2,0,0,0.0,111,151,55628,149025,-1,91210,未知,Call,26751,109.1,Pharmaceuticals,0,C,Consigner,36297,14.68826,0.75656,426664,14.60137,0.954436,0,0,15,0,2,0,2,55.72588842983137,62.91307713975876,2.025741543479162,9.090719325345468,0.0384615384615384,0.1176470588235294,0.0,0.0
2610,2,0,0,845.637,40,190,77872,202323,-1,23910,未知,Internal Software,25769,996.09,Hardware,-1,B,Consigner,766,21.42341,0.982892,305801,70.32919,0.987226,0,2,9,0,2,0,2,13.814102694348689,47.29286625931772,11.7987460363927,0.0,0.3478260869565217,0.1052631578947368,0.0,0.0
2611,2,0,0,215.44,30,113,190672,186079,-1,24387,Damage,Call,1086706,1480.89,Furniture,0,C,Consigner,50449,0.0,0.799287,435867,43.87004,0.975156,1,0,8,0,6,0,2,175.3065209946958,75.03614438246761,8.001399664198216,0.0,0.0,0.2,0.0,0.0
2612,2,0,0,300.739,25,177,160393,288848,-1,427864,未知,Call,1351056,524.33,Furniture,0,B,Consigner,36001,108.1199,0.998697,170514,4.494364,0.855154,0,0,8,0,6,0,2,88.8237010925776,30.715102919262318,7.681459394330086,1.861159994134037,0.1843137254901961,0.25,0.0,2.0
2613,2,1,0,578.27,127,14,227346,103664,-1,427860,未知,Call,744328,406.62,Home Improvement and Building Material,-1,B,Receiver,321686,30.75425,0.989527,633436,10.03353,0.917096,0,0,10,1,6,0,2,59.84735359218162,62.29691250575112,93.95808297694902,6.800010826318781,0.1397849462365591,0.125,0.2585987261146497,0.0
2614,2,0,0,0.0,25,199,191849,392937,-1,427838,Damage,Call,53729,200.65,Miscellaneous Goods,0,C,Consigner,111698,14.46481,0.996559,113655,144.0158,0.993772,1,0,14,0,2,0,2,88.8237010925776,65.33437063477945,0.0,4.579838996795759,0.1843137254901961,0.3513513513513513,0.0,0.0
2615,2,1,0,116.419,3,3,163659,279223,-1,103457,Damage,Call,50481,1055.69,Hardware,0,B,Receiver,29777,7.622445,0.73125,271272,8.848834,0.96328,1,0,9,1,2,0,2,41.966021036266106,63.81099393925928,4.694862382669302,,0.1538461538461538,0.1170212765957446,0.3333333333333333,
2616,2,0,0,20.683,188,151,192521,346321,-1,-71454,未知,Call,198039,577.44,"Apparel, Footwear & Accessories",0,B,Unknown,743616,14.5097,0.99994,510710,0.0,0.875647,0,0,1,3,4,0,2,47.62317230513968,62.91307713975876,,17.01694023576682,0.2051282051282051,0.1176470588235294,,0.3333333333333333
2617,3,0,0,3.463,133,178,227346,77274,-1,64008,Pickup Error,Call,30740,104.42,Alcohol,0,C,Consigner,66429,56.20351,0.974958,756720,21.4627,0.956692,3,0,0,0,2,0,2,66.60560181682781,75.72709977879157,93.95808297694902,60.324879011495945,0.1515151515151515,0.2073170731707317,0.2585987261146497,0.3333333333333333
2618,2,0,0,1460.537,2,93,183889,448407,-1,427835,Damage,Call,10230,330.85,Beauty & Daily Essentials,0,B,Receiver,2610,115.645,0.995777,4282,69.75325,0.989974,1,0,3,1,2,0,2,56.04468495785089,41.18230514125912,83.80393880479427,0.0,0.0935960591133004,0.0357142857142857,0.2442307692307692,0.0
2619,2,0,0,2.117,235,129,14084,67701,0,427809,Damage,Internal Software,435922,213.92,Alcohol,0,C,Receiver,834521,26.66157,0.991782,555202,18.65071,0.91039,1,2,0,1,5,0,2,47.19797237469512,32.940966148420515,69.64123028029817,4.833010073202778,0.1538461538461538,0.2285714285714285,0.1481481481481481,0.0
2620,2,0,0,0.0,100,100,49171,420934,-1,427783,未知,Internal Software,677354,142.41,Furniture,0,B,Consigner,101436,25.37089,0.977491,1148027,4.415337,0.944599,0,2,8,0,6,0,2,57.27817095022288,111.92654089931048,5.861580730527416,0.0,0.1162790697674418,0.1985815602836879,0.0,0.0
2621,2,0,0,722.836,106,88,42026,300000,-1,427864,未知,Internal Software,567000000,3201.21,Miscellaneous Goods,-1,C,Consigner,80487314,137.5303,0.995862,62999563,18.8597,0.991795,0,2,14,0,6,0,2,36.14329446399336,79.74310528281981,262.6067922046753,163.30068855149273,0.2692307692307692,0.2061855670103092,0.2222222222222222,0.5474358974358975
2622,2,0,0,245.654,146,257,209602,322725,-1,-188762,未知,Call,403000000,2349.56,Alcohol,-1,B,Receiver,58785624,58.19101,0.993151,70540984,162.6142,0.999987,0,0,0,1,6,0,2,75.50373567911244,188.1296835034576,92.7919306651536,33.01665652678206,0.3,0.2307692307692307,0.5909090909090909,0.6363636363636364
2623,2,0,0,10.666,1,181,227346,86040,-1,-87656,未知,Call,140726,1895.01,Beauty & Daily Essentials,-1,B,Consigner,525293,9.160972,0.953181,876331,6.483071,0.701766,0,0,3,0,3,0,2,69.06443164317325,45.1926466370765,93.95808297694902,9.514618223105307,0.1802721088435374,0.2325581395348837,0.2585987261146497,1.0
2624,2,0,0,2.224,5,180,214156,353133,-1,427850,Pickup Error,Internal Software,381400,100.12,Furniture,-1,C,Consigner,1055247,0.283068,0.985282,975111,2.671589,0.977701,3,2,8,0,5,0,2,64.35039757274271,113.61191858430128,3.996399589610633,6.374625694078799,0.0975609756097561,0.0,0.0,0.0
2625,2,0,0,98.681,146,190,205318,22402,-1,427813,Damage,Complaint,-10011,263.7,Furniture,0,C,Receiver,33522,0.17209,0.998919,188050,1.842571,0.978367,1,1,8,1,0,0,2,75.50373567911244,47.29286625931772,0.0,2.7617517986277904,0.3,0.1052631578947368,0.0,0.25
2626,2,1,0,74.121,154,253,225809,199880,-1,427700,未知,Call,-77768,192.52,Furniture,0,B,Unknown,294092,33.06229,0.930753,723752,0.0,0.995886,0,0,8,3,0,0,2,190.80840863226405,69.88451229595863,121.96191973593312,6.445968599811501,0.0,0.208955223880597,0.2,0.0
2627,2,0,0,634.688,117,211,35359,252142,-1,427846,Pickup Error,Call,-25027,122.2,Jewelry,0,C,Consigner,206367,27.72094,0.942249,554809,16.61762,0.972895,3,0,12,0,0,0,2,57.51283596595224,74.44213332427378,0.0,0.0,0.1052631578947368,0.2777777777777778,0.0,0.0
2628,2,0,0,30.805,167,253,205515,320738,-1,68217,未知,Call,260353,1291.55,Miscellaneous Goods,0,B,Receiver,144998,10.78127,0.914304,246705,20.93147,0.941038,0,0,14,1,5,0,2,58.72738978596847,69.88451229595863,0.0,25.80509062344365,0.3636363636363636,0.208955223880597,0.0,0.0
2629,2,1,0,83.011,63,227,201787,336568,-1,427785,Pickup Error,Call,372134,201.87,Miscellaneous Goods,0,B,Consigner,828140,4.293965,0.953133,13188,9.825915,0.999601,3,0,14,0,5,0,2,87.51932180035882,20.902623722887064,151.60579744998205,0.0,0.2022471910112359,0.1764705882352941,0.4444444444444444,0.0
2630,2,0,0,127.145,222,2,55906,411096,-1,-25259,Suspected Lost,Mini Program,322210,991.17,Hardware,0,B,Consigner,147226,5.058914,0.969875,384554,16.86633,0.999915,5,4,9,0,5,0,2,44.00935888510234,93.3192184944359,111.74456345342422,0.0,0.173469387755102,0.1111111111111111,0.0,0.0
2631,2,0,0,6.809,185,178,215974,300000,1,427864,未知,Vendor Consultation,242000000,2629.15,Furniture,-1,C,Consigner,2170122,1.59289,0.954576,172000000,8.625605,0.95958,0,6,8,0,6,0,2,64.67006111935692,75.72709977879157,81.4699013359998,163.30068855149273,0.1851851851851851,0.2073170731707317,0.4375,0.5474358974358975
2632,2,0,0,15.147,134,199,63229,204001,-1,232726,Damage,Call,3577976,555.97,Household Goods,0,B,Receiver,111919,10.7199,0.999992,31438,76.14556,0.969482,1,0,11,1,6,0,2,42.53778943894619,65.33437063477945,0.0,,0.1538461538461538,0.3513513513513513,0.0,
2633,3,0,0,92.085,25,67,104192,88430,-1,427861,未知,Call,95970,222.42,Documents & Bills,0,B,Consigner,2183567,0.0,0.977255,209941,9.441815,0.862463,0,0,4,0,3,0,2,88.8237010925776,20.96220950079605,1.537898416615258,16.011892696642057,0.1843137254901961,0.0,0.0,0.0
2634,2,0,0,66.153,144,0,15345,160485,-1,427735,Suspected Lost,Call,293822,1079.21,Fresh,1,C,Consigner,116937,36.58722,0.950539,705786,0.0,0.851017,5,0,7,0,5,1,1,117.82362942315469,75.01688402479252,0.0,0.0,0.1333333333333333,0.1507692307692307,0.0,0.0
2635,3,0,0,0.0,13,190,209874,194805,-1,-70050,未知,Call,180480,123.01,Hardware,0,B,Receiver,78407,2.376386,0.579451,711886,0.0,0.925936,0,0,9,1,4,0,2,117.72169897217258,47.29286625931772,0.0,0.4304551510723342,0.2748538011695906,0.1052631578947368,0.0,0.0
2636,2,0,0,603.189,147,164,166653,300755,-1,427725,未知,Call,351388,459.7,Miscellaneous Goods,-1,B,Consigner,226359,7.054244,0.97082,743441,5.146822,0.95666,0,0,14,0,5,0,2,45.57215363038746,49.08316346381199,1.8113718753782253,0.5900215902410101,0.2,0.1458333333333333,0.0,0.0
2637,1,0,0,302.141,13,146,181713,211362,-1,427864,未知,Call,264786,375.16,Jewelry,0,B,Consigner,211569,190.7331,0.990523,1605484,8.712418,0.964188,0,0,12,0,5,0,2,117.72169897217258,100.44850004559429,1.510468807214552,21.061364793753185,0.2748538011695906,0.1071428571428571,0.0,0.0
2638,2,0,0,48.964,112,102,204450,425820,-1,124979,未知,Internal Software,626327,832.22,Household Goods,-1,B,Consigner,35658,0.696707,0.984714,244236,17.52223,0.951863,0,2,11,0,6,0,2,120.16911840370844,127.44248338763862,1.0442866205715098,0.0,0.2142857142857142,0.1789473684210526,0.0,0.0
2639,2,0,0,29.626,185,39,146224,441221,-1,427773,Pickup Error,Call,545670,114.95,Furniture,-1,C,Consigner,54926,0.109045,0.995431,244051,39.26911,0.973262,3,0,8,0,5,0,2,64.67006111935692,44.92391936878398,0.0,91.95176113319074,0.1851851851851851,0.0,0.0,0.0
2640,2,0,0,76.12,158,322,86976,354443,-1,-193,Damage,Call,421361,418.24,Hardware,0,B,Consigner,1003037,35.01451,0.95724,14488,2.806715,0.978281,1,0,9,0,5,0,2,166.88537928718344,58.30792878609847,,0.0,0.1538461538461538,0.2777777777777778,,0.0
2641,2,0,0,93.14,164,133,75411,236968,-1,427589,Pickup Error,Internal Software,1192857,658.33,Miscellaneous Goods,-1,B,Consigner,190718,85.27828,0.997934,105920,26.1288,0.955455,3,2,14,0,6,0,2,59.72498410518864,67.74347839244929,,0.0,0.1617647058823529,0.1929824561403508,,0.0
2642,2,0,0,427.405,42,164,187171,4233,-1,-11778,Damage,Call,504931,1317.9,Hardware,0,B,Consigner,718629,2.717039,0.988619,19022,168.8527,0.984499,1,0,9,0,5,0,2,106.19017586084024,49.08316346381199,0.0,0.0,0.145631067961165,0.1458333333333333,0.0,0.0
2643,3,0,0,44.811,224,140,183889,120766,-1,-13378,Damage,Vendor Consultation,350203,232.75,Jewelry,0,B,Consigner,17802,15.48494,0.994037,527511,27.31218,0.983274,1,6,12,0,5,0,2,1.1863996230597198,32.04443699722811,83.80393880479427,27.27157451642113,0.0,0.1515151515151515,0.2442307692307692,0.0
2644,2,0,0,386.539,134,99,13855,279068,-1,427799,Damage,Mini Program,348107,692.2,Jewelry,0,B,Consigner,358275,130.7561,0.988119,8219,169.1002,0.937474,1,4,12,0,5,0,2,42.53778943894619,39.75074374258253,252.49836284503536,0.0,0.1538461538461538,0.1505376344086021,0.3181818181818182,0.0
2645,2,0,0,356.878,146,88,181897,298589,-1,72099,Suspected Lost,Call,959737,610.25,Miscellaneous Goods,-1,B,Consigner,483981,104.9577,0.940371,21363,36.83477,0.98067,5,0,14,0,6,0,2,75.50373567911244,79.74310528281981,33.86932688688995,0.0,0.3,0.2061855670103092,0.0,0.0
2646,2,0,0,166.492,47,212,227346,300000,-1,409761,Damage,Call,807000000,2471.56,"Apparel, Footwear & Accessories",0,C,Unknown,55257433,118.0807,0.985237,31921814,91.09415,0.998933,1,0,1,3,6,0,2,42.58914280906974,133.2668484517222,93.95808297694902,163.30068855149273,0.24,0.36,0.2585987261146497,0.5474358974358975
2647,2,0,0,8.394,10,271,191077,24744,-1,427863,Damage,Call,164325,143.53,Fresh,0,B,Consigner,1109260,0.0,0.922132,1619073,0.0,0.92544,1,0,7,0,3,1,1,75.08706991822723,24.09621176644301,1.670167225066142,0.0,0.0952380952380952,0.3448275862068966,0.3333333333333333,0.0
2648,2,0,0,17.319,27,7,199261,388646,-1,427862,未知,Call,985656,790.46,Household Goods,0,C,Unknown,1430371,0.0,0.983837,347316,0.0,0.982219,0,0,11,3,6,0,2,94.032370683866,92.30255429171878,70.13925554206644,6.145954768011192,0.0983606557377049,0.1935483870967742,0.2222222222222222,0.0
2649,2,0,0,151.788,193,203,183889,300000,-1,423996,Suspected Lost,Call,619000000,1349.78,Household Goods,0,C,Consigner,164222,119.5667,0.931973,81239100,16.89902,0.992783,5,0,11,0,6,0,2,99.9740257904606,73.82922603912272,83.80393880479427,163.30068855149273,0.2307692307692307,0.25,0.2442307692307692,0.5474358974358975
2650,2,0,0,219.71,25,151,215974,300000,-1,426704,Pickup Error,Call,886000000,1647.14,Jewelry,0,B,Consigner,79436504,4.835025,0.971688,98433191,79.97445,0.946441,3,0,12,0,6,0,2,88.8237010925776,62.91307713975876,81.4699013359998,163.30068855149273,0.1843137254901961,0.1176470588235294,0.4375,0.5474358974358975
2651,2,1,1,173.853,151,268,19561,50529,-1,427817,Pickup Error,Call,15352,769.2,Miscellaneous Goods,-1,Not Known,Receiver,12247,0.0,0.937201,792964,0.0,0.950542,3,0,14,1,2,0,2,55.000321274151965,130.15540902762945,85.5076503086484,14.38515893329833,0.0828402366863905,0.2727272727272727,0.0,0.0
2652,2,1,0,8.711,109,33,147417,378404,-1,-73015,Damage,Call,-24319,554.8,Hardware,-1,C,Unknown,22237,28.2304,0.866741,47391,1.44087,0.99155,1,0,9,3,0,0,2,45.374295092323,36.78825873504067,10.341006150389106,,0.25,0.3225806451612903,0.0,
2653,2,0,0,452.648,0,117,205525,280537,-1,427864,Damage,Call,367613,2754.28,Miscellaneous Goods,0,B,Unknown,413196,7.490877,0.998366,885272,6.716708,0.960286,1,0,14,3,5,0,2,57.22795965470159,66.62484724143525,185.9951346207422,137.07996240407465,0.1678082191780822,0.0689655172413793,0.3333333333333333,0.6666666666666666
2654,2,0,0,0.146,201,107,227346,211546,-1,-246938,未知,Internal Software,-5300,361.82,Miscellaneous Goods,-1,C,Consigner,235835,22.99246,0.927282,160730,2.094445,0.972626,0,2,14,0,0,0,2,116.26723222288638,103.77469026595364,93.95808297694902,0.4365899117732442,0.4814814814814814,0.1846153846153846,0.2585987261146497,0.0
2655,2,0,0,342.944,153,219,197553,374235,-1,427840,Damage,Internal Software,6620,272.91,Pharmaceuticals,-1,C,Receiver,491783,48.36569,0.99388,114386,12.04005,0.867711,1,2,15,1,2,0,2,15.382016431597313,77.51992483992979,312.78449282805343,36.20597235314875,0.0952380952380952,0.2,0.2608695652173913,0.0
2656,2,0,0,20.148,179,222,14084,390255,1,-147849,Pickup Error,Call,303270,378.23,Hardware,0,B,Consigner,1429243,8.170506,0.995859,12898,78.89317,0.968664,3,0,9,0,5,0,2,56.8349237193444,77.81584876066215,69.64123028029817,1.479317634022226,0.1497584541062802,0.1598173515981735,0.1481481481481481,0.0
2657,2,1,0,33.623,164,144,183889,300000,-1,427864,未知,Call,169000000,1133.45,Fresh,-1,B,Consigner,3205,49.14841,0.98049,1160000000,15.6151,0.972967,0,0,7,0,6,1,1,59.72498410518864,181.3163918567093,83.80393880479427,163.30068855149273,0.1617647058823529,0.2727272727272727,0.2442307692307692,0.5474358974358975
2658,2,1,0,237.98,196,50,178621,300000,-1,198015,Damage,Call,923000000,2105.42,Miscellaneous Goods,-1,B,Receiver,70750,30.20802,0.986978,42825105,26.33235,0.835097,1,0,14,1,6,0,2,25.80494767740001,39.67417888170578,280.63216304947264,163.30068855149273,0.2666666666666666,0.1666666666666666,0.391304347826087,0.5474358974358975
2659,2,0,0,0.0,15,55,183889,249448,-1,427635,未知,Call,-25654,127.1,Miscellaneous Goods,0,C,Consigner,57901,0.165833,0.991572,1661985,15.09472,0.955869,0,0,14,0,0,0,2,80.35899212714475,119.73828509963953,83.80393880479427,37.60541221438717,0.0909090909090909,0.1538461538461538,0.2442307692307692,0.0
2660,2,1,0,96.978,197,136,44842,360864,-1,-181050,Suspected Lost,Internal Software,32947,1303.19,Alcohol,-1,C,Receiver,65389,1.655919,0.999984,574047,1.20859,0.970826,5,2,0,1,2,0,2,69.0135805405548,153.9090693587367,0.0,0.0,0.1162790697674418,0.1428571428571428,0.0,0.0
2661,2,0,0,235.51,11,43,197765,373657,-1,427592,未知,Call,-66873,1069.71,Documents & Bills,-1,B,Consigner,138888,43.71601,0.984292,1140252,7.054404,0.894974,0,0,4,0,0,0,2,46.140341664130425,47.014223570793376,3.03553927111477,44.64170359798693,0.1724137931034483,0.1428571428571428,0.0,0.0
2662,2,0,0,152.899,168,132,224841,137850,-1,427685,未知,Call,923838,375.33,Miscellaneous Goods,-1,B,Consigner,168476,6.51752,0.98257,514785,54.62611,0.852295,0,0,14,0,6,0,2,114.70883773869524,56.88193748364041,169.77832896859522,5.405852183618973,0.064516129032258,0.1636363636363636,0.4545454545454545,1.0
2663,2,0,0,28.673,25,135,23399,237155,-1,427795,Pickup Error,Vendor Consultation,65864,159.49,Alcohol,0,B,Receiver,178137,31.01712,0.968184,132463,9.042028,0.994139,3,6,0,1,2,0,2,88.8237010925776,125.17131951667804,0.0,1.0129209436340716,0.1843137254901961,0.3414634146341463,0.0,0.0
2664,3,1,0,180.84,127,178,14392,7143,-1,-17676,未知,Call,173494,281.47,Hardware,0,C,Consigner,208413,0.0,0.97735,464472,48.59896,0.98725,0,0,9,0,4,0,2,59.84735359218162,75.72709977879157,11.687343075085844,1.6452560725147658,0.1397849462365591,0.2073170731707317,0.0,0.0
2665,2,0,0,116.163,107,4,191336,300000,1,427864,未知,Call,215000000,1148.25,Electronic Product,-1,B,Receiver,462706,4.066284,0.966099,787000000,85.37693,0.999302,0,0,6,1,6,0,2,69.59539401792847,81.2740685764068,180.7374456919535,163.30068855149273,0.135593220338983,0.2439024390243902,0.3846153846153846,0.5474358974358975
2666,2,0,0,191.927,222,253,227346,402001,-1,427833,Suspected Lost,Call,98915,144.49,Household Goods,1,C,Consigner,300972,39.07136,0.999613,568409,24.26037,0.917731,5,0,11,0,3,0,2,44.00935888510234,69.88451229595863,93.95808297694902,124.55638247892772,0.173469387755102,0.208955223880597,0.2585987261146497,1.5
2667,2,0,0,3292.504,55,268,113266,72780,-1,-98670,Damage,Call,55590,1028.02,Hardware,0,B,Consigner,107920,75.38796,0.99665,128415,0.532781,0.985552,1,0,9,0,2,0,2,35.60364621033194,130.15540902762945,0.0,0.0,0.1212121212121212,0.2727272727272727,0.0,0.0
2668,2,0,0,11.003,268,278,183889,225084,-1,427843,未知,Internal Software,159074,292.72,Alcohol,0,B,Receiver,1282251,40.21972,0.981859,69586,16.85045,0.980458,0,2,0,1,3,0,2,96.84596855953218,46.0922146974701,83.80393880479427,0.3305625266582683,0.1823899371069182,0.0434782608695652,0.2442307692307692,0.0
2669,2,0,0,244.713,151,26,181103,225475,-1,427825,未知,Internal Software,535476,582.43,Home Improvement and Building Material,-1,C,Consigner,607101,72.77477,0.995938,192709,11.55106,0.970311,0,2,10,0,5,0,2,55.000321274151965,68.6759562379523,33.04351601812015,27.845003866433057,0.0828402366863905,0.0769230769230769,0.0,0.0
2670,3,0,1,12.007,146,102,209602,300000,1,427864,Damage,Call,56153911,1013.52,Miscellaneous Goods,0,C,Consigner,229000000,6.317812,0.96205,480803,72.44487,0.983961,1,0,14,0,6,0,2,75.50373567911244,127.44248338763862,92.7919306651536,163.30068855149273,0.3,0.1789473684210526,0.5909090909090909,0.5474358974358975
2671,2,1,0,253.485,175,151,300000,300000,-1,-186038,未知,Internal Software,912000000,1018.05,Miscellaneous Goods,-1,B,Consigner,2062924,4.803504,0.922588,3090000000,0.0,0.985252,0,2,14,0,6,0,2,110.32680013625952,62.91307713975876,37.641990060787286,163.30068855149273,0.3333333333333333,0.1176470588235294,0.52,0.5474358974358975
2672,2,0,0,597.113,167,137,176002,146056,1,427769,未知,Call,345680,502.36,Home Improvement and Building Material,0,B,Consigner,21910,36.30358,0.981001,570237,37.36517,0.968068,0,0,10,0,5,0,2,58.72738978596847,40.54514853954838,0.0,18.079162502307938,0.3636363636363636,0.1012658227848101,0.0,0.5
2673,2,0,0,72.721,15,157,195303,378922,-1,-81352,未知,Call,-62503,120.87,Hardware,-1,C,Consigner,483671,3.62524,0.996476,539507,10.04078,0.94211,0,0,9,0,0,0,2,80.35899212714475,166.21433105480688,0.0,0.0,0.0909090909090909,0.6428571428571429,0.0,0.0
2674,1,1,0,212.391,38,1,193778,95024,-1,427847,未知,Vendor Consultation,1457849,1397.4,Electronic Product,0,B,Consigner,167105,173.6501,0.980683,759337,32.83031,0.91473,0,6,6,0,6,0,2,83.3897689719621,69.89628878079544,0.0,2.903834396333103,0.3442622950819672,0.12,0.0,0.0
2675,2,0,0,95.941,110,0,125764,317756,-1,427856,未知,Call,1195658,242.08,Miscellaneous Goods,-1,Staff,Receiver,2216726,15.47317,0.99007,310276,0.491694,0.999887,0,0,14,1,6,0,2,110.78491220508148,75.01688402479252,56.0885472184815,23.96679135502755,0.2539682539682539,0.1507692307692307,0.5,0.0
2676,2,1,0,1083.024,297,181,183889,300000,-1,55177,Suspected Lost,Call,736000000,1859.92,Jewelry,-1,B,Consigner,3350292,186.9249,0.926559,16838535,58.4053,0.965707,5,0,12,0,6,0,2,28.535314885327075,45.1926466370765,83.80393880479427,163.30068855149273,0.0,0.2325581395348837,0.2442307692307692,0.5474358974358975
2677,2,0,0,468.247,246,25,22076,350141,-1,427784,Damage,Call,-81974,161.08,Miscellaneous Goods,-1,C,Consigner,782821,7.098016,0.969256,527177,2.801821,0.98687,1,0,14,0,0,0,2,87.28839398654806,58.087333342513965,,0.3771414386350495,0.1666666666666666,0.14,,1.0
2678,2,0,0,25.489,277,253,39908,145498,-1,427828,未知,Call,30227,694.53,Miscellaneous Goods,0,B,Consigner,2287105,14.48792,0.954629,767891,0.0,0.997682,0,0,14,0,2,0,2,70.53199433944796,69.88451229595863,22.43384941598145,26.67535502575863,0.25,0.208955223880597,0.0,0.0
2679,2,0,0,25.289,152,194,109188,178317,-1,427854,未知,Internal Software,-60122,354.9,Miscellaneous Goods,0,B,Consigner,35918,6.293763,0.993695,1024497,32.6937,0.994839,0,2,14,0,0,0,2,97.86133232302556,91.59167001694736,6.343372917214183,58.77739233437685,0.2702702702702703,0.1785714285714285,0.0,0.0
2680,2,1,0,37.28,13,246,183889,300000,-1,427864,未知,Internal Software,681000000,4552.62,Furniture,0,B,Consigner,2113389,37.51056,0.96061,2594485,116.3234,0.989906,0,2,8,0,6,0,2,117.72169897217258,81.33591719373736,83.80393880479427,163.30068855149273,0.2748538011695906,0.4318181818181818,0.2442307692307692,0.5474358974358975
2681,3,1,0,6.383,138,99,44383,70561,-1,-65591,Pickup Error,Call,-77109,103.95,Hardware,-1,C,Consigner,31463,1.418161,0.967058,671981,2.034548,0.984652,3,0,9,0,0,0,2,10.095874078120213,39.75074374258253,17.860587552892706,0.0,0.0909090909090909,0.1505376344086021,0.0,0.0
2682,2,0,0,7.267,132,146,181360,218875,-1,427863,未知,Call,1204397,251.02,Alcohol,0,C,Consigner,2401310,7.219813,0.94318,822119,0.66895,0.837078,0,0,0,0,6,0,2,52.70819341651338,100.44850004559429,17.793523844052274,13.87876330005579,0.2071428571428571,0.1071428571428571,0.0,0.0
2683,2,0,0,17.29,91,56,187319,88080,-1,90461,Pickup Error,Mini Program,361226,664.75,Pharmaceuticals,-1,C,Receiver,762452,21.80509,0.99657,1685315,5.873794,0.935668,3,4,15,1,5,0,2,22.138572095820624,9.118982064482928,211.3608413573788,0.0,0.2307692307692307,0.4444444444444444,0.5,0.0
2684,2,0,0,11.305,4,132,110996,137139,-1,427844,Pickup Error,Call,31874,582.73,Dried Groceries,0,C,Consigner,477139,10.50104,0.982183,613045,18.2193,0.919539,3,0,5,0,2,0,2,60.02737754693536,56.88193748364041,47.357171881349046,13.332788155105607,0.1592356687898089,0.1636363636363636,1.0,0.25
2685,1,1,0,589.513,194,1,68964,61562,-1,427862,Damage,Internal Software,167733,827.72,Miscellaneous Goods,0,B,Receiver,350716,132.7442,0.959927,35931,39.20241,0.995458,1,2,14,1,3,0,2,149.3218894878137,69.89628878079544,344.27,0.0,0.375,0.12,0.0,0.0
2686,2,0,1,702.882,178,6,144731,292177,-1,427843,Pickup Error,Internal Software,3040412,2146.41,Appliances,-1,B,Consigner,363131,8.384837,0.958702,59407,24.17548,0.95156,3,2,2,0,6,0,2,59.71452989301516,77.94187064631588,0.0,0.0,0.1660079051383399,0.1875,0.0,0.0
2687,5,0,0,178.171,1,96,213341,108162,-1,-26278,Damage,Call,125577,162.84,Hardware,-1,B,Unknown,256441,131.1607,0.982999,7005,74.52335,0.93796,1,0,9,3,3,0,2,69.06443164317325,114.16873400512304,179.34885717102892,102.91323038421076,0.1802721088435374,0.2,0.2857142857142857,0.0
2688,2,0,0,168.418,99,259,197250,257734,-1,-112558,未知,Call,270711,2778.5,Electronic Product,-1,C,Consigner,676311,28.91338,0.983467,211977,0.0,0.973786,0,0,6,0,5,0,2,65.94900544613762,5.265301021814438,0.0,,0.211864406779661,0.0,0.0,
2689,1,0,0,1444.144,25,164,40860,361394,-1,-53264,未知,Call,1147233,741.68,Pharmaceuticals,-1,B,Receiver,642415,14.51602,0.998068,476132,24.8227,0.941345,0,0,15,1,6,0,2,88.8237010925776,49.08316346381199,1.0559889256785826,0.0,0.1843137254901961,0.1458333333333333,0.0,0.0
2690,5,0,1,50.125,179,62,187884,412950,-1,119884,Suspected Lost,Call,28767,314.94,Miscellaneous Goods,-1,B,Unknown,1119469,31.90676,0.957526,218053,30.1373,0.990017,5,0,14,3,2,0,2,56.8349237193444,26.44942264549353,0.0,,0.1497584541062802,0.1111111111111111,0.0,
2691,2,0,0,19.013,3,63,14084,212899,-1,427863,未知,Vendor Consultation,237134,1367.23,Miscellaneous Goods,0,B,Consigner,52436,36.47451,0.963973,29189,66.34322,0.907029,0,6,14,0,4,0,2,41.966021036266106,52.20261068322199,69.64123028029817,80.54197037289836,0.1538461538461538,0.2941176470588235,0.1481481481481481,0.3103448275862069
2692,2,1,0,152.315,102,215,205604,169406,-1,427852,未知,Mini Program,5513,1083.84,Miscellaneous Goods,-1,C,Unknown,108946,11.60349,0.983218,296788,23.43448,0.992791,0,4,14,3,2,0,2,84.99396693620673,76.55751163645215,61.82169041782026,81.53312548696682,0.1518987341772152,0.1515151515151515,0.4166666666666667,0.3333333333333333
2693,2,1,0,731.899,35,137,215518,381498,-1,-201496,Suspected Lost,Call,1252100,1117.45,Hardware,-1,B,Receiver,2326,22.24556,0.996188,85388,76.98479,0.99445,5,0,9,1,6,0,2,152.40424014651626,40.54514853954838,,0.0,0.4761904761904761,0.1012658227848101,,0.0
2694,2,0,0,2.001,109,0,223902,283451,-1,427863,Damage,Mini Program,-76601,116.2,Jewelry,-1,B,Consigner,1100,90.39394,0.986083,198359,97.12546,0.976944,1,4,12,0,0,0,2,45.374295092323,75.01688402479252,0.0,2.6469692354553764,0.25,0.1507692307692307,0.0,0.0
2695,2,1,0,43.851,25,106,114787,107037,-1,427792,未知,Call,350310,477.7,Maternity & Baby Products,0,B,Receiver,580413,142.5495,0.992802,149139,22.0638,0.909368,0,0,13,1,5,0,2,88.8237010925776,49.82089121674756,2.1124322122361687,9.271031393326354,0.1843137254901961,0.1538461538461538,0.0,0.5
2696,2,0,0,220.982,127,304,220693,183981,-1,427836,Pickup Error,Call,-69887,341.91,Household Goods,0,C,Receiver,293323,22.29071,0.995233,617568,19.82045,0.974858,3,0,11,1,0,0,2,59.84735359218162,119.9044964028777,1.2467033467562751,0.0,0.1397849462365591,0.0,0.0,0.0
2697,2,0,0,203.771,63,15,200008,188776,-1,427665,Pickup Error,Call,1329887,680.9,Maternity & Baby Products,0,B,Receiver,722379,23.32237,0.994687,558724,6.58415,0.893036,3,0,13,1,6,0,2,87.51932180035882,76.467556088998,0.4700185594991093,77.98060189772752,0.2022471910112359,0.1296296296296296,0.0,0.0
2698,5,0,0,306.84,178,268,20488,77186,-1,427848,未知,Call,4274754,1766.5,Miscellaneous Goods,-1,Not Known,Staff,314143,8.70144,0.992632,411479,10.61585,0.963583,0,0,14,2,6,0,2,59.71452989301516,130.15540902762945,0.0,0.0,0.1660079051383399,0.2727272727272727,0.0,0.0
2699,1,0,0,80.097,297,246,15877,18764,-1,427445,未知,Call,595757,697.74,Miscellaneous Goods,0,C,Receiver,701916,6.705605,0.954031,420477,5.362041,0.982131,0,0,14,1,5,0,2,28.535314885327075,81.33591719373736,46.97040480882532,,0.0,0.4318181818181818,0.1827956989247312,
2700,2,0,0,497.543,0,42,144731,187107,-1,58755,未知,Call,645332,268.93,Appliances,-1,C,Consigner,603385,109.0261,0.994859,610897,15.46506,0.967639,0,0,2,0,6,0,2,57.22795965470159,47.89018349830656,0.0,,0.1678082191780822,0.0571428571428571,0.0,
2701,5,1,0,0.0,117,130,116830,97159,-1,427857,未知,Mini Program,695914,352.72,Alcohol,0,C,Consigner,43396,0.0,0.976665,277311,0.231732,0.934562,0,4,0,0,6,0,2,57.51283596595224,42.32195994529707,47.17189825346653,57.18286710748978,0.1052631578947368,0.125,0.0,0.5
2702,2,0,0,6.009,287,168,190165,244588,-1,427831,未知,Vendor Consultation,-37072,270.81,Jewelry,0,Not Known,Consigner,817043,74.01382,0.934537,660083,3.639259,0.923418,0,6,12,0,0,0,2,8.162866826396543,122.833580311983,82.37738910636585,34.477050096911604,0.0,0.2608695652173913,0.0666666666666666,0.6666666666666666
2703,2,1,0,15.558,189,96,205525,186803,-1,427851,未知,Internal Software,9359,631.64,Fresh,-1,C,Receiver,210375,11.19203,0.959379,1676754,9.922611,0.96436,0,2,7,1,2,1,1,195.03697485801985,114.16873400512304,185.9951346207422,13.409858293028307,0.2619047619047619,0.2,0.3333333333333333,0.0
2704,2,0,0,650.633,204,176,15877,869,-1,427863,未知,Call,2823150,869.69,Miscellaneous Goods,-1,Not Known,Consigner,190816,82.56383,0.898844,146741,95.57022,0.791811,0,0,14,0,6,0,2,0.0,22.555021711690088,46.97040480882532,0.0,0.0,0.5,0.1827956989247312,0.0
2705,2,0,0,1092.555,142,114,184981,256872,-1,-16645,Damage,Call,378650,1532.74,Home Improvement and Building Material,0,C,Consigner,53356,1.338702,0.918156,194149,1.094355,0.967429,1,0,10,0,5,0,2,91.575345523678,32.542608500339675,57.28706704421578,,0.1756756756756756,0.0909090909090909,0.0,
2706,2,1,0,0.0,2,190,132961,111586,-1,427768,未知,Call,-77360,518.1,Electronic Product,0,B,Consigner,31202,10.30775,0.977134,2414066,0.0,0.974487,0,0,6,0,0,0,2,56.04468495785089,47.29286625931772,0.0,825.5027192982454,0.0935960591133004,0.1052631578947368,0.0,0.0
2707,2,0,0,108.82,222,180,193615,132773,1,427862,未知,Call,-67932,1096.19,Fresh,-1,B,Unknown,297751,42.92053,0.991784,302503,22.50747,0.964776,0,0,7,3,0,1,1,44.00935888510234,113.61191858430128,44.1771958531737,27.51805314846909,0.173469387755102,0.0,0.0,1.0
2708,2,0,0,12.648,199,25,22030,337810,-1,170358,未知,Internal Software,131768,215.24,Dried Groceries,-1,B,Consigner,213336,0.0,0.930326,1435780,0.0,0.88561,0,2,5,0,3,0,2,85.77074119936532,58.087333342513965,22.55257925481333,0.0,0.1063829787234042,0.14,0.0,0.0
2709,2,0,0,125.866,55,178,14084,358938,-1,427815,Pickup Error,Call,53489,476.05,Miscellaneous Goods,-1,B,Consigner,957,48.87194,0.980897,377965,13.58649,0.955608,3,0,14,0,2,0,2,35.60364621033194,75.72709977879157,69.64123028029817,,0.1212121212121212,0.2073170731707317,0.1481481481481481,
2710,2,0,1,10.445,127,190,183889,138025,-1,427855,未知,Call,620577,449.26,Miscellaneous Goods,0,B,Receiver,1231,59.80688,0.999414,36626,36.97583,0.999973,0,0,14,1,6,0,2,59.84735359218162,47.29286625931772,83.80393880479427,168.94357385417013,0.1397849462365591,0.1052631578947368,0.2442307692307692,0.5
2711,2,1,0,49.328,19,13,115369,361836,-1,85297,Pickup Error,Call,-31255,1597.91,Hardware,-1,C,Consigner,57151,23.39501,0.951658,645694,16.51411,0.990202,3,0,9,0,0,0,2,9.293604846134908,58.69138621086622,27.238909491723955,15.4975227229613,0.0,0.0909090909090909,0.3333333333333333,0.0
2712,2,0,1,0.0,179,117,160640,252142,-1,427863,Suspected Lost,Internal Software,1826957,175.27,Miscellaneous Goods,0,C,Consigner,126093,26.90524,0.992998,607976,0.0,0.99102,5,2,14,0,6,0,2,56.8349237193444,66.62484724143525,3.3008680827278085,0.0,0.1497584541062802,0.0689655172413793,0.3333333333333333,0.0
2713,1,1,0,13.395,3,221,51805,131135,-1,427823,Pickup Error,Call,172258,579.52,Home Improvement and Building Material,0,B,Consigner,794123,2.408602,0.969665,1400443,0.0,0.975508,3,0,10,0,3,0,2,41.966021036266106,124.92080405843552,0.0,1.6375191280722026,0.1538461538461538,0.3333333333333333,0.0,2.0
2714,2,1,0,10.728,246,319,104224,11572,-1,427829,未知,Vendor Consultation,707612,124.51,Dried Groceries,-1,C,Consigner,1451255,0.0,0.988248,1157703,0.0,0.972786,0,6,5,0,6,0,2,87.28839398654806,150.86048986331326,157.72602168073038,0.0,0.1666666666666666,0.275,0.0,0.0
2715,2,0,0,57.431,178,83,175894,429958,-1,427848,Suspected Lost,Call,337043,185.42,Miscellaneous Goods,-1,C,Receiver,187681,7.302905,0.991558,563513,27.66402,0.852083,5,0,14,1,5,0,2,59.71452989301516,65.91514331433044,68.87205387205387,0.0,0.1660079051383399,0.1290322580645161,0.0,0.0
2716,2,0,0,273.667,88,211,15877,279779,-1,427853,未知,Vendor Consultation,-15200,576.05,Miscellaneous Goods,0,B,Consigner,20486,0.706411,0.997056,71112,6.687084,0.971398,0,6,14,0,0,0,2,116.52863038936586,74.44213332427378,46.97040480882532,118.82084095063983,0.0925925925925925,0.2777777777777778,0.1827956989247312,2.0
2717,2,1,0,75.04,0,13,182022,443414,-1,427669,Damage,Call,460254,141.01,Dried Groceries,0,C,Consigner,1093458,4.659764,0.970099,1159576,0.0,0.989739,1,0,5,0,5,0,2,57.22795965470159,58.69138621086622,172.11868320297572,145.96996753330433,0.1678082191780822,0.0909090909090909,0.55,1.0
2718,2,1,0,279.633,27,178,171158,448280,-1,427846,未知,Internal Software,-19420,838.04,Jewelry,0,Not Known,Receiver,1608,85.4102,0.948973,216732,44.57585,0.987446,0,2,12,1,0,0,2,94.032370683866,75.72709977879157,0.0,0.0,0.0983606557377049,0.2073170731707317,0.0,0.0
2719,2,0,0,298.845,44,88,181725,222043,-1,427863,Suspected Lost,Internal Software,-70031,229.27,Miscellaneous Goods,0,C,Receiver,302402,17.58629,0.980084,264625,5.855054,0.801239,5,2,14,1,0,0,2,54.68123268224992,79.74310528281981,4.773632452774989,476.32,0.1818181818181818,0.2061855670103092,0.0,0.0
2720,5,1,0,43.662,1,108,300000,300000,-1,427864,Pickup Error,Vendor Consultation,651000000,3706.48,Jewelry,-1,B,Consigner,144000000,23.08153,0.988119,7660000000,87.68783,0.98926,3,6,12,0,6,0,2,69.06443164317325,84.18931730634625,37.641990060787286,163.30068855149273,0.1802721088435374,0.16,0.52,0.5474358974358975
2721,2,0,0,417.506,243,190,120836,325932,-1,35330,Damage,Internal Software,1172573,267.73,Electronic Product,-1,B,Consigner,105732,38.87407,0.976127,544772,4.868431,0.966403,1,2,6,0,6,0,2,104.36248190748378,47.29286625931772,2.396910183809256,53.98777229710213,0.1923076923076923,0.1052631578947368,0.0,0.0
2722,2,0,0,35.193,0,152,183889,222089,-1,24226,未知,Call,2051817,602.63,Electronic Product,0,B,Consigner,1729164,78.12657,0.888386,206312,16.51649,0.928877,0,0,6,0,6,0,2,57.22795965470159,64.80066655532329,83.80393880479427,16.65045727074296,0.1678082191780822,0.1458333333333333,0.2442307692307692,1.0
2723,2,1,0,43.887,191,291,104010,446847,-1,427864,未知,Internal Software,156745,127.36,Furniture,0,C,Receiver,3427,82.21624,0.989644,47736,67.10424,0.925911,0,2,8,1,3,0,2,165.79061632765183,67.74750724681486,8.963104325699746,3.901392992007976,0.4166666666666667,0.4782608695652174,0.0,0.0
2724,2,0,0,75.506,88,11,145671,351459,-1,427781,未知,Call,-82027,817.77,Alcohol,0,C,Receiver,146370,9.071832,0.986587,271447,28.62724,0.932269,0,0,0,1,0,0,2,116.52863038936586,31.253102632101324,,60.695408991212354,0.0925925925925925,0.0476190476190476,,0.0
2725,2,1,1,270.178,95,110,177755,88063,-1,-84079,未知,Mini Program,16198,120.4,Maternity & Baby Products,-1,C,Unknown,368264,38.10699,0.986094,1849149,0.0,0.924464,0,4,13,3,2,0,2,81.89649653587233,63.258594293395895,22.99856119922372,0.0,0.3333333333333333,0.1219512195121951,0.0,0.0
2726,2,0,0,59.343,101,212,144080,17439,-1,-58242,未知,Call,925631,667.39,Appliances,0,B,Consigner,46578,42.50082,0.991781,28436,47.82011,0.996282,0,0,2,0,6,0,2,94.6704948186992,133.2668484517222,8.368974954927559,0.0,0.2333333333333333,0.36,0.0,0.0
2727,2,0,0,411.927,193,146,187319,242321,-1,427739,未知,Call,324982,405.69,Miscellaneous Goods,-1,B,Consigner,264802,14.87134,0.988753,803528,19.94787,0.964103,0,0,14,0,5,0,2,99.9740257904606,100.44850004559429,211.3608413573788,0.0,0.2307692307692307,0.1071428571428571,0.5,0.0
2728,2,0,0,1322.717,70,189,85626,347071,-1,427625,Damage,Call,2208649,646.84,Miscellaneous Goods,-1,C,Consigner,50803,32.52529,0.990014,19079,60.81949,0.997357,1,0,14,0,6,0,2,2.083504343902538,58.29261195317029,4.537045501875103,5.526199080518317,0.0,0.1521739130434782,0.0,0.0
2729,2,0,0,465.089,100,50,227346,300000,-1,423295,Pickup Error,Call,316000000,3140.65,Beauty & Daily Essentials,1,Not Known,Consigner,4305782,48.02398,0.898876,53978177,18.7086,0.923609,3,0,3,0,6,0,2,57.27817095022288,39.67417888170578,93.95808297694902,163.30068855149273,0.1162790697674418,0.1666666666666666,0.2585987261146497,0.5474358974358975
2730,2,0,0,280.156,117,4,138540,178682,-1,35872,Damage,Call,-39471,953.38,Hardware,-1,C,Receiver,5109,28.3563,0.999994,930697,24.74764,0.999935,1,0,9,1,0,0,2,57.51283596595224,81.2740685764068,,0.0,0.1052631578947368,0.2439024390243902,,0.0
2731,2,0,0,6.641,196,64,300000,300000,-1,427864,未知,Call,978000000,1520.28,Pharmaceuticals,-1,C,Consigner,42920686,0.228787,0.990671,468000000,0.219256,0.986118,0,0,15,0,6,0,2,25.80494767740001,57.77796915034717,37.641990060787286,163.30068855149273,0.2666666666666666,0.2,0.52,0.5474358974358975
2732,2,1,0,471.972,113,28,89153,240989,-1,427697,Pickup Error,Internal Software,-42435,723.08,Pharmaceuticals,0,B,Consigner,12425,62.93264,0.996522,451032,12.95302,0.888762,3,2,15,0,0,0,2,36.24779227893041,22.12545076564436,0.0,16.42897080554335,0.0909090909090909,0.2857142857142857,0.0,0.0
2733,2,0,0,0.859,179,222,140887,28151,-1,427727,未知,Call,608136,419.17,Maternity & Baby Products,-1,B,Consigner,14137,45.98855,0.9779,241872,16.71965,0.912621,0,0,13,0,6,0,2,56.8349237193444,77.81584876066215,0.0,24.282839370654955,0.1497584541062802,0.1598173515981735,0.0,1.0
2734,2,0,0,729.802,11,1,87742,12901,-1,427790,Pickup Error,Call,15569,1031.52,Jewelry,0,B,Consigner,1899609,91.37487,0.995544,64983,50.4244,0.9971,3,0,12,0,2,0,2,46.140341664130425,69.89628878079544,1.1134010449144094,0.4661218347762333,0.1724137931034483,0.12,0.0,1.0
2735,2,1,0,22.2,159,4,38496,300000,-1,427864,未知,Call,404000000,2036.66,Miscellaneous Goods,-1,C,Receiver,6607126,35.01875,0.999882,266000000,6.303079,0.967192,0,0,14,1,6,0,2,48.56404114139817,81.2740685764068,48.405517965292255,163.30068855149273,0.4210526315789473,0.2439024390243902,0.4545454545454545,0.5474358974358975
2736,2,0,0,0.0,27,178,181286,34206,-1,195980,Damage,Call,-68581,340.99,Hardware,-1,B,Receiver,431206,38.49912,0.982552,740217,72.83529,0.939102,1,0,9,1,0,0,2,94.032370683866,75.72709977879157,6.6965473813784415,0.0,0.0983606557377049,0.2073170731707317,0.3333333333333333,0.0
2737,2,0,0,46.805,106,187,188562,414147,-1,427810,Suspected Lost,Call,700082,936.18,Pharmaceuticals,-1,C,Consigner,276952,4.877554,0.967926,120568,11.13531,0.995405,5,0,15,0,6,0,2,36.14329446399336,71.38613126413931,13.256705186604082,38.78527020564323,0.2692307692307692,0.1777777777777777,0.3076923076923077,0.0
2738,2,0,1,0.0,312,143,160143,13467,1,427851,未知,Internal Software,-81975,105.57,Dried Groceries,1,B,Receiver,943151,19.5845,0.982695,442199,14.90535,0.941654,0,2,5,1,0,0,2,6.513179064997686,101.9632107476282,25.184185653370843,101.19584160267311,0.3333333333333333,0.2075471698113207,0.0,0.0
2739,2,0,0,894.322,121,97,72968,217387,-1,-110522,Pickup Error,Mini Program,146314,130.39,Maternity & Baby Products,0,B,Consigner,55268,26.26464,0.99482,359008,12.72884,0.997399,3,4,13,0,3,0,2,13.574390773595596,13.791098319222607,0.0,0.0,0.0,0.0,0.0,0.0
2740,2,0,0,42.142,42,96,75139,304130,-1,427847,Shipping Error,Internal Software,581704,1440.53,Documents & Bills,0,B,Consigner,449882,56.59442,0.958733,51749,17.28123,0.993921,4,2,4,0,5,0,2,106.19017586084024,114.16873400512304,2.549022790727875,31.843439966093637,0.145631067961165,0.2,0.0,0.0
2741,2,1,0,7.03,190,211,11822,369430,-1,427741,Pickup Error,Internal Software,69197,447.09,Dried Groceries,-1,C,Consigner,46859,3.49667,0.961986,89065,15.02698,0.896707,3,2,5,0,2,0,2,73.48402451815683,74.44213332427378,0.0,4.227431474230078,0.1560693641618497,0.2777777777777778,0.0,0.0
2742,2,0,0,2.24,157,45,187135,89886,-1,-50732,未知,Vendor Consultation,823693,543.58,Miscellaneous Goods,-1,Not Known,Consigner,32887,25.89979,0.992382,238884,14.99143,0.993378,0,6,14,0,6,0,2,52.75232409840045,7.655753911977452,0.0,0.0,0.2391304347826087,0.125,0.0,0.0
2743,2,0,0,82.138,11,199,224078,398109,-1,427848,Suspected Lost,Call,26058,375.33,Miscellaneous Goods,-1,B,Unknown,886758,7.997157,0.997215,45389,24.49574,0.995944,5,0,14,3,2,0,2,46.140341664130425,65.33437063477945,1.4191019955819244,5.688992187690136,0.1724137931034483,0.3513513513513513,0.0,0.0
2744,2,0,0,20.266,314,55,178910,285810,1,7279,未知,Vendor Consultation,-525,147.89,Appliances,0,B,Consigner,929749,58.0776,0.996102,321457,6.431947,0.969734,0,6,2,0,0,0,2,114.58829809756544,119.73828509963953,,15.7188414838634,0.0,0.1538461538461538,,0.0
2745,1,0,0,211.887,4,190,187888,7751,-1,427864,Damage,Call,-65822,541.01,Alcohol,-1,B,Consigner,38607,5.77437,0.970062,141370,43.18735,0.988934,1,0,0,0,0,0,2,60.02737754693536,47.29286625931772,56.57647470954619,0.0,0.1592356687898089,0.1052631578947368,0.1428571428571428,0.0
2746,2,0,0,147.674,10,88,183889,115146,-1,427715,Pickup Error,Call,241130,1707.3,Miscellaneous Goods,0,C,Staff,500600,17.99403,0.949101,351656,0.431329,0.96347,3,0,14,2,4,0,2,75.08706991822723,79.74310528281981,83.80393880479427,1.819553409776705,0.0952380952380952,0.2061855670103092,0.2442307692307692,1.0
2747,2,0,0,5.332,115,186,199151,223860,-1,-24203,Suspected Lost,Call,237727,171.9,Miscellaneous Goods,-1,C,Consigner,158637,19.71253,0.9793,666213,0.0,0.99087,5,0,14,0,4,0,2,111.8825499384886,126.0016059546157,0.4313760864942881,15.167858996406204,0.4285714285714285,0.125,1.0,0.0
2748,3,0,0,271.404,222,265,60426,153787,-1,427864,Pickup Error,Call,75513,186.78,Home Improvement and Building Material,-1,B,Unknown,1325794,3.964305,0.969267,4971,71.59792,0.987348,3,0,10,3,2,0,2,44.00935888510234,47.01000912481557,0.0,0.0,0.173469387755102,0.0,0.0,0.0
2749,2,1,0,408.189,116,7,22914,241265,-1,427860,未知,Internal Software,1480168,335.19,Miscellaneous Goods,-1,B,Consigner,1957,12.15686,0.981321,1154832,1.110183,0.946898,0,2,14,0,6,0,2,6.019370733152779,92.30255429171878,103.95,3.603978971029803,0.1111111111111111,0.1935483870967742,0.0,0.0
2750,2,1,0,572.857,146,13,150685,289926,-1,427864,Damage,Call,-67444,212.76,Home Improvement and Building Material,0,C,Consigner,180902,11.46423,0.996672,16640,130.7158,0.987647,1,0,10,0,0,0,2,75.50373567911244,58.69138621086622,0.0,2.7634759333069523,0.3,0.0909090909090909,0.0,0.0
2751,2,0,0,409.489,1,0,50216,95816,-1,427801,未知,Call,8826,1116.73,Furniture,0,C,Consigner,141679,119.1931,0.979705,379829,12.88236,0.891848,0,0,8,0,2,0,2,69.06443164317325,75.01688402479252,,157.71537354541073,0.1802721088435374,0.1507692307692307,,0.0
2752,2,0,0,213.737,222,179,204321,116947,-1,427855,未知,Call,26373,515.81,Fresh,1,B,Consigner,9157,3.899868,0.979409,655842,10.0846,0.887938,0,0,7,0,2,1,1,44.00935888510234,49.485349035609424,2.818067429833656,5.779656121254504,0.173469387755102,0.17578125,0.0,0.0
2753,2,0,0,72.133,94,132,172274,100363,-1,427853,Damage,Internal Software,410681,696.35,Fresh,0,B,Consigner,783340,142.9191,0.9974,226085,10.27829,0.944197,1,2,7,0,5,1,1,53.703811704376186,56.88193748364041,51.65060418713632,106.01626449390642,0.1428571428571428,0.1636363636363636,0.0,0.0
2754,2,0,0,53.76,100,291,105473,163291,-1,427864,Pickup Error,Call,1551075,661.17,Maternity & Baby Products,0,Not Known,Consigner,122076,47.53008,0.996661,156905,36.03981,0.968369,3,0,13,0,6,0,2,57.27817095022288,67.74750724681486,0.8458901252567306,6.260457876645696,0.1162790697674418,0.4782608695652174,0.0,0.0
2755,2,0,0,25.449,1,42,14084,3296,-1,427839,Pickup Error,Call,163717,1768.1,Miscellaneous Goods,-1,B,Unknown,31904,37.90858,0.92078,201593,11.83316,0.997794,3,0,14,3,3,0,2,69.06443164317325,47.89018349830656,69.64123028029817,0.0,0.1802721088435374,0.0571428571428571,0.1481481481481481,0.0
2756,2,0,0,75.921,96,178,114441,153084,-1,427860,Damage,Call,-68252,2178.83,Dried Groceries,-1,C,Receiver,429239,20.68464,0.992636,233722,53.03599,0.999352,1,0,5,1,0,0,2,94.34474150468614,75.72709977879157,0.0,0.0,0.1764705882352941,0.2073170731707317,0.0,0.0
2757,2,0,0,34.934,174,178,183889,232954,-1,427862,未知,Internal Software,1119849,575.19,Pharmaceuticals,0,B,Consigner,610229,2.028942,0.985539,261472,8.099055,0.974489,0,2,15,0,6,0,2,115.5567923728695,75.72709977879157,83.80393880479427,0.0,0.0,0.2073170731707317,0.2442307692307692,0.0
2758,2,0,0,874.292,2,350,181672,322830,-1,427830,未知,Vendor Consultation,52712,251.84,Documents & Bills,-1,C,Receiver,5980,48.38084,0.985985,1337373,9.024826,0.99439,0,6,4,1,2,0,2,56.04468495785089,9.079521678213355,274.2792605181726,38.01287367215575,0.0935960591133004,0.0,0.0,0.0
2759,2,0,0,105.681,190,0,226558,57840,-1,427864,Damage,Call,281040,865.1,Jewelry,0,B,Unknown,25724,54.61777,0.999212,209613,33.12827,0.894909,1,0,12,3,5,0,2,73.48402451815683,75.01688402479252,99.90502183659396,0.0,0.1560693641618497,0.1507692307692307,0.2,0.0
2760,2,0,0,553.232,192,190,32559,26955,-1,427737,未知,Call,1601,437.26,Miscellaneous Goods,-1,B,Consigner,900831,54.79512,0.945869,69823,4.459647,0.989736,0,0,14,0,2,0,2,57.1901563024116,47.29286625931772,0.6588765438855746,2.2578885240697937,0.1951219512195122,0.1052631578947368,0.0,0.0
2761,2,0,1,11.333,147,26,78040,60524,-1,427860,Damage,Call,17818,102.88,Miscellaneous Goods,-1,B,Consigner,22222,17.24364,0.965557,254456,48.07593,0.999977,1,0,14,0,2,0,2,45.57215363038746,68.6759562379523,5.146709175402572,24.81856144346933,0.2,0.0769230769230769,2.0,0.0
2762,2,0,0,946.798,96,6,185429,393873,-1,427864,Damage,Mini Program,418133,155.27,Furniture,0,B,Consigner,601928,88.36727,0.957526,293330,3.625235,0.947128,1,4,8,0,5,0,2,94.34474150468614,77.94187064631588,3.7616478638340096,53.60996972911163,0.1764705882352941,0.1875,0.0,0.0
2763,2,0,0,4.463,102,132,11974,153224,0,140499,Pickup Error,Call,-72916,181.58,Hardware,0,C,Consigner,17094,17.4561,0.949203,87882,6.091926,0.941225,3,0,9,0,0,0,2,84.99396693620673,56.88193748364041,17.41986327383213,7.291280148423005,0.1518987341772152,0.1636363636363636,0.0,0.0
2764,1,0,0,0.0,111,15,38088,250289,-1,427837,未知,Vendor Consultation,99665,264.72,Home Improvement and Building Material,-1,B,Receiver,50515,22.71366,0.992014,791255,14.44438,0.991806,0,6,10,1,3,0,2,55.72588842983137,76.467556088998,189.4617954933584,4.84105850420514,0.0384615384615384,0.1296296296296296,0.3333333333333333,0.0
2765,2,0,1,7.608,178,198,143570,86176,-1,-12540,Damage,Internal Software,215067,122.31,Household Goods,-1,Not Known,Consigner,286513,0.641595,0.999999,744285,19.55132,0.953313,1,2,11,0,4,0,2,59.71452989301516,27.951849133840675,,1.0541853412415123,0.1660079051383399,0.09375,,2.0
2766,1,0,0,245.287,94,187,137790,324546,-1,427844,Pickup Error,Call,256487,207.77,Fresh,-1,B,Receiver,789741,39.5288,0.98937,195282,3.424075,0.996409,3,0,7,1,4,1,1,53.703811704376186,71.38613126413931,16.02510900933162,0.0,0.1428571428571428,0.1777777777777777,0.0,0.0
2767,2,1,0,80.509,25,188,124322,233517,-1,427849,未知,Call,-52469,538.7,Miscellaneous Goods,-1,Not Known,Receiver,526418,0.586387,0.917435,75639,1.341441,0.969469,0,0,14,1,0,0,2,88.8237010925776,81.19796947313277,4.88905669745839,43.4074292836538,0.1843137254901961,0.1052631578947368,0.0,0.0
2768,2,0,0,111.064,100,268,109503,208910,-1,-21839,Damage,Mini Program,217427,1335.62,Hardware,-1,B,Receiver,55442,17.45598,0.977141,180870,17.82039,0.986283,1,4,9,1,4,0,2,57.27817095022288,130.15540902762945,,77.0815633937083,0.1162790697674418,0.2727272727272727,,0.0
2769,2,1,0,243.922,162,263,198058,300000,-1,424936,未知,Call,627000000,3807.45,Miscellaneous Goods,-1,C,Consigner,18120,36.9087,0.979491,913317,0.045572,0.929751,0,0,14,0,6,0,2,85.80271992814488,50.74917507594517,43.33347943050635,163.30068855149273,0.2352941176470588,0.0,0.3684210526315789,0.5474358974358975
2770,5,0,0,0.267,131,125,38349,241239,-1,4944,Suspected Lost,Internal Software,380933,384.72,Miscellaneous Goods,-1,C,Consigner,178872,0.0,0.966625,294084,9.728655,0.998886,5,2,14,0,5,0,2,25.28414948621409,73.66751450015366,219.49,0.0,0.3529411764705882,0.1523809523809524,0.0,0.0
2771,2,0,0,24.566,100,190,168479,379031,-1,427864,Suspected Lost,Internal Software,22620,136.77,Furniture,0,C,Consigner,567824,12.56689,0.992148,539025,13.14964,0.990792,5,2,8,0,2,0,2,57.27817095022288,47.29286625931772,8.050551785878632,55.739320695685855,0.1162790697674418,0.1052631578947368,0.0,0.1428571428571428
2772,2,0,0,409.08,264,101,162794,202493,-1,427779,Suspected Lost,Call,60294,415.29,Jewelry,0,B,Consigner,624406,0.8429,0.996517,1229589,10.59715,0.910478,5,0,12,0,2,0,2,10.196754333140523,58.58878798840541,32.37427466150871,65.53958157173476,0.0,0.1323529411764706,0.0,0.0
2773,2,0,0,338.942,25,214,202346,251142,-1,-13345,未知,Call,71354,2209.79,Miscellaneous Goods,-1,B,Consigner,954774,0.0,0.929258,22967,7.20075,0.972901,0,0,14,0,2,0,2,88.8237010925776,3.584323334857046,807.43,,0.1843137254901961,0.2857142857142857,0.0,
2774,2,1,0,699.61,110,191,64534,78082,-1,427853,未知,Internal Software,425378,1206.17,Dried Groceries,1,C,Unknown,151959,2.981183,0.991283,359766,4.031276,0.987097,0,2,5,3,5,0,2,110.78491220508148,73.86479360994409,0.0,7.903149851349996,0.2539682539682539,0.25,0.0,0.0
2775,2,0,0,194.006,278,130,3801,55043,-1,427864,未知,Internal Software,973038,720.91,Miscellaneous Goods,0,B,Consigner,37051,1.993324,0.989227,23337,3.392612,0.980609,0,2,14,0,6,0,2,86.14768587401899,42.32195994529707,6.685141790730633,2.6595682667686544,0.2307692307692307,0.125,0.0,0.0
2776,2,0,0,0.459,226,197,139099,105742,-1,-103013,未知,Call,-48244,751.87,Fresh,-1,C,Receiver,38360,33.45601,0.999821,31909,32.89855,0.989104,0,0,7,1,0,1,1,26.215935350622463,63.769979151069016,23.824346859366315,,0.0,0.208955223880597,1.0,
2777,2,0,0,542.88,207,134,15877,453223,-1,427546,未知,Internal Software,-38716,715.73,Miscellaneous Goods,0,C,Consigner,85080,10.8082,0.995219,527982,0.0,0.983104,0,2,14,0,0,0,2,74.1529936661414,46.10167247042128,46.97040480882532,2.605644360986223,0.4594594594594595,0.0869565217391304,0.1827956989247312,0.5
2778,2,0,0,1.293,56,0,223753,399479,-1,427859,Damage,Internal Software,92392,162.16,Miscellaneous Goods,-1,C,Consigner,162850,70.06731,0.999717,625305,12.04832,0.996943,1,2,14,0,3,0,2,56.811578165689504,75.01688402479252,10.44857907571553,156.829644879053,0.0833333333333333,0.1507692307692307,0.25,1.0
2779,2,0,0,929.363,2,0,20457,353383,1,427818,Damage,Call,211887,427.23,Miscellaneous Goods,-1,B,Receiver,185418,52.49192,0.988245,93609,16.35103,0.998679,1,0,14,1,4,0,2,56.04468495785089,75.01688402479252,57.51843087476304,92.03667273831208,0.0935960591133004,0.1507692307692307,0.1,1.0
2780,2,1,0,15.496,22,254,162174,255057,-1,427854,Damage,Vendor Consultation,-53992,165.32,Home Improvement and Building Material,1,B,Receiver,6548,3.027938,0.953669,922022,0.0,0.916269,1,6,10,1,0,0,2,196.6185309081795,18.67379554999849,0.0,0.0,0.1818181818181818,0.0,0.0,0.0
2781,2,0,0,0.0,134,275,187931,243043,-1,427862,未知,Internal Software,-50081,126.63,Electronic Product,-1,C,Receiver,242274,0.0,0.950574,161029,3.587641,0.992268,0,2,6,1,0,0,2,42.53778943894619,137.5267398927502,106.87035507844756,0.2510053850337426,0.1538461538461538,0.1428571428571428,0.0,0.0
2782,2,0,0,89.602,102,178,227346,434673,-1,-11746,Pickup Error,Internal Software,827906,450.12,Hardware,-1,B,Consigner,76982,57.37487,0.99983,331130,12.5375,0.988492,3,2,9,0,6,0,2,84.99396693620673,75.72709977879157,93.95808297694902,13.043409629044987,0.1518987341772152,0.2073170731707317,0.2585987261146497,0.0
2783,2,0,0,102.477,13,206,73757,228355,-1,427836,未知,Vendor Consultation,1603449,1589.24,Furniture,0,B,Consigner,395055,0.0,0.961906,202338,9.088055,0.969691,0,6,8,0,6,0,2,117.72169897217258,37.75053008790583,31.097742042013387,0.0,0.2748538011695906,0.0,0.0,0.0
2784,2,1,0,26.995,169,271,227346,300000,-1,-85405,未知,Internal Software,695000000,2871.49,Home Improvement and Building Material,0,C,Consigner,30437,15.55128,0.960821,6830000000,1.986154,0.961134,0,2,10,0,6,0,2,79.91551653024653,24.09621176644301,93.95808297694902,163.30068855149273,0.4285714285714285,0.3448275862068966,0.2585987261146497,0.5474358974358975
2785,2,1,0,2804.598,13,2,9467,33941,-1,78856,Suspected Lost,Internal Software,281883,2316.97,Hardware,0,C,Receiver,6848,31.56333,0.931703,135862,23.24091,0.973447,5,2,9,1,5,0,2,117.72169897217258,93.3192184944359,5.767048977702099,0.0,0.2748538011695906,0.1111111111111111,0.0,0.0
2786,2,0,0,65.393,132,0,101157,222533,-1,427770,Pickup Error,Call,2201008,910.7,Miscellaneous Goods,-1,C,Consigner,1324778,7.344669,0.9607,1835153,0.0,0.942721,3,0,14,0,6,0,2,52.70819341651338,75.01688402479252,6.465556643379199,3.2957918565998563,0.2071428571428571,0.1507692307692307,0.5,0.0
2787,1,1,0,278.112,244,135,227346,47415,-1,427849,未知,Call,-60658,953.53,Furniture,-1,Not Known,Consigner,1514,3.367953,0.866728,571952,15.77406,0.99938,0,0,8,0,0,0,2,62.08371497907519,125.17131951667804,93.95808297694902,0.0,0.1346153846153846,0.3414634146341463,0.2585987261146497,0.0
2788,2,0,0,209.593,0,307,227346,38425,-1,427527,未知,Call,2598309,984.99,"Apparel, Footwear & Accessories",0,B,Staff,439968,127.7973,0.999762,6883,36.90041,0.99209,0,0,1,2,6,0,2,57.22795965470159,107.26414159528828,93.95808297694902,0.0,0.1678082191780822,0.4666666666666667,0.2585987261146497,0.0
2789,5,0,0,1233.778,222,246,216311,135712,-1,152464,Damage,Internal Software,1223355,1027.54,Hardware,-1,B,Consigner,391453,22.51234,0.827476,143736,32.70948,0.983555,1,2,9,0,6,0,2,44.00935888510234,81.33591719373736,1.9832875932062968,25.30191600541901,0.173469387755102,0.4318181818181818,0.0,0.0
2790,2,1,0,0.0,278,24,170634,236538,-1,427854,未知,Internal Software,244748,339.8,Miscellaneous Goods,-1,C,Receiver,656580,0.31415,0.960559,612276,3.379439,0.856405,0,2,14,1,4,0,2,86.14768587401899,42.55871986045592,22.23446390193816,0.0,0.2307692307692307,0.3181818181818182,0.5,0.0
2791,2,0,0,7.147,113,26,14084,390605,-1,427821,未知,Call,693819,775.0,Beauty & Daily Essentials,-1,B,Consigner,88792,8.905948,0.99999,588547,9.073928,0.988932,0,0,3,0,6,0,2,36.24779227893041,68.6759562379523,69.64123028029817,0.0,0.0909090909090909,0.0769230769230769,0.1481481481481481,0.0
2792,2,0,0,443.404,1,168,182022,398101,-1,427831,Damage,Call,-7048,196.61,Beauty & Daily Essentials,-1,C,Receiver,364377,1.155037,0.98403,637805,0.064872,0.999907,1,0,3,1,0,0,2,69.06443164317325,122.833580311983,172.11868320297572,0.0,0.1802721088435374,0.2608695652173913,0.55,0.0
